id,type,rank,dailyPriority,term,chinese,partOfSpeech,theme,ipa,syllables,exampleEnglish,exampleChinese,sourceTitle,sourceDoi,sourceType,sourceSlides,documentFrequency,corpusFrequency
ME-W001,word,1,1,protein,蛋白质,noun,proteomics,/ˈpɹəʊ.ti.ɪn/,pro·tein,We discussed the role of protein in quantitative proteomics.,我们讨论了蛋白质在定量蛋白质组学中的作用。,Amino acid and viral binding by the high-affinity Cationic Amino acid Transporter 1 (CAT1) from Mus musculus.,10.1038/s41467-026-69421-0,,,198,371
ME-W002,word,2,1,cell,细胞,noun,cell-biology,/sɛl/,cell,We discussed the role of cell in cellular pathways.,我们讨论了细胞在细胞通路中的作用。,Analytical challenges for mapping non-canonical and non-protein ubiquitin/Ubl modifications by mass spectrometry.,10.1080/14789450.2026.2624128,,,147,274
ME-W003,word,3,1,activity,活性,noun,methods,/ækˈtɪv.ɪ.ti/,activ·ity,We discussed the role of activity in the experimental workflow.,我们讨论了活性在实验流程中的作用。,Pervasive phenotypic effects of FBXO42 are promoted by regulation of PP4 phosphatase.,10.1038/s44318-025-00675-y,,,105,159
ME-W004,word,4,1,expression,表达,noun,molecular-biology,/əkˈspɹɛʃ.n̩/,ex·pres·sion,We discussed the role of expression in molecular regulation.,我们讨论了表达在分子调控中的作用。,Spatial protein expression patterns across pathologically-associated fibers revealed molecular specialization in inclusion body myositis.,10.1186/s12964-026-02720-7,,,85,146
ME-W005,word,5,1,function,功能,noun,molecular-biology,/ˈfʌŋ(k)ʃən/,func·tion,We discussed the role of function in molecular regulation.,我们讨论了功能在分子调控中的作用。,Amino acid and viral binding by the high-affinity Cationic Amino acid Transporter 1 (CAT1) from Mus musculus.,10.1038/s41467-026-69421-0,,,80,99
ME-W006,word,6,1,ubiquitin,泛素,noun,ubiquitin,/juːˈbɪkwɪtɪn/,ubi·quitin,We discussed the role of ubiquitin in ubiquitin and protease biology.,我们讨论了泛素在泛素和蛋白酶生物学中的作用。,Analytical challenges for mapping non-canonical and non-protein ubiquitin/Ubl modifications by mass spectrometry.,10.1080/14789450.2026.2624128,,,71,152
ME-W007,word,7,1,response,反应,noun,immunology,/ɹɪˈspɒns/,re·sponse,We discussed the role of response in immune responses.,我们讨论了反应在免疫反应中的作用。,Multidimensional proteomics and explainable AI feature selection identify cross-platform lung cancer molecular signature in blood plasma.,10.1038/s43856-026-01701-8,,,71,112
ME-W008,word,8,1,binding,结合,noun,molecular-biology,/ˈbaɪndɪŋ/,bind·ing,We discussed the role of binding in molecular regulation.,我们讨论了结合在分子调控中的作用。,Amino acid and viral binding by the high-affinity Cationic Amino acid Transporter 1 (CAT1) from Mus musculus.,10.1038/s41467-026-69421-0,,,64,120
ME-W009,word,9,1,target,靶点,noun,drug-discovery,/ˈtɑː.ɡɪt/,tar·get,We discussed the role of target in target discovery.,我们讨论了靶点在靶点发现中的作用。,USP24 is a cross-reactive DUB targeting MOV10 to regulate IFN-I production.,10.1038/s41467-026-74490-2,,,66,96
ME-W010,word,10,1,gene,基因,noun,molecular-biology,/d͡ʒiːn/,gene,We discussed the role of gene in molecular regulation.,我们讨论了基因在分子调控中的作用。,USP24 is a cross-reactive DUB targeting MOV10 to regulate IFN-I production.,10.1038/s41467-026-74490-2,,,63,102
ME-W011,word,11,1,activation,激活,noun,cell-biology,/ˌæktɪˈveɪʃn̩/,ac·tiv·a·tion,We discussed the role of activation in cellular pathways.,我们讨论了激活在细胞通路中的作用。,USP24 is a cross-reactive DUB targeting MOV10 to regulate IFN-I production.,10.1038/s41467-026-74490-2,,,57,99
ME-W012,word,12,1,proteomics,蛋白质组学,noun,proteomics,/ˌprəʊtiˈɒmɪks/,pro·teo·m·ics,We discussed the role of proteomics in quantitative proteomics.,我们讨论了蛋白质组学在定量蛋白质组学中的作用。,Multidimensional proteomics and explainable AI feature selection identify cross-platform lung cancer molecular signature in blood plasma.,10.1038/s43856-026-01701-8,,,56,81
ME-W013,word,13,1,inhibition,抑制,noun,drug-discovery,/ɪnhɪˈbɪʃən/,in·hib·i·tion,We discussed the role of inhibition in target discovery.,我们讨论了抑制在靶点发现中的作用。,Ubiquitin E3 ligase KLHL6 brings exhausted T-cells back into action.,10.1007/s44466-026-00032-6,,,54,94
ME-W014,word,14,1,regulation,调控,noun,molecular-biology,/ˌɹɛɡjʊˈleɪʃən/,reg·u·la·tion,We discussed the role of regulation in molecular regulation.,我们讨论了调控在分子调控中的作用。,Pervasive phenotypic effects of FBXO42 are promoted by regulation of PP4 phosphatase.,10.1038/s44318-025-00675-y,,,54,72
ME-W015,word,15,1,enzyme,酶,noun,protease,/ˈɛn.zaɪm/,en·zyme,We discussed the role of enzyme in protease activity and substrate cleavage.,我们讨论了酶在蛋白酶活性与底物切割中的作用。,Activity-based protein profiling reveals both canonical and novel ubiquitin pathway enzymes in Plasmodium.,10.1371/journal.ppat.1013032,,,53,78
ME-W016,word,16,1,pathway,通路,noun,cell-biology,/ˈpɑːθˌweɪ/,path·way,We discussed the role of pathway in cellular pathways.,我们讨论了通路在细胞通路中的作用。,Towards light-coupled sample preparation for time-resolved cryoEM studies.,10.1107/s2052252526005324,,,50,62
ME-W017,word,17,1,mechanism,机制,noun,communication,/ˈmɛk.ə.nɪ.zəm/,mech·an·ism,We discussed the role of mechanism in the interpretation of the results.,我们讨论了机制在结果解读中的作用。,A systems-based approach to uterine fibroids identifies differential splicing associated with abnormal uterine bleeding.,10.1038/s43856-025-01051-x,,,52,64
ME-W018,word,18,1,domain,结构域,noun,molecular-biology,/ˌdəʊˈmeɪ̯n/,do·main,We discussed the role of domain in molecular regulation.,我们讨论了结构域在分子调控中的作用。,Amino acid and viral binding by the high-affinity Cationic Amino acid Transporter 1 (CAT1) from Mus musculus.,10.1038/s41467-026-69421-0,,,45,74
ME-W019,word,19,1,proteome,蛋白质组,noun,proteomics,/ˈprəʊtiəʊm/,pro·teo·me,We discussed the role of proteome in quantitative proteomics.,我们讨论了蛋白质组在定量蛋白质组学中的作用。,TDP-43 pathology is associated with divergent protein profiles in ALS brain and spinal cord.,10.1186/s40478-025-02084-y,,,44,68
ME-W020,word,20,1,sample,样本,noun,methods,/ˈsɑːm.pəl/,sample,We discussed the role of sample in the experimental workflow.,我们讨论了样本在实验流程中的作用。,Towards light-coupled sample preparation for time-resolved cryoEM studies.,10.1107/s2052252526005324,,,11,17
ME-W021,word,21,1,inhibitor,抑制剂,noun,drug-discovery,/ɪnˈhɪbɪtə/,in·hib·it·or,We discussed the role of inhibitor in target discovery.,我们讨论了抑制剂在靶点发现中的作用。,Structural Dynamics of the Ubiquitin Specific Protease USP30 in Complex with a Cyanopyrrolidine-Containing Covalent Inhibitor.,10.1021/acs.jproteome.4c00618,,,41,66
ME-W022,word,22,1,growth,生长,noun,cell-biology,/ɡɹəʊθ/,growth,We discussed the role of growth in cellular pathways.,我们讨论了生长在细胞通路中的作用。,Targeted delivery of galunisertib using machine perfusion reduces fibrogenesis in an integrated ex vivo renal transplant and fibrogenesis model.,10.1111/bph.16220,,,40,67
ME-W023,word,23,1,peptide,肽,noun,mass-spec,/ˈpɛptaɪd/,pep·tide,We discussed the role of peptide in mass-spectrometry experiments.,我们讨论了肽在质谱实验中的作用。,A cytoplasmic motif in HLA-E that drives clathrin-mediated endocytosis and VCP-associated postendocytic trafficking.,10.1073/pnas.2514956122,,,38,82
ME-W024,word,24,1,tissue,组织,noun,cell-biology,/ˈtɪs.juː/,tis·sue,We discussed the role of tissue in cellular pathways.,我们讨论了组织在细胞通路中的作用。,Effect of a Laparoscopic Donor Nephrectomy in Healthy Living Kidney Donors on the Acute Phase Response Using Either Propofol or Sevoflurane Anesthesia.,10.3390/ijms26115196,,,38,81
ME-W025,word,25,1,immune,免疫的,adjective,immunology,/ɪˈmjuːn/,im·mune,This immune change may affect immune responses.,这种免疫的变化可能影响免疫反应。,Multidimensional proteomics and explainable AI feature selection identify cross-platform lung cancer molecular signature in blood plasma.,10.1038/s43856-026-01701-8,,,40,61
ME-W026,word,26,1,residue,残基,noun,molecular-biology,/ˈrezɪdjuː/,residue,We discussed the role of residue in molecular regulation.,我们讨论了残基在分子调控中的作用。,The deubiquitinase TRABID stabilizes the K29/K48-specific E3 ubiquitin ligase HECTD1.,10.1074/jbc.ra120.015162,,,14,18
ME-W027,word,27,1,treatment,治疗,noun,clinical,/ˈtɹiːtmənt/,treat·ment,We discussed the role of treatment in disease mechanisms.,我们讨论了治疗在疾病机制中的作用。,SLC45A4 is a pain gene encoding a neuronal polyamine transporter.,10.1038/s41586-025-09326-y,,,37,56
ME-W028,word,28,1,substrate,底物,noun,protease,/ˈsʌbˌstɹeɪt/,sub·strate,We discussed the role of substrate in protease activity and substrate cleavage.,我们讨论了底物在蛋白酶活性与底物切割中的作用。,Amino acid and viral binding by the high-affinity Cationic Amino acid Transporter 1 (CAT1) from Mus musculus.,10.1038/s41467-026-69421-0,,,25,32
ME-W029,word,29,1,modification,修饰,noun,molecular-biology,/ˌmɒdɪfɪˈkeɪʃən/,modi·fic·a·tion,We discussed the role of modification in molecular regulation.,我们讨论了修饰在分子调控中的作用。,Analytical challenges for mapping non-canonical and non-protein ubiquitin/Ubl modifications by mass spectrometry.,10.1080/14789450.2026.2624128,,,37,49
ME-W030,word,30,1,identification,鉴定,noun,mass-spec,/aɪˌdɛntɪfɪˈkeɪʃn̩/,iden·ti·fic·a·tion,We discussed the role of identification in mass-spectrometry experiments.,我们讨论了鉴定在质谱实验中的作用。,A systems-based approach to uterine fibroids identifies differential splicing associated with abnormal uterine bleeding.,10.1038/s43856-025-01051-x,,,37,47
ME-W031,word,31,1,metabolism,代谢,noun,metabolism,/mɪˈtab.ə.lɪz.əm/,meta·bol·ism,We discussed the role of metabolism in cellular metabolism.,我们讨论了代谢在细胞代谢中的作用。,Urine Recirculation During Normothermic Kidney Preservation Improves Energy Balance Involving the Urea and Citric Acid Cycles.,10.1097/txd.0000000000001947,,,35,56
ME-W032,word,32,1,antigen,抗原,noun,immunology,/ˈæntɪdʒən/,an·ti·gen,We discussed the role of antigen in immune responses.,我们讨论了抗原在免疫反应中的作用。,Ubiquitin E3 ligase KLHL6 brings exhausted T-cells back into action.,10.1007/s44466-026-00032-6,,,33,64
ME-W033,word,33,1,signaling,信号传导,noun,cell-biology,/ˈsɪɡnəlɪŋ/,sig·nal·ing,We discussed the role of signaling in cellular pathways.,我们讨论了信号传导在细胞通路中的作用。,Amino acid and viral binding by the high-affinity Cationic Amino acid Transporter 1 (CAT1) from Mus musculus.,10.1038/s41467-026-69421-0,,,32,69
ME-W034,word,34,1,proteasome,蛋白酶体,noun,ubiquitin,/ˈprəʊtiəsəʊm/,pro·tea·some,We discussed the role of proteasome in ubiquitin and protease biology.,我们讨论了蛋白酶体在泛素和蛋白酶生物学中的作用。,Spatial protein expression patterns across pathologically-associated fibers revealed molecular specialization in inclusion body myositis.,10.1186/s12964-026-02720-7,,,31,77
ME-W035,word,35,1,profiling,谱分析,noun,proteomics,/ˈprəʊfaɪlɪŋ/,pro·fil·ing,We discussed the role of profiling in quantitative proteomics.,我们讨论了谱分析在定量蛋白质组学中的作用。,USP24 is a cross-reactive DUB targeting MOV10 to regulate IFN-I production.,10.1038/s41467-026-74490-2,,,33,51
ME-W036,word,36,1,site,位点,noun,molecular-biology,/saɪt/,site,We discussed the role of site in molecular regulation.,我们讨论了位点在分子调控中的作用。,Structural Dynamics of the Ubiquitin Specific Protease USP30 in Complex with a Cyanopyrrolidine-Containing Covalent Inhibitor.,10.1021/acs.jproteome.4c00618,,,27,33
ME-W037,word,37,1,transcription,转录,noun,molecular-biology,/tɹænˈskɹɪpʃən/,tran·scrip·tion,We discussed the role of transcription in molecular regulation.,我们讨论了转录在分子调控中的作用。,SLC45A4 is a pain gene encoding a neuronal polyamine transporter.,10.1038/s41586-025-09326-y,,,32,46
ME-W038,word,38,1,infection,感染,noun,immunology,/ɪnˈfɛkʃən/,in·fec·tion,We discussed the role of infection in immune responses.,我们讨论了感染在免疫反应中的作用。,Ubiquitin E3 ligase KLHL6 brings exhausted T-cells back into action.,10.1007/s44466-026-00032-6,,,29,69
ME-W039,word,39,1,protease,蛋白酶,noun,protease,/ˈpɹəʊtɪeɪz/,pro·tease,We discussed the role of protease in protease activity and substrate cleavage.,我们讨论了蛋白酶在蛋白酶活性与底物切割中的作用。,USP24 is a cross-reactive DUB targeting MOV10 to regulate IFN-I production.,10.1038/s41467-026-74490-2,,,31,49
ME-W040,word,40,1,receptor,受体,noun,cell-biology,/ɹɪˈsɛp.tə/,re·cept·or,We discussed the role of receptor in cellular pathways.,我们讨论了受体在细胞通路中的作用。,Amino acid and viral binding by the high-affinity Cationic Amino acid Transporter 1 (CAT1) from Mus musculus.,10.1038/s41467-026-69421-0,,,31,45
ME-W041,word,41,1,specificity,特异性,noun,methods,/spɛsɪˈfɪsɪti/,spe·cificity,We discussed the role of specificity in the experimental workflow.,我们讨论了特异性在实验流程中的作用。,Cyclin F-EXO1 axis controls cell cycle-dependent execution of double-strand break repair.,10.1126/sciadv.ado0636,,,31,37
ME-W042,word,42,1,processing,加工处理,noun,cell-biology,/ˈpɹəʊsɛsɪŋ/,pro·cessing,We discussed the role of processing in cellular pathways.,我们讨论了加工处理在细胞通路中的作用。,Nuclear Protein Aggregates Disrupt RNA Processing and Alter Biomechanics in a Muscle Cell Model of OPMD.,10.14336/ad.2025.0699,,,29,47
ME-W043,word,43,1,interaction,相互作用,noun,molecular-biology,/ˌɪn.təˈɹæk.ʃən/,in·ter·ac·tion,We discussed the role of interaction in molecular regulation.,我们讨论了相互作用在分子调控中的作用。,USP24 is a cross-reactive DUB targeting MOV10 to regulate IFN-I production.,10.1038/s41467-026-74490-2,,,28,37
ME-W044,word,44,1,degradation,降解,noun,ubiquitin,/ˌdɛɡɹəˈdeɪʃən/,de·grad·a·tion,We discussed the role of degradation in ubiquitin and protease biology.,我们讨论了降解在泛素和蛋白酶生物学中的作用。,Cyclin F-EXO1 axis controls cell cycle-dependent execution of double-strand break repair.,10.1126/sciadv.ado0636,,,27,47
ME-W045,word,45,1,stress,应激,noun,cell-biology,/ˈstɹɛs/,stress,We discussed the role of stress in cellular pathways.,我们讨论了应激在细胞通路中的作用。,Urine Recirculation During Normothermic Kidney Preservation Improves Energy Balance Involving the Urea and Citric Acid Cycles.,10.1097/txd.0000000000001947,,,26,50
ME-W046,word,46,1,repair,修复,noun,molecular-biology,/ɹɪˈpɛə/,re·pair,We discussed the role of repair in molecular regulation.,我们讨论了修复在分子调控中的作用。,Effect of a Laparoscopic Donor Nephrectomy in Healthy Living Kidney Donors on the Acute Phase Response Using Either Propofol or Sevoflurane Anesthesia.,10.3390/ijms26115196,,,25,58
ME-W047,word,47,1,recognition,识别,noun,immunology,/ˌɹɛkəɡˈnɪʃ(ə)n/,re·cog·ni·tion,We discussed the role of recognition in immune responses.,我们讨论了识别在免疫反应中的作用。,Amino acid and viral binding by the high-affinity Cationic Amino acid Transporter 1 (CAT1) from Mus musculus.,10.1038/s41467-026-69421-0,,,27,42
ME-W048,word,48,1,accumulation,积累,noun,cell-biology,/əˌkjuːm.jəˈleɪ.ʃən/,ac·cu·mu·la·tion,We discussed the role of accumulation in cellular pathways.,我们讨论了积累在细胞通路中的作用。,Urine Recirculation During Normothermic Kidney Preservation Improves Energy Balance Involving the Urea and Citric Acid Cycles.,10.1097/txd.0000000000001947,,,29,31
ME-W049,word,49,1,damage,损伤,noun,molecular-biology,/ˈdæmɪd͡ʒ/,dam·age,We discussed the role of damage in molecular regulation.,我们讨论了损伤在分子调控中的作用。,Pervasive phenotypic effects of FBXO42 are promoted by regulation of PP4 phosphatase.,10.1038/s44318-025-00675-y,,,26,45
ME-W050,word,50,1,formation,形成,noun,cell-biology,/fɔːˈmeɪʃ(ə)n/,form·a·tion,We discussed the role of formation in cellular pathways.,我们讨论了形成在细胞通路中的作用。,Driving Therapeutic Innovation in Neurodegenerative Disease With Hydrogen Deuterium eXchange Mass Spectrometry.,10.1016/j.mcpro.2025.101017,,,27,36
ME-W051,word,51,1,inflammation,炎症,noun,immunology,/ɪnfləˈmeɪ̯ʃən/,in·flam·ma·tion,We discussed the role of inflammation in immune responses.,我们讨论了炎症在免疫反应中的作用。,Spatial protein expression patterns across pathologically-associated fibers revealed molecular specialization in inclusion body myositis.,10.1186/s12964-026-02720-7,,,19,28
ME-W052,word,52,1,discovery,发现,noun,drug-discovery,/dɪˈskʌv.ɹi/,dis·cov·ery,We discussed the role of discovery in target discovery.,我们讨论了发现在靶点发现中的作用。,Multidimensional proteomics and explainable AI feature selection identify cross-platform lung cancer molecular signature in blood plasma.,10.1038/s43856-026-01701-8,,,26,33
ME-W053,word,53,1,molecule,分子,noun,molecular-biology,/ˈmɒl.ɪ.kjuːl/,mo·lecule,We discussed the role of molecule in molecular regulation.,我们讨论了分子在分子调控中的作用。,Analytical challenges for mapping non-canonical and non-protein ubiquitin/Ubl modifications by mass spectrometry.,10.1080/14789450.2026.2624128,,,17,19
ME-W054,word,54,1,regulator,调节因子,noun,molecular-biology,/ˈɹɛɡ.jʊ.leɪ.tə/,reg·u·lat·or,We discussed the role of regulator in molecular regulation.,我们讨论了调节因子在分子调控中的作用。,Pervasive phenotypic effects of FBXO42 are promoted by regulation of PP4 phosphatase.,10.1038/s44318-025-00675-y,,,26,31
ME-W055,word,55,1,detection,检测,noun,methods,/dɪˈtɛk.ʃən/,de·tec·tion,We discussed the role of detection in the experimental workflow.,我们讨论了检测在实验流程中的作用。,DEcancer: Machine learning framework tailored to liquid biopsy based cancer detection and biomarker signature selection.,10.1016/j.isci.2023.106610,,,24,41
ME-W056,word,56,1,chromatography,色谱,noun,mass-spec,/ˌkrəʊməˈtɒɡrəfi/,chro·ma·to·graphy,We discussed the role of chromatography in mass-spectrometry experiments.,我们讨论了色谱在质谱实验中的作用。,Towards light-coupled sample preparation for time-resolved cryoEM studies.,10.1107/s2052252526005324,,,25,34
ME-W057,word,57,1,mutation,突变,noun,molecular-biology,/mjuˈteɪʃən/,muta·tion,We discussed the role of mutation in molecular regulation.,我们讨论了突变在分子调控中的作用。,Nuclear Protein Aggregates Disrupt RNA Processing and Alter Biomechanics in a Muscle Cell Model of OPMD.,10.14336/ad.2025.0699,,,18,31
ME-W058,word,58,1,replication,复制,noun,molecular-biology,/ɹɛplɪˈkeɪʃən/,rep·lic·a·tion,We discussed the role of replication in molecular regulation.,我们讨论了复制在分子调控中的作用。,BLM and BRCA1-BARD1 coordinate complementary mechanisms of joint DNA molecule resolution.,10.1016/j.molcel.2023.12.040,,,22,52
ME-W059,word,59,1,phosphorylation,磷酸化,noun,molecular-biology,/ˌfɒsfərɪˈleɪʃən/,phos·phoryla·tion,We discussed the role of phosphorylation in molecular regulation.,我们讨论了磷酸化在分子调控中的作用。,Biallelic FBXW7 knockout induces AKAP8-mediated DNA damage in neighbouring wildtype cells.,10.1038/s41420-023-01494-y,,,22,51
ME-W060,word,60,1,sensitivity,灵敏度,noun,methods,/ˌsɛn.sɪˈtɪv.ɪ.ti/,sens·it·iv·ity,We discussed the role of sensitivity in the experimental workflow.,我们讨论了灵敏度在实验流程中的作用。,SLC45A4 is a pain gene encoding a neuronal polyamine transporter.,10.1038/s41586-025-09326-y,,,24,32
ME-W061,word,61,1,biomarker,生物标志物,noun,clinical,/ˈbaɪəʊˌmɑːkə/,bio·mark·er,We discussed the role of biomarker in disease mechanisms.,我们讨论了生物标志物在疾病机制中的作用。,Multidimensional proteomics and explainable AI feature selection identify cross-platform lung cancer molecular signature in blood plasma.,10.1038/s43856-026-01701-8,,,23,36
ME-W062,word,62,1,cycle,周期,noun,cell-biology,/ˈsaɪ.kəl/,cycle,We discussed the role of cycle in cellular pathways.,我们讨论了周期在细胞通路中的作用。,Amino acid and viral binding by the high-affinity Cationic Amino acid Transporter 1 (CAT1) from Mus musculus.,10.1038/s41467-026-69421-0,,,23,36
ME-W063,word,63,1,plasma,血浆,noun,clinical,/ˈplæzmə/,plasma,We discussed the role of plasma in disease mechanisms.,我们讨论了血浆在疾病机制中的作用。,Multidimensional proteomics and explainable AI feature selection identify cross-platform lung cancer molecular signature in blood plasma.,10.1038/s43856-026-01701-8,,,20,62
ME-W064,word,64,1,ligase,连接酶,noun,ubiquitin,/ˈlɪɡeɪz/,li·g·ase,We discussed the role of ligase in ubiquitin and protease biology.,我们讨论了连接酶在泛素和蛋白酶生物学中的作用。,Pervasive phenotypic effects of FBXO42 are promoted by regulation of PP4 phosphatase.,10.1038/s44318-025-00675-y,,,23,35
ME-W065,word,65,1,sequence,序列,noun,molecular-biology,/ˈsiː.kwəns/,se·quence,We discussed the role of sequence in molecular regulation.,我们讨论了序列在分子调控中的作用。,A cytoplasmic motif in HLA-E that drives clathrin-mediated endocytosis and VCP-associated postendocytic trafficking.,10.1073/pnas.2514956122,,,23,35
ME-W066,word,66,1,survival,存活,noun,clinical,/səˈvaɪ.vəl/,sur·viv·al,We discussed the role of survival in disease mechanisms.,我们讨论了存活在疾病机制中的作用。,Pervasive phenotypic effects of FBXO42 are promoted by regulation of PP4 phosphatase.,10.1038/s44318-025-00675-y,,,22,36
ME-W067,word,67,1,RNA,核糖核酸,abbreviation,molecular-biology,/ˌɑːr en ˈeɪ/,rna,We measured RNA in the selected samples.,我们在所选样本中检测了核糖核酸。,USP24 is a cross-reactive DUB targeting MOV10 to regulate IFN-I production.,10.1038/s41467-026-74490-2,,,22,32
ME-W068,word,68,1,membrane,膜,noun,cell-biology,/ˈmɛm.bɹeɪn/,mem·brane,We discussed the role of membrane in cellular pathways.,我们讨论了膜在细胞通路中的作用。,Amino acid and viral binding by the high-affinity Cationic Amino acid Transporter 1 (CAT1) from Mus musculus.,10.1038/s41467-026-69421-0,,,21,37
ME-W069,word,69,1,component,组分,noun,molecular-biology,/kəmˈpəʊ.nənt/,com·pon·ent,We discussed the role of component in molecular regulation.,我们讨论了组分在分子调控中的作用。,p97/VCP inhibition causes excessive MRE11-dependent DNA end resection promoting cell killing after ionizing radiation.,10.1016/j.celrep.2021.109153,,,16,16
ME-W070,word,70,1,alteration,改变,noun,molecular-biology,/ɒl.tə(ɹ)ˈeɪ.ʃən/,al·ter·a·tion,We discussed the role of alteration in molecular regulation.,我们讨论了改变在分子调控中的作用。,Mechanisms by which Porphyromonas gingivalis evades innate immunity.,10.1371/journal.pone.0182164,,,4,4
ME-W071,word,71,1,mitochondrial,线粒体的,adjective,cell-biology,/ˌmaɪ.təˈkɒn.dɹi.əl/,mi·to·chon·dri·al,This mitochondrial change may affect cellular pathways.,这种线粒体的变化可能影响细胞通路。,Ubiquitin E3 ligase KLHL6 brings exhausted T-cells back into action.,10.1007/s44466-026-00032-6,,,19,54
ME-W072,word,72,1,intracellular,细胞内的,adjective,cell-biology,/ˌɪntrəˈseljʊlə/,in·tra·cel·lu·lar,This intracellular change may affect cellular pathways.,这种细胞内的变化可能影响细胞通路。,Amino acid and viral binding by the high-affinity Cationic Amino acid Transporter 1 (CAT1) from Mus musculus.,10.1038/s41467-026-69421-0,,,22,28
ME-W073,word,73,1,selectivity,选择性,noun,drug-discovery,/sɪˌlekˈtɪvəti/,se·lectiv·ity,We discussed the role of selectivity in target discovery.,我们讨论了选择性在靶点发现中的作用。,Structural Dynamics of the Ubiquitin Specific Protease USP30 in Complex with a Cyanopyrrolidine-Containing Covalent Inhibitor.,10.1021/acs.jproteome.4c00618,,,22,28
ME-W074,word,74,1,abundance,丰度,noun,proteomics,/əˈbʌn.dn̩s/,abund·ance,We discussed the role of abundance in quantitative proteomics.,我们讨论了丰度在定量蛋白质组学中的作用。,TDP-43 pathology is associated with divergent protein profiles in ALS brain and spinal cord.,10.1186/s40478-025-02084-y,,,21,32
ME-W075,word,75,1,structure,结构,noun,molecular-biology,/ˈstɹʌk(t)ʃə/,struc·ture,We discussed the role of structure in molecular regulation.,我们讨论了结构在分子调控中的作用。,Amino acid and viral binding by the high-affinity Cationic Amino acid Transporter 1 (CAT1) from Mus musculus.,10.1038/s41467-026-69421-0,,,21,30
ME-W076,word,76,1,lysine,赖氨酸,noun,ubiquitin,/ˈlaɪsiːn/,lys·ine,We discussed the role of lysine in ubiquitin and protease biology.,我们讨论了赖氨酸在泛素和蛋白酶生物学中的作用。,Amino acid and viral binding by the high-affinity Cationic Amino acid Transporter 1 (CAT1) from Mus musculus.,10.1038/s41467-026-69421-0,,,20,33
ME-W077,word,77,1,probe,探针,noun,methods,/pɹəʊb/,probe,We discussed the role of probe in the experimental workflow.,我们讨论了探针在实验流程中的作用。,Activity-based protein profiling reveals both canonical and novel ubiquitin pathway enzymes in Plasmodium.,10.1371/journal.ppat.1013032,,,14,27
ME-W078,word,78,1,chain,链,noun,ubiquitin,/ˈt͡ʃeɪn/,chain,We discussed the role of chain in ubiquitin and protease biology.,我们讨论了链在泛素和蛋白酶生物学中的作用。,Spatial protein expression patterns across pathologically-associated fibers revealed molecular specialization in inclusion body myositis.,10.1186/s12964-026-02720-7,,,13,15
ME-W079,word,79,1,cysteine,半胱氨酸,noun,protease,/ˈsɪstiːn/,cysteine,We discussed the role of cysteine in protease activity and substrate cleavage.,我们讨论了半胱氨酸在蛋白酶活性与底物切割中的作用。,Structural Dynamics of the Ubiquitin Specific Protease USP30 in Complex with a Cyanopyrrolidine-Containing Covalent Inhibitor.,10.1021/acs.jproteome.4c00618,,,20,30
ME-W080,word,80,1,progression,进展,noun,clinical,/pɹəˈɡɹɛʃn̩/,pro·gres·sion,We discussed the role of progression in disease mechanisms.,我们讨论了进展在疾病机制中的作用。,Pervasive phenotypic effects of FBXO42 are promoted by regulation of PP4 phosphatase.,10.1038/s44318-025-00675-y,,,20,30
ME-W081,word,81,1,apoptosis,细胞凋亡,noun,cell-biology,/ˌeɪpɒpˈtəʊsɪs/,ap·op·tos·is,We discussed the role of apoptosis in cellular pathways.,我们讨论了细胞凋亡在细胞通路中的作用。,Targeting G1-S-checkpoint-compromised cancers with cyclin A/B RxL inhibitors.,10.1038/s41586-025-09433-w,,,19,34
ME-W082,word,82,1,histone,组蛋白,noun,molecular-biology,/ˈhɪstəʊn/,his·tone,We discussed the role of histone in molecular regulation.,我们讨论了组蛋白在分子调控中的作用。,Chromatin accessibility governs the differential response of cancer and T cells to arginine starvation.,10.1016/j.celrep.2021.109101,,,18,35
ME-W083,word,83,1,kinase,激酶,noun,molecular-biology,/ˈkaɪneɪz/,kinase,We discussed the role of kinase in molecular regulation.,我们讨论了激酶在分子调控中的作用。,Conformational plasticity of the ULK3 kinase domain.,10.1042/bcj20210257,,,17,35
ME-W084,word,84,1,covalent,共价的,adjective,molecular-biology,/kəʊˈveɪ.lənt/,co·va·lent,This covalent change may affect molecular regulation.,这种共价的变化可能影响分子调控。,Analytical challenges for mapping non-canonical and non-protein ubiquitin/Ubl modifications by mass spectrometry.,10.1080/14789450.2026.2624128,,,18,25
ME-W085,word,85,1,labeling,标记,noun,methods,/ˈleɪbəlɪŋ/,la·beling,We discussed the role of labeling in the experimental workflow.,我们讨论了标记在实验流程中的作用。,Protocol to profile spatially resolved NLRP3 inflammasome complexes using APEX2-based proximity labeling.,10.1016/j.xpro.2024.103417,,,18,24
ME-W086,word,86,1,chromatin,染色质,noun,molecular-biology,/ˈkɹəʊmətɪn/,chro·mat·in,We discussed the role of chromatin in molecular regulation.,我们讨论了染色质在分子调控中的作用。,Disease-associated KBTBD4 mutations in medulloblastoma elicit neomorphic ubiquitylation activity to promote CoREST degradation.,10.1038/s41418-022-00983-4,,,17,29
ME-W087,word,87,1,stability,稳定性,noun,molecular-biology,/stəˈbɪlɪti/,sta·bil·ity,We discussed the role of stability in molecular regulation.,我们讨论了稳定性在分子调控中的作用。,ABPP-HT*-Deep Meets Fast for Activity-Based Profiling of Deubiquitylating Enzymes Using Advanced DIA Mass Spectrometry Methods.,10.3390/ijms23063263,,,18,23
ME-W088,word,88,1,ubiquitylation,泛素化,noun,ubiquitin,/juːˌbɪkwɪtɪˈleɪʃən/,ubi·quityla·tion,We discussed the role of ubiquitylation in ubiquitin and protease biology.,我们讨论了泛素化在泛素和蛋白酶生物学中的作用。,Ubiquitin E3 ligase KLHL6 brings exhausted T-cells back into action.,10.1007/s44466-026-00032-6,,,16,35
ME-W089,word,89,1,ubiquitination,泛素化,noun,ubiquitin,/juːˌbɪkwɪtɪˈneɪʃən/,ubi·quit·in·a·tion,We discussed the role of ubiquitination in ubiquitin and protease biology.,我们讨论了泛素化在泛素和蛋白酶生物学中的作用。,Analytical challenges for mapping non-canonical and non-protein ubiquitin/Ubl modifications by mass spectrometry.,10.1080/14789450.2026.2624128,,,16,28
ME-W090,word,90,1,genome,基因组,noun,molecular-biology,/ˈd͡ʒiː.nəʊm/,gen·ome,We discussed the role of genome in molecular regulation.,我们讨论了基因组在分子调控中的作用。,TEX264 coordinates p97- and SPRTN-mediated resolution of topoisomerase 1-DNA adducts.,10.1038/s41467-020-15000-w,,,18,21
ME-W091,word,91,1,assay,实验测定,noun,methods,/ˈæseɪ/,as·say,We discussed the role of assay in the experimental workflow.,我们讨论了实验测定在实验流程中的作用。,Multidimensional proteomics and explainable AI feature selection identify cross-platform lung cancer molecular signature in blood plasma.,10.1038/s43856-026-01701-8,,,9,10
ME-W092,word,92,1,enrichment,富集,noun,proteomics,/ɪnˈɹɪt͡ʃ.mənt/,en·rich·ment,We discussed the role of enrichment in quantitative proteomics.,我们讨论了富集在定量蛋白质组学中的作用。,TDP-43 pathology is associated with divergent protein profiles in ALS brain and spinal cord.,10.1186/s40478-025-02084-y,,,16,24
ME-W093,word,93,1,recruitment,募集,noun,cell-biology,/rɪˈkruːt.mənt /,re·cruit·ment,We discussed the role of recruitment in cellular pathways.,我们讨论了募集在细胞通路中的作用。,BLM and BRCA1-BARD1 coordinate complementary mechanisms of joint DNA molecule resolution.,10.1016/j.molcel.2023.12.040,,,16,24
ME-W094,word,94,1,cleavage,切割,noun,protease,/ˈkliːvɪdʒ/,cleav·age,We discussed the role of cleavage in protease activity and substrate cleavage.,我们讨论了切割在蛋白酶活性与底物切割中的作用。,Structural Premise of Selective Deubiquitinase USP30 Inhibition by Small-Molecule Benzosulfonamides.,10.1016/j.mcpro.2023.100609,,,16,23
ME-W095,word,95,1,acute,急性的,adjective,clinical,/əˈkjuːt/,acute,This acute change may affect disease mechanisms.,这种急性的变化可能影响疾病机制。,Effect of a Laparoscopic Donor Nephrectomy in Healthy Living Kidney Donors on the Acute Phase Response Using Either Propofol or Sevoflurane Anesthesia.,10.3390/ijms26115196,,,15,28
ME-W096,word,96,1,mammalian,哺乳动物的,adjective,cell-biology,/mæˈmeɪliən/,mam·mali·an,This mammalian change may affect cellular pathways.,这种哺乳动物的变化可能影响细胞通路。,Drosophila Sex Peptide controls the assembly of lipid microcarriers in seminal fluid.,10.1073/pnas.2019622118,,,15,28
ME-W097,word,97,1,homeostasis,稳态,noun,cell-biology,/ˌhɒmɪə(ʊ)ˈsteɪsɪs/,homeo·stas·is,We discussed the role of homeostasis in cellular pathways.,我们讨论了稳态在细胞通路中的作用。,Spatial protein expression patterns across pathologically-associated fibers revealed molecular specialization in inclusion body myositis.,10.1186/s12964-026-02720-7,,,17,18
ME-W098,word,98,1,proliferation,增殖,noun,cell-biology,/pɹəˌlɪf.əˈɹeɪ.ʃən/,pro·lif·er·a·tion,We discussed the role of proliferation in cellular pathways.,我们讨论了增殖在细胞通路中的作用。,A Functional Genomic Screen Identifies the Deubiquitinase USP11 as a Novel Transcriptional Regulator of ERα in Breast Cancer.,10.1158/0008-5472.can-20-0214,,,16,22
ME-W099,word,99,1,proteolysis,蛋白水解,noun,protease,/ˌprəʊtiˈɒlɪsɪs/,pro·teo·lys·is,We discussed the role of proteolysis in protease activity and substrate cleavage.,我们讨论了蛋白水解在蛋白酶活性与底物切割中的作用。,TEX264 coordinates p97- and SPRTN-mediated resolution of topoisomerase 1-DNA adducts.,10.1038/s41467-020-15000-w,,,16,21
ME-W100,word,100,1,depletion,耗竭或敲低,noun,methods,/dɪˈpliːʃən/,de·ple·tion,We discussed the role of depletion in the experimental workflow.,我们讨论了耗竭或敲低在实验流程中的作用。,Pervasive phenotypic effects of FBXO42 are promoted by regulation of PP4 phosphatase.,10.1038/s44318-025-00675-y,,,16,20
ME-W101,word,101,1,phenotype,表型,noun,cell-biology,/ˈfiː.nə(ʊ)ˌtaɪp/,phen·o·type,We discussed the role of phenotype in cellular pathways.,我们讨论了表型在细胞通路中的作用。,Unconventional human CD61 pairing with CD103 promotes TCR signaling and antigen-specific T cell cytotoxicity.,10.1038/s41590-024-01802-3,,,16,20
ME-W102,word,102,1,candidate,候选物,noun,drug-discovery,/ˈkæn.dɪ.dət/,can·did·ate,We discussed the role of candidate in target discovery.,我们讨论了候选物在靶点发现中的作用。,Effect of a Laparoscopic Donor Nephrectomy in Healthy Living Kidney Donors on the Acute Phase Response Using Either Propofol or Sevoflurane Anesthesia.,10.3390/ijms26115196,,,16,19
ME-W103,word,103,1,posttranslational,翻译后的,adjective,molecular-biology,/ˌpəʊsttrænzˈleɪʃənəl/,posttrans·la·tion·al,This posttranslational change may affect molecular regulation.,这种翻译后的变化可能影响分子调控。,Analytical challenges for mapping non-canonical and non-protein ubiquitin/Ubl modifications by mass spectrometry.,10.1080/14789450.2026.2624128,,,16,18
ME-W104,word,104,1,synthesis,合成,noun,molecular-biology,/ˈsɪnθəsɪs/,syn·thes·is,We discussed the role of synthesis in molecular regulation.,我们讨论了合成在分子调控中的作用。,Detection and quantification of novel C-terminal TDP-43 fragments in ALS-TDP.,10.1111/bpa.12923,,,14,19
ME-W105,word,105,1,composition,组成,noun,proteomics,/ˌkɒmpəˈzɪʃən/,com·pos·i·tion,We discussed the role of composition in quantitative proteomics.,我们讨论了组成在定量蛋白质组学中的作用。,Spatial protein expression patterns across pathologically-associated fibers revealed molecular specialization in inclusion body myositis.,10.1186/s12964-026-02720-7,,,14,19
ME-W106,word,106,1,methylation,甲基化,noun,molecular-biology,/ˌmɛθɪˈleɪʃən/,methyl·a·tion,We discussed the role of methylation in molecular regulation.,我们讨论了甲基化在分子调控中的作用。,Chromatin accessibility governs the differential response of cancer and T cells to arginine starvation.,10.1016/j.celrep.2021.109101,,,11,42
ME-W107,word,107,1,characterization,表征,noun,methods,/ˌkæɹəktəɹaɪˈzeɪʃən/,char·ac·ter·iz·a·tion,We discussed the role of characterization in the experimental workflow.,我们讨论了表征在实验流程中的作用。,Towards light-coupled sample preparation for time-resolved cryoEM studies.,10.1107/s2052252526005324,,,14,17
ME-W108,word,108,1,workflow,工作流程,noun,methods,/ˈwɜːkfləʊ/,work·flow,We discussed the role of workflow in the experimental workflow.,我们讨论了工作流程在实验流程中的作用。,Spatial protein expression patterns across pathologically-associated fibers revealed molecular specialization in inclusion body myositis.,10.1186/s12964-026-02720-7,,,14,17
ME-W109,word,109,1,epitope,表位,noun,immunology,/ˈepɪtəʊp/,epi·tope,We discussed the role of epitope in immune responses.,我们讨论了表位在免疫反应中的作用。,SARS-CoV-2 mutations affect antigen processing by the proteasome to alter CD8<sup>+</sup> T cell responses.,10.1016/j.heliyon.2023.e20076,,,15,35
ME-W110,word,110,1,cytotoxic,细胞毒性的,adjective,immunology,/ˌsaɪtəʊˈtɒksɪk/,cyto·tox·ic,This cytotoxic change may affect immune responses.,这种细胞毒性的变化可能影响免疫反应。,Long-persisting SARS-CoV-2 spike-specific CD4<sup>+</sup> T cells associated with mild disease and increased cytotoxicity post COVID-19.,10.1038/s41467-025-63711-9,,,13,21
ME-W111,word,111,1,performance,性能,noun,methods,/pəˈfɔːməns/,per·form·ance,We discussed the role of performance in the experimental workflow.,我们讨论了性能在实验流程中的作用。,DEcancer: Machine learning framework tailored to liquid biopsy based cancer detection and biomarker signature selection.,10.1016/j.isci.2023.106610,,,13,21
ME-W112,word,112,1,signature,特征标志,noun,proteomics,/ˈsɪɡ.nə.t͡ʃə/,sig·na·ture,We discussed the role of signature in quantitative proteomics.,我们讨论了特征标志在定量蛋白质组学中的作用。,Multidimensional proteomics and explainable AI feature selection identify cross-platform lung cancer molecular signature in blood plasma.,10.1038/s43856-026-01701-8,,,13,21
ME-W113,word,113,1,differential,差异的,adjective,methods,/ˌdɪfəˈrenʃəl/,dif·fer·en·tial,This differential change may affect the experimental workflow.,这种差异的变化可能影响实验流程。,A systems-based approach to uterine fibroids identifies differential splicing associated with abnormal uterine bleeding.,10.1038/s43856-025-01051-x,,,14,16
ME-W114,word,114,1,therapy,治疗方法,noun,clinical,/ˈθɛɹ.ə.pi/,ther·apy,We discussed the role of therapy in disease mechanisms.,我们讨论了治疗方法在疾病机制中的作用。,Dual role of ER stress in response to metabolic co-targeting and radiosensitivity in head and neck cancer cells.,10.1007/s00018-020-03704-7,,,14,16
ME-W115,word,115,1,differentiation,分化,noun,cell-biology,/dɪf.əˌɹɛn.ʃiˈeɪ.ʃən/,dif·fer·en·ti·ation,We discussed the role of differentiation in cellular pathways.,我们讨论了分化在细胞通路中的作用。,USP18 is an essential regulator of muscle cell differentiation and maturation.,10.1038/s41419-023-05725-z,,,13,20
ME-W116,word,116,1,proteasomal,蛋白酶体的,adjective,ubiquitin,/ˈprəʊtiəsəʊməl/,pro·teasomal,This proteasomal change may affect ubiquitin and protease biology.,这种蛋白酶体的变化可能影响泛素和蛋白酶生物学。,SARS-CoV-2 mutations affect antigen processing by the proteasome to alter CD8<sup>+</sup> T cell responses.,10.1016/j.heliyon.2023.e20076,,,13,20
ME-W117,word,117,1,turnover,周转,noun,ubiquitin,/ˈtɜːnəʊvə/,turnover,We discussed the role of turnover in ubiquitin and protease biology.,我们讨论了周转在泛素和蛋白酶生物学中的作用。,Analytical challenges for mapping non-canonical and non-protein ubiquitin/Ubl modifications by mass spectrometry.,10.1080/14789450.2026.2624128,,,13,20
ME-W118,word,118,1,downstream,下游的,adjective,cell-biology,/ˌdaʊnˈstɹiːm/,down·stream,This downstream change may affect cellular pathways.,这种下游的变化可能影响细胞通路。,Unconventional human CD61 pairing with CD103 promotes TCR signaling and antigen-specific T cell cytotoxicity.,10.1038/s41590-024-01802-3,,,14,15
ME-W119,word,119,1,hypoxia,低氧,noun,cell-biology,/haɪˈpɒksiə/,hyp·ox·ia,We discussed the role of hypoxia in cellular pathways.,我们讨论了低氧在细胞通路中的作用。,Adaptation to HIF1α Deletion in Hypoxic Cancer Cells by Upregulation of GLUT14 and Creatine Metabolism.,10.1158/1541-7786.mcr-18-0315,,,11,29
ME-W120,word,120,1,deficiency,缺陷,noun,clinical,/dɪˈfɪʃənsi/,de·fi·ciency,We discussed the role of deficiency in disease mechanisms.,我们讨论了缺陷在疾病机制中的作用。,BLM and BRCA1-BARD1 coordinate complementary mechanisms of joint DNA molecule resolution.,10.1016/j.molcel.2023.12.040,,,13,16
ME-W121,word,121,1,subunit,亚基,noun,molecular-biology,/sʌbˈjuːnɪt/,sub·unit,We discussed the role of subunit in molecular regulation.,我们讨论了亚基在分子调控中的作用。,Regulation of the endosomal SNX27-retromer by OTULIN.,10.1038/s41467-019-12309-z,,,14,14
ME-W122,word,122,1,enzymatic,酶促的,adjective,protease,/ˈen.zaɪmˌæt.ɪk/,en·zymat·ic,This enzymatic change may affect protease activity and substrate cleavage.,这种酶促的变化可能影响蛋白酶活性与底物切割。,USP24 is a cross-reactive DUB targeting MOV10 to regulate IFN-I production.,10.1038/s41467-026-74490-2,,,13,17
ME-W123,word,123,1,validation,验证,noun,methods,/ˌvæl.əˈdeɪ.ʃən/,val·id·a·tion,We discussed the role of validation in the experimental workflow.,我们讨论了验证在实验流程中的作用。,Spatial protein expression patterns across pathologically-associated fibers revealed molecular specialization in inclusion body myositis.,10.1186/s12964-026-02720-7,,,12,20
ME-W124,word,124,1,innate,先天的,adjective,immunology,/ɪˈneɪt/,in·nate,This innate change may affect immune responses.,这种先天的变化可能影响免疫反应。,USP24 is a cross-reactive DUB targeting MOV10 to regulate IFN-I production.,10.1038/s41467-026-74490-2,,,12,19
ME-W125,word,125,1,lymphocyte,淋巴细胞,noun,immunology,/ˈlɪmfəsaɪt/,lymph·o·cyte,We discussed the role of lymphocyte in immune responses.,我们讨论了淋巴细胞在免疫反应中的作用。,Structural basis and specificity of human otubain 1-mediated deubiquitination.,10.1042/bj20081318,,,5,5
ME-W126,word,126,1,reticulum,网状结构,noun,cell-biology,/rɪˈtɪkjʊləm/,re·tic·ulum,We discussed the role of reticulum in cellular pathways.,我们讨论了网状结构在细胞通路中的作用。,Data-independent acquisition proteomics of cerebrospinal fluid implicates endoplasmic reticulum and inflammatory mechanisms in amyotrophic lateral sclerosis.,10.1111/jnc.16030,,,12,18
ME-W127,word,127,1,genomic,基因组的,adjective,molecular-biology,/dʒɪˈnəʊmɪk/,ge·n·om·ic,This genomic change may affect molecular regulation.,这种基因组的变化可能影响分子调控。,A systems-based approach to uterine fibroids identifies differential splicing associated with abnormal uterine bleeding.,10.1038/s43856-025-01051-x,,,13,13
ME-W128,word,128,1,antibody,抗体,noun,immunology,/ˈæn.tiˌbɒd.i/,an·ti·body,We discussed the role of antibody in immune responses.,我们讨论了抗体在免疫反应中的作用。,Quantitative proteomics reveals CLR interactome in primary human cells.,10.1016/j.jbc.2024.107399,,,10,19
ME-W129,word,129,1,ligand,配体,noun,molecular-biology,/ˈlɪɡ.ənd/,lig·and,We discussed the role of ligand in molecular regulation.,我们讨论了配体在分子调控中的作用。,Towards light-coupled sample preparation for time-resolved cryoEM studies.,10.1107/s2052252526005324,,,12,15
ME-W130,word,130,1,upregulation,上调,noun,molecular-biology,/ˌʌpreɡjʊˈleɪʃən/,up·reg·u·la·tion,We discussed the role of upregulation in molecular regulation.,我们讨论了上调在分子调控中的作用。,Effect of a Laparoscopic Donor Nephrectomy in Healthy Living Kidney Donors on the Acute Phase Response Using Either Propofol or Sevoflurane Anesthesia.,10.3390/ijms26115196,,,12,16
ME-W131,word,131,1,translation,翻译,noun,molecular-biology,/tɹænzˈleɪʃən/,trans·la·tion,We discussed the role of translation in molecular regulation.,我们讨论了翻译在分子调控中的作用。,Nuclear Protein Aggregates Disrupt RNA Processing and Alter Biomechanics in a Muscle Cell Model of OPMD.,10.14336/ad.2025.0699,,,12,14
ME-W132,word,132,1,transport,运输,noun,cell-biology,/tɹænsˈpɔːt/,trans·port,We discussed the role of transport in cellular pathways.,我们讨论了运输在细胞通路中的作用。,Amino acid and viral binding by the high-affinity Cationic Amino acid Transporter 1 (CAT1) from Mus musculus.,10.1038/s41467-026-69421-0,,,11,17
ME-W133,word,133,1,acetylation,乙酰化,noun,molecular-biology,/əˌsiːtɪˈleɪʃən/,acet·yla·tion,We discussed the role of acetylation in molecular regulation.,我们讨论了乙酰化在分子调控中的作用。,Distinct contributions of DNA methylation and histone acetylation to the genomic occupancy of transcription factors.,10.1101/gr.257576.119,,,10,22
ME-W134,word,134,1,collagen,胶原蛋白,noun,cell-biology,/ˈkɒləd͡ʒɪn/,col·la·gen,We discussed the role of collagen in cellular pathways.,我们讨论了胶原蛋白在细胞通路中的作用。,Human Platelet Protein Ubiquitylation and Changes following GPVI Activation.,10.1055/s-0038-1676344,,,10,22
ME-W135,word,135,1,affinity,亲和力,noun,molecular-biology,/əˈfɪnɪti/,af·fin·ity,We discussed the role of affinity in molecular regulation.,我们讨论了亲和力在分子调控中的作用。,Structural basis for SMAC-mediated antagonism of caspase inhibition by the giant ubiquitin ligase BIRC6.,10.1126/science.ade8840,,,11,15
ME-W136,word,136,1,sequencing,测序,noun,methods,/ˈsiːkwənsɪŋ/,se·quen·cing,We discussed the role of sequencing in the experimental workflow.,我们讨论了测序在实验流程中的作用。,Analytical challenges for mapping non-canonical and non-protein ubiquitin/Ubl modifications by mass spectrometry.,10.1080/14789450.2026.2624128,,,11,14
ME-W137,word,137,1,lipid,脂质,noun,metabolism,/ˈlɪpɪd/,lip·id,We discussed the role of lipid in cellular metabolism.,我们讨论了脂质在细胞代谢中的作用。,Hermansky-Pudlak syndrome type 1 causes impaired anti-microbial immunity and inflammation due to dysregulated immunometabolism.,10.1038/s41385-022-00572-1,,,9,20
ME-W138,word,138,1,variant,变异,noun,molecular-biology,/ˈvɛəɹi.ənt/,vari·ant,We discussed the role of variant in molecular regulation.,我们讨论了变异在分子调控中的作用。,Nuclear Protein Aggregates Disrupt RNA Processing and Alter Biomechanics in a Muscle Cell Model of OPMD.,10.14336/ad.2025.0699,,,10,14
ME-W139,word,139,1,bacterial,细菌的,adjective,immunology,/bækˈtɪəriəl/,bac·teri·al,This bacterial change may affect immune responses.,这种细菌的变化可能影响免疫反应。,Hermansky-Pudlak syndrome type 1 causes impaired anti-microbial immunity and inflammation due to dysregulated immunometabolism.,10.1038/s41385-022-00572-1,,,10,15
ME-W140,word,140,1,epigenetic,表观遗传的,adjective,molecular-biology,/ˌɛpɪd͡ʒəˈnɛtɪk/,epi·gen·et·ic,This epigenetic change may affect molecular regulation.,这种表观遗传的变化可能影响分子调控。,Disease-associated KBTBD4 mutations in medulloblastoma elicit neomorphic ubiquitylation activity to promote CoREST degradation.,10.1038/s41418-022-00983-4,,,10,15
ME-W141,word,141,1,network,网络,noun,cell-biology,/ˈnɛt.wɜːk/,net·work,We discussed the role of network in cellular pathways.,我们讨论了网络在细胞通路中的作用。,Data-independent acquisition proteomics of cerebrospinal fluid implicates endoplasmic reticulum and inflammatory mechanisms in amyotrophic lateral sclerosis.,10.1111/jnc.16030,,,9,17
ME-W142,word,142,1,oxidative,氧化的,adjective,cell-biology,/ˈɒksɪdətɪv/,ox·id·at·ive,This oxidative change may affect cellular pathways.,这种氧化的变化可能影响细胞通路。,Targeted delivery of galunisertib using machine perfusion reduces fibrogenesis in an integrated ex vivo renal transplant and fibrogenesis model.,10.1111/bph.16220,,,9,17
ME-W143,word,143,1,autophagy,自噬,noun,cell-biology,/ɔːˈtɒfədʒi/,auto·phagy,We discussed the role of autophagy in cellular pathways.,我们讨论了自噬在细胞通路中的作用。,SLC45A4 is a pain gene encoding a neuronal polyamine transporter.,10.1038/s41586-025-09326-y,,,8,24
ME-W144,word,144,1,viability,活力,noun,cell-biology,/ˌvaɪəˈbɪləti/,vi·ab·il·ity,We discussed the role of viability in cellular pathways.,我们讨论了活力在细胞通路中的作用。,Targeted delivery of galunisertib using machine perfusion reduces fibrogenesis in an integrated ex vivo renal transplant and fibrogenesis model.,10.1111/bph.16220,,,10,11
ME-W145,word,145,1,aggregation,聚集,noun,proteomics,/æɡɹəˈɡeɪʃən/,ag·greg·a·tion,We discussed the role of aggregation in quantitative proteomics.,我们讨论了聚集在定量蛋白质组学中的作用。,Spatial protein expression patterns across pathologically-associated fibers revealed molecular specialization in inclusion body myositis.,10.1186/s12964-026-02720-7,,,8,21
ME-W146,word,146,1,effector,效应分子,noun,immunology,/ɪˈfek.tə/,ef·fect·or,We discussed the role of effector in immune responses.,我们讨论了效应分子在免疫反应中的作用。,Unconventional human CD61 pairing with CD103 promotes TCR signaling and antigen-specific T cell cytotoxicity.,10.1038/s41590-024-01802-3,,,10,10
ME-W147,word,147,1,localization,定位,noun,cell-biology,/ˌləʊkəlaɪˈzeɪʃən/,loc·al·iz·a·tion,We discussed the role of localization in cellular pathways.,我们讨论了定位在细胞通路中的作用。,Spatial protein expression patterns across pathologically-associated fibers revealed molecular specialization in inclusion body myositis.,10.1186/s12964-026-02720-7,,,10,10
ME-W148,word,148,1,quantification,定量,noun,mass-spec,/ˌkwɒn.tɪˌfɪˈkeɪ.ʃən/,quan·ti·fic·a·tion,We discussed the role of quantification in mass-spectrometry experiments.,我们讨论了定量在质谱实验中的作用。,Targeted Mass Spectrometry Reveals Interferon-Dependent Eicosanoid and Fatty Acid Alterations in Chronic Myeloid Leukaemia.,10.3390/ijms242115513,,,9,12
ME-W149,word,149,1,deubiquitinase,去泛素化酶,noun,ubiquitin,/ˌdiːjuːˈbɪkwɪtɪneɪz/,deu·bi·quit·inase,We discussed the role of deubiquitinase in ubiquitin and protease biology.,我们讨论了去泛素化酶在泛素和蛋白酶生物学中的作用。,Activity-Based Protein Profiling (ABPP) for Cellular Deubiquitinase (DUB) and Inhibitor Profiling at Deep and High-Throughput Levels.,10.1007/978-1-0716-2803-4_7,,,9,12
ME-W150,word,150,1,interactor,相互作用蛋白,noun,molecular-biology,/ˌɪntəɹˈæktə/,in·ter·act·or,We discussed the role of interactor in molecular regulation.,我们讨论了相互作用蛋白在分子调控中的作用。,Regulation of the endosomal SNX27-retromer by OTULIN.,10.1038/s41467-019-12309-z,,,3,3
ME-W151,word,151,1,cytotoxicity,细胞毒性,noun,immunology,/ˌsaɪtəʊtɒkˈsɪsəti/,cyto·tox·icity,We discussed the role of cytotoxicity in immune responses.,我们讨论了细胞毒性在免疫反应中的作用。,Long-persisting SARS-CoV-2 spike-specific CD4<sup>+</sup> T cells associated with mild disease and increased cytotoxicity post COVID-19.,10.1038/s41467-025-63711-9,,,8,15
ME-W152,word,152,1,secretion,分泌,noun,cell-biology,/sɪˈkriːʃən/,se·cre·tion,We discussed the role of secretion in cellular pathways.,我们讨论了分泌在细胞通路中的作用。,USP24 is a cross-reactive DUB targeting MOV10 to regulate IFN-I production.,10.1038/s41467-026-74490-2,,,9,10
ME-W153,word,153,1,resistance,抗性,noun,clinical,/ɹɪˈzɪstəns/,res·ist·ance,We discussed the role of resistance in disease mechanisms.,我们讨论了抗性在疾病机制中的作用。,Deletion of the deISGylating enzyme USP18 enhances tumour cell antigenicity and radiosensitivity.,10.1038/s41416-020-01167-y,,,8,14
ME-W154,word,154,1,invasion,侵袭,noun,clinical,/ɪnˈveɪʒən/,in·va·sion,We discussed the role of invasion in disease mechanisms.,我们讨论了侵袭在疾病机制中的作用。,Colonic epithelial cell diversity in health and inflammatory bowel disease.,10.1038/s41586-019-0992-y,,,7,21
ME-W155,word,155,1,reversible,可逆的,adjective,molecular-biology,/ɹəˈvɜː(ɹ)sɪbəl/,re·vers·ible,This reversible change may affect molecular regulation.,这种可逆的变化可能影响分子调控。,Ubiquitylation of nucleic acids by DELTEX ubiquitin E3 ligase DTX3L.,10.1038/s44319-024-00235-1,,,8,13
ME-W156,word,156,1,capacity,能力,noun,methods,/kəˈpæsɪti/,ca·pa·city,We discussed the role of capacity in the experimental workflow.,我们讨论了能力在实验流程中的作用。,Composition and structure of synaptic ectosomes exporting antigen receptor linked to functional CD40 ligand from helper T cells.,10.7554/elife.47528,,,9,10
ME-W157,word,157,1,concentration,浓度,noun,methods,/ˌkɒn.sənˈtɹeɪ.ʃən/,con·cen·tra·tion,We discussed the role of concentration in the experimental workflow.,我们讨论了浓度在实验流程中的作用。,Characterization of exosomes in peritoneal fluid of endometriosis patients.,10.1016/j.fertnstert.2019.09.032,,,7,10
ME-W158,word,158,1,machinery,分子机器,noun,cell-biology,/məˈʃiːnəɹi/,ma·chinery,We discussed the role of machinery in cellular pathways.,我们讨论了分子机器在细胞通路中的作用。,Activity-based protein profiling reveals both canonical and novel ubiquitin pathway enzymes in Plasmodium.,10.1371/journal.ppat.1013032,,,9,10
ME-W159,word,159,1,potency,效力,noun,drug-discovery,/ˈpəʊtənsi/,po·tency,We discussed the role of potency in target discovery.,我们讨论了效力在靶点发现中的作用。,Structural Dynamics of the Ubiquitin Specific Protease USP30 in Complex with a Cyanopyrrolidine-Containing Covalent Inhibitor.,10.1021/acs.jproteome.4c00618,,,9,10
ME-W160,word,160,1,metabolite,代谢物,noun,metabolism,/mɪˈtæbəlaɪt/,meta·bol·ite,We discussed the role of metabolite in cellular metabolism.,我们讨论了代谢物在细胞代谢中的作用。,"Association of Indoleamine 2,3-Dioxygenase (IDO) Activity with Outcome after Cardiac Surgery in Adult Patients.",10.3390/metabo14060334,,,5,10
ME-W161,word,161,1,microscopy,显微镜技术,noun,methods,/maɪˈkɹɒs.kə.pi/,mi·cro·scopy,We discussed the role of microscopy in the experimental workflow.,我们讨论了显微镜技术在实验流程中的作用。,Spatial protein expression patterns across pathologically-associated fibers revealed molecular specialization in inclusion body myositis.,10.1186/s12964-026-02720-7,,,9,9
ME-W162,word,162,1,modulation,调节,noun,molecular-biology,/ˌmɒdjʊˈleɪʃn̩/,mod·u·la·tion,We discussed the role of modulation in molecular regulation.,我们讨论了调节在分子调控中的作用。,SLC45A4 is a pain gene encoding a neuronal polyamine transporter.,10.1038/s41586-025-09326-y,,,9,9
ME-W163,word,163,1,physiological,生理的,adjective,cell-biology,/ˌfɪz.i.əˈlɒd͡ʒ.i.kəl/,physiolo·gic·al,This physiological change may affect cellular pathways.,这种生理的变化可能影响细胞通路。,The Developmental Environment Mediates Adult Seminal Proteome Allocation in Male Drosophila melanogaster.,10.1111/mec.70101,,,9,9
ME-W164,word,164,1,conformational,构象的,adjective,molecular-biology,/kɒn.fəˈmeɪ.ʃən.əl/,con·form·a·tion·al,This conformational change may affect molecular regulation.,这种构象的变化可能影响分子调控。,Towards light-coupled sample preparation for time-resolved cryoEM studies.,10.1107/s2052252526005324,,,8,11
ME-W165,word,165,1,deacetylase,去乙酰化酶,noun,molecular-biology,/ˌdiːəˈsetɪleɪz/,deacetylase,We discussed the role of deacetylase in molecular regulation.,我们讨论了去乙酰化酶在分子调控中的作用。,Distinct contributions of DNA methylation and histone acetylation to the genomic occupancy of transcription factors.,10.1101/gr.257576.119,,,8,11
ME-W166,word,166,1,engagement,结合占有,noun,drug-discovery,/ɪnˈɡeɪd͡ʒ.mənt/,en·gage·ment,We discussed the role of engagement in target discovery.,我们讨论了结合占有在靶点发现中的作用。,Structural Premise of Selective Deubiquitinase USP30 Inhibition by Small-Molecule Benzosulfonamides.,10.1016/j.mcpro.2023.100609,,,8,11
ME-W167,word,167,1,fibroblast,成纤维细胞,noun,cell-biology,/ˈfaɪ.brəˌblɑːst/,fibro·blast,We discussed the role of fibroblast in cellular pathways.,我们讨论了成纤维细胞在细胞通路中的作用。,Strong xenoprotective function by single-copy transgenes placed sequentially at a permissive locus.,10.1111/xen.12382,,,0,0
ME-W168,word,168,1,fragment,片段,noun,mass-spec,/ˈfɹæɡmənt/,frag·ment,We discussed the role of fragment in mass-spectrometry experiments.,我们讨论了片段在质谱实验中的作用。,Covalent Fragment Screening and Optimization Identifies the Chloroacetohydrazide Scaffold as Inhibitors for Ubiquitin C-terminal Hydrolase L1.,10.1021/acs.jmedchem.3c01661,,,8,11
ME-W169,word,169,1,hydroxylase,羟化酶,noun,molecular-biology,/haɪˈdrɒksɪleɪz/,hy·droxylase,We discussed the role of hydroxylase in molecular regulation.,我们讨论了羟化酶在分子调控中的作用。,OGFOD1 catalyzes prolyl hydroxylation of RPS23 and is involved in translation control and stress granule formation.,10.1073/pnas.1314482111,,,8,11
ME-W170,word,170,1,mortality,死亡率,noun,clinical,/mɔːˈtæləti/,mor·tal·ity,We discussed the role of mortality in disease mechanisms.,我们讨论了死亡率在疾病机制中的作用。,Multidimensional proteomics and explainable AI feature selection identify cross-platform lung cancer molecular signature in blood plasma.,10.1038/s43856-026-01701-8,,,8,11
ME-W171,word,171,1,mRNA,信使RNA,abbreviation,molecular-biology,/ˌem ɑːr en ˈeɪ/,mrna,We measured mRNA in the selected samples.,我们在所选样本中检测了信使RNA。,Cytoskeletal disorganization underlies PABPN1-mediated myogenic disability.,10.1038/s41598-020-74676-8,,,8,11
ME-W172,word,172,1,neuronal,神经元的,adjective,cell-biology,/njʊəˈrəʊnəl/,neur·on·al,This neuronal change may affect cellular pathways.,这种神经元的变化可能影响细胞通路。,Driving Therapeutic Innovation in Neurodegenerative Disease With Hydrogen Deuterium eXchange Mass Spectrometry.,10.1016/j.mcpro.2025.101017,,,8,11
ME-W173,word,173,1,pathogen,病原体,noun,immunology,/ˈpæθəd͡ʒn̩/,patho·gen,We discussed the role of pathogen in immune responses.,我们讨论了病原体在免疫反应中的作用。,Deep Proteomics Network and Machine Learning Analysis of Human Cerebrospinal Fluid in Japanese Encephalitis Virus Infection.,10.1021/acs.jproteome.2c00563,,,6,8
ME-W174,word,174,1,preparation,制备,noun,methods,/ˌpɹɛpəˈɹeɪʃ(ə)n/,pre·par·a·tion,We discussed the role of preparation in the experimental workflow.,我们讨论了制备在实验流程中的作用。,Towards light-coupled sample preparation for time-resolved cryoEM studies.,10.1107/s2052252526005324,,,8,11
ME-W175,word,175,1,resolution,分辨率,noun,mass-spec,/ˌɹɛzəˈl(j)uʃ(ə)n/,res·ol·u·tion,We discussed the role of resolution in mass-spectrometry experiments.,我们讨论了分辨率在质谱实验中的作用。,Effect of a Laparoscopic Donor Nephrectomy in Healthy Living Kidney Donors on the Acute Phase Response Using Either Propofol or Sevoflurane Anesthesia.,10.3390/ijms26115196,,,8,10
ME-W176,word,176,1,suppression,抑制,noun,molecular-biology,/səˈpɹɛʃən/,sup·pres·sion,We discussed the role of suppression in molecular regulation.,我们讨论了抑制在分子调控中的作用。,Long-persisting SARS-CoV-2 spike-specific CD4<sup>+</sup> T cells associated with mild disease and increased cytotoxicity post COVID-19.,10.1038/s41467-025-63711-9,,,8,10
ME-W177,word,177,1,transporter,转运体,noun,cell-biology,/tɹænsˈpɔːt.ə/,trans·port·er,We discussed the role of transporter in cellular pathways.,我们讨论了转运体在细胞通路中的作用。,Amino acid and viral binding by the high-affinity Cationic Amino acid Transporter 1 (CAT1) from Mus musculus.,10.1038/s41467-026-69421-0,,,8,9
ME-W178,word,178,1,checkpoint,检查点,noun,cell-biology,/ˈtʃekpɔɪnt/,check·point,We discussed the role of checkpoint in cellular pathways.,我们讨论了检查点在细胞通路中的作用。,Targeting G1-S-checkpoint-compromised cancers with cyclin A/B RxL inhibitors.,10.1038/s41586-025-09433-w,,,7,12
ME-W179,word,179,1,endosomal,内体的,adjective,cell-biology,/ˈendəʊsəʊməl/,en·do·somal,This endosomal change may affect cellular pathways.,这种内体的变化可能影响细胞通路。,A cytoplasmic motif in HLA-E that drives clathrin-mediated endocytosis and VCP-associated postendocytic trafficking.,10.1073/pnas.2514956122,,,7,12
ME-W180,word,180,1,complexity,复杂性,noun,communication,/kəmˈplɛk.sɪ.ti/,com·plex·ity,We discussed the role of complexity in the interpretation of the results.,我们讨论了复杂性在结果解读中的作用。,Analytical challenges for mapping non-canonical and non-protein ubiquitin/Ubl modifications by mass spectrometry.,10.1080/14789450.2026.2624128,,,8,8
ME-W181,word,181,1,DNA,脱氧核糖核酸,abbreviation,molecular-biology,/ˌdiː en ˈeɪ/,dna,We measured DNA in the selected samples.,我们在所选样本中检测了脱氧核糖核酸。,Pervasive phenotypic effects of FBXO42 are promoted by regulation of PP4 phosphatase.,10.1038/s44318-025-00675-y,,,52,150
ME-W182,word,182,1,mechanistic,机制性的,adjective,communication,/ˌmɛkəˈnɪstɪk/,mech·an·ist·ic,This mechanistic change may affect the interpretation of the results.,这种机制性的变化可能影响结果解读。,Nuclear Protein Aggregates Disrupt RNA Processing and Alter Biomechanics in a Muscle Cell Model of OPMD.,10.14336/ad.2025.0699,,,8,8
ME-W183,word,183,1,matrix,基质,noun,cell-biology,/ˈmeɪ.tɹɪks/,mat·rix,We discussed the role of matrix in cellular pathways.,我们讨论了基质在细胞通路中的作用。,A systems-based approach to uterine fibroids identifies differential splicing associated with abnormal uterine bleeding.,10.1038/s43856-025-01051-x,,,17,27
ME-W184,word,184,1,extracellular,细胞外的,adjective,cell-biology,/ˌekstrəˈseljʊlə/,ex·tra·cel·lu·lar,This extracellular change may affect cellular pathways.,这种细胞外的变化可能影响细胞通路。,A systems-based approach to uterine fibroids identifies differential splicing associated with abnormal uterine bleeding.,10.1038/s43856-025-01051-x,,,25,35
ME-W185,word,185,1,nuclear,细胞核的,adjective,cell-biology,/ˈnjuː.klɪə(ɹ)/,nuc·le·ar,This nuclear change may affect cellular pathways.,这种细胞核的变化可能影响细胞通路。,Nuclear Protein Aggregates Disrupt RNA Processing and Alter Biomechanics in a Muscle Cell Model of OPMD.,10.14336/ad.2025.0699,,,24,37
ME-W186,word,186,1,transcriptional,转录的,adjective,molecular-biology,/trænˈskrɪpʃənəl/,tran·scrip·tion·al,This transcriptional change may affect molecular regulation.,这种转录的变化可能影响分子调控。,A systems-based approach to uterine fibroids identifies differential splicing associated with abnormal uterine bleeding.,10.1038/s43856-025-01051-x,,,25,35
ME-W187,word,187,1,endogenous,内源性的,adjective,molecular-biology,/ɛnˈdɒd͡ʒ.ɪ.nəs/,en·do·gen·ous,This endogenous change may affect molecular regulation.,这种内源性的变化可能影响分子调控。,Nuclear Protein Aggregates Disrupt RNA Processing and Alter Biomechanics in a Muscle Cell Model of OPMD.,10.14336/ad.2025.0699,,,23,24
ME-W188,word,188,1,structural,结构的,adjective,molecular-biology,/ˈstrʌktʃərəl/,struc·tur·al,This structural change may affect molecular regulation.,这种结构的变化可能影响分子调控。,Amino acid and viral binding by the high-affinity Cationic Amino acid Transporter 1 (CAT1) from Mus musculus.,10.1038/s41467-026-69421-0,,,19,27
ME-W189,word,189,1,pathological,病理性的,adjective,clinical,/ˌpæθ.əˈlɒd͡ʒ.ɪ.kəl/,patho·lo·gic·al,This pathological change may affect disease mechanisms.,这种病理性的变化可能影响疾病机制。,Spatial protein expression patterns across pathologically-associated fibers revealed molecular specialization in inclusion body myositis.,10.1186/s12964-026-02720-7,,,19,26
ME-W190,word,190,1,therapeutic,治疗性的,adjective,clinical,/ˌθɛɹ.əˈpjuː.tɪk/,thera·peut·ic,This therapeutic change may affect disease mechanisms.,这种治疗性的变化可能影响疾病机制。,Pervasive phenotypic effects of FBXO42 are promoted by regulation of PP4 phosphatase.,10.1038/s44318-025-00675-y,,,43,46
ME-W191,word,191,1,quantitative,定量的,adjective,methods,/ˈkwɒntɪtətɪv/,quant·it·at·ive,This quantitative change may affect the experimental workflow.,这种定量的变化可能影响实验流程。,Structural Dynamics of the Ubiquitin Specific Protease USP30 in Complex with a Cyanopyrrolidine-Containing Covalent Inhibitor.,10.1021/acs.jproteome.4c00618,,,33,47
ME-W192,word,192,1,functional,功能性的,adjective,methods,/ˈfʌŋkt͡ʃənəl/,func·tion·al,This functional change may affect the experimental workflow.,这种功能性的变化可能影响实验流程。,Spatial protein expression patterns across pathologically-associated fibers revealed molecular specialization in inclusion body myositis.,10.1186/s12964-026-02720-7,,,40,52
ME-W193,word,193,1,selective,选择性的,adjective,drug-discovery,/səˈlɛktɪv/,se·lect·ive,This selective change may affect target discovery.,这种选择性的变化可能影响靶点发现。,Activity-based protein profiling reveals both canonical and novel ubiquitin pathway enzymes in Plasmodium.,10.1371/journal.ppat.1013032,,,27,33
ME-W194,word,194,1,regulatory,调节性的,adjective,molecular-biology,/ˈɹɛɡ.jʊ.lə.t(ɔː.)ɹi/,reg·u·lat·ory,This regulatory change may affect molecular regulation.,这种调节性的变化可能影响分子调控。,Pervasive phenotypic effects of FBXO42 are promoted by regulation of PP4 phosphatase.,10.1038/s44318-025-00675-y,,,25,29
ME-W195,word,195,1,objective,研究目标,noun,communication,/ɒbˈd͡ʒɛk.tɪv/,ob·ject·ive,We discussed the role of objective in the interpretation of the results.,我们讨论了研究目标在结果解读中的作用。,Integrated Plasma and Tissue Proteomics Reveals Attractin Release by Intraluminal Thrombus of Abdominal Aortic Aneurysms and Improves Aneurysm Growth Prediction in Humans.,10.1097/sla.0000000000004439,,,14,14
ME-W196,word,196,1,evidence,证据,noun,communication,/ˈɛv.ɪ.dəns/,evid·ence,We discussed the role of evidence in the interpretation of the results.,我们讨论了证据在结果解读中的作用。,A systems-based approach to uterine fibroids identifies differential splicing associated with abnormal uterine bleeding.,10.1038/s43856-025-01051-x,,,27,29
ME-W197,word,197,1,implication,意义或影响,noun,communication,/ˌɪmpləˈkeɪʃən/,im·plic·a·tion,We discussed the role of implication in the interpretation of the results.,我们讨论了意义或影响在结果解读中的作用。,A cytoplasmic motif in HLA-E that drives clathrin-mediated endocytosis and VCP-associated postendocytic trafficking.,10.1073/pnas.2514956122,,,0,0
ME-W198,word,198,1,conclusion,结论,noun,communication,/kənˈkluːʒən/,con·clu·sion,We discussed the role of conclusion in the interpretation of the results.,我们讨论了结论在结果解读中的作用。,Unconventional human CD61 pairing with CD103 promotes TCR signaling and antigen-specific T cell cytotoxicity.,10.1038/s41590-024-01802-3,,,19,19
ME-W199,word,199,1,hypothesis,假设,noun,communication,/haɪˈpɒθɪsɪs/,hy·po·thes·is,We discussed the role of hypothesis in the interpretation of the results.,我们讨论了假设在结果解读中的作用。,Deep Proteomics Network and Machine Learning Analysis of Human Cerebrospinal Fluid in Japanese Encephalitis Virus Infection.,10.1021/acs.jproteome.2c00563,,,7,7
ME-W200,word,200,1,reproducibility,可重复性,noun,communication,/ˌriːprədjuːsəˈbɪləti/,re·pro·du·cib·il·ity,We discussed the role of reproducibility in the interpretation of the results.,我们讨论了可重复性在结果解读中的作用。,Assessing the quality and reproducibility of a proteomic platform for clinical stroke biomarker discovery.,10.1007/s12975-010-0036-2,,,1,3
ME-P001,phrase,1,1,mass spectrometry,质谱,noun phrase,mass-spec,/mæs spɛkˈtrɒmɪtri/,mass spec·tro·metry,The project examines mass spectrometry in a relevant biological context.,该项目在相关生物学背景下研究质谱。,Analytical challenges for mapping non-canonical and non-protein ubiquitin/Ubl modifications by mass spectrometry.,10.1080/14789450.2026.2624128,,,3,0
ME-P002,phrase,2,1,tandem mass spectrometry,串联质谱,noun phrase,mass-spec,/ˈtændəm mæs spɛkˈtrɒmɪtri/,tan·dem mass spec·tro·metry,The project examines tandem mass spectrometry in a relevant biological context.,该项目在相关生物学背景下研究串联质谱。,Protocol to profile spatially resolved NLRP3 inflammasome complexes using APEX2-based proximity labeling.,10.1016/j.xpro.2024.103417,,,3,0
ME-P003,phrase,3,1,liquid chromatography,液相色谱,noun phrase,mass-spec,/ˈlɪkwɪd ˌkrəʊməˈtɒɡrəfi/,li·quid chro·ma·to·graphy,The project examines liquid chromatography in a relevant biological context.,该项目在相关生物学背景下研究液相色谱。,Protocol to profile spatially resolved NLRP3 inflammasome complexes using APEX2-based proximity labeling.,10.1016/j.xpro.2024.103417,,,3,0
ME-P004,phrase,4,1,LC-MS/MS,液相色谱-串联质谱,noun phrase,mass-spec,/ˌɛl siː ˌɛm ɛs ˌɛm ɛs/,lc-m·s/ms,The project examines LC-MS/MS in a relevant biological context.,该项目在相关生物学背景下研究液相色谱-串联质谱。,Protocol to profile spatially resolved NLRP3 inflammasome complexes using APEX2-based proximity labeling.,10.1016/j.xpro.2024.103417,,,3,0
ME-P005,phrase,5,1,quantitative proteomics,定量蛋白质组学,noun phrase,proteomics,/ˈkwɒntɪtətɪv ˌprəʊtiˈɒmɪks/,quant·it·at·ive pro·teo·m·ics,The project examines quantitative proteomics in a relevant biological context.,该项目在相关生物学背景下研究定量蛋白质组学。,Structural Dynamics of the Ubiquitin Specific Protease USP30 in Complex with a Cyanopyrrolidine-Containing Covalent Inhibitor.,10.1021/acs.jproteome.4c00618,,,3,0
ME-P006,phrase,6,1,functional proteomics,功能蛋白质组学,noun phrase,proteomics,/ˈfʌŋkt͡ʃənəl ˌprəʊtiˈɒmɪks/,func·tion·al pro·teo·m·ics,The project examines functional proteomics in a relevant biological context.,该项目在相关生物学背景下研究功能蛋白质组学。,Putting proteomics on target: activity-based profiling of ubiquitin and ubiquitin-like processing enzymes.,10.1586/14789450.3.2.213,,,3,0
ME-P007,phrase,7,1,quantitative mass spectrometry,定量质谱,noun phrase,mass-spec,/ˈkwɒntɪtətɪv mæs spɛkˈtrɒmɪtri/,quant·it·at·ive mass spec·tro·metry,The project examines quantitative mass spectrometry in a relevant biological context.,该项目在相关生物学背景下研究定量质谱。,Proteomics analysis of the matrisome from MC38 experimental mouse liver metastases.,10.1152/ajpgi.00014.2019,,,3,0
ME-P008,phrase,8,1,sample preparation,样品制备,noun phrase,methods,/ˈsɑːm.pəl ˌpɹɛpəˈɹeɪʃ(ə)n/,sample pre·par·a·tion,The project examines sample preparation in a relevant biological context.,该项目在相关生物学背景下研究样品制备。,Towards light-coupled sample preparation for time-resolved cryoEM studies.,10.1107/s2052252526005324,,,3,0
ME-P009,phrase,9,1,protein profiling,蛋白质谱分析,noun phrase,proteomics,/ˈpɹəʊ.ti.ɪn ˈprəʊfaɪlɪŋ/,pro·tein pro·fil·ing,The project examines protein profiling in a relevant biological context.,该项目在相关生物学背景下研究蛋白质谱分析。,USP24 is a cross-reactive DUB targeting MOV10 to regulate IFN-I production.,10.1038/s41467-026-74490-2,,,3,0
ME-P010,phrase,10,1,protein abundance,蛋白质丰度,noun phrase,proteomics,/ˈpɹəʊ.ti.ɪn əˈbʌn.dn̩s/,pro·tein abund·ance,The project examines protein abundance in a relevant biological context.,该项目在相关生物学背景下研究蛋白质丰度。,Deep topographic proteomics of a human brain tumour.,10.1038/s41467-023-43520-8,,,3,0
ME-P011,phrase,11,1,proteomic signature,蛋白质组特征,noun phrase,proteomics,/ˌprəʊtiˈɒmɪk ˈsɪɡ.nə.t͡ʃə/,pro·teo·m·ic sig·na·ture,The project examines proteomic signature in a relevant biological context.,该项目在相关生物学背景下研究蛋白质组特征。,Proteomic profiling of the brain of mice with experimental cerebral malaria.,10.1016/j.jprot.2017.06.002,,,3,0
ME-P012,phrase,12,1,ubiquitin ligase,泛素连接酶,noun phrase,ubiquitin,/juːˈbɪkwɪtɪn ˈlɪɡeɪz/,ubi·quitin li·g·ase,The project examines ubiquitin ligase in a relevant biological context.,该项目在相关生物学背景下研究泛素连接酶。,Pervasive phenotypic effects of FBXO42 are promoted by regulation of PP4 phosphatase.,10.1038/s44318-025-00675-y,,,3,0
ME-P013,phrase,13,1,ubiquitin chain,泛素链,noun phrase,ubiquitin,/juːˈbɪkwɪtɪn ˈt͡ʃeɪn/,ubi·quitin chain,The project examines ubiquitin chain in a relevant biological context.,该项目在相关生物学背景下研究泛素链。,The deubiquitinase TRABID stabilizes the K29/K48-specific E3 ubiquitin ligase HECTD1.,10.1074/jbc.ra120.015162,,,3,0
ME-P014,phrase,14,1,ubiquitin-proteasome system,泛素-蛋白酶体系统,noun phrase,ubiquitin,/juːˈbɪkwɪtɪn ˈprəʊtiəsəʊm ˈsɪstəm/,ubi·quit·in-·pro·tea·some sys·tem,The project examines ubiquitin-proteasome system in a relevant biological context.,该项目在相关生物学背景下研究泛素-蛋白酶体系统。,Activity-based protein profiling reveals both canonical and novel ubiquitin pathway enzymes in Plasmodium.,10.1371/journal.ppat.1013032,,,3,0
ME-P015,phrase,15,1,deubiquitinating enzyme,去泛素化酶,noun phrase,ubiquitin,/ˌdiːjuːˈbɪkwɪtɪneɪtɪŋ ˈɛn.zaɪm/,deu·bi·quit·in·at·ing en·zyme,The project examines deubiquitinating enzyme in a relevant biological context.,该项目在相关生物学背景下研究去泛素化酶。,Covalent Fragment Screening and Optimization Identifies the Chloroacetohydrazide Scaffold as Inhibitors for Ubiquitin C-terminal Hydrolase L1.,10.1021/acs.jmedchem.3c01661,,,3,0
ME-P016,phrase,16,1,deubiquitylating enzyme,去泛素化酶,noun phrase,ubiquitin,/ˌdiːjuːˈbɪkwɪtɪleɪtɪŋ ˈɛn.zaɪm/,deu·bi·quitylat·ing en·zyme,The project examines deubiquitylating enzyme in a relevant biological context.,该项目在相关生物学背景下研究去泛素化酶。,Structural Premise of Selective Deubiquitinase USP30 Inhibition by Small-Molecule Benzosulfonamides.,10.1016/j.mcpro.2023.100609,,,3,0
ME-P017,phrase,17,1,proteasome activity,蛋白酶体活性,noun phrase,ubiquitin,/ˈprəʊtiəsəʊm ækˈtɪv.ɪ.ti/,pro·tea·some activ·ity,The project examines proteasome activity in a relevant biological context.,该项目在相关生物学背景下研究蛋白酶体活性。,Tetrahydrobiopterin modulates ubiquitin conjugation to UBC13/UBE2N and proteasome activity by S-nitrosation.,10.1038/s41598-018-32481-4,,,3,0
ME-P018,phrase,18,1,proteasome inhibitor,蛋白酶体抑制剂,noun phrase,ubiquitin,/ˈprəʊtiəsəʊm ɪnˈhɪbɪtə/,pro·tea·some in·hib·it·or,The project examines proteasome inhibitor in a relevant biological context.,该项目在相关生物学背景下研究蛋白酶体抑制剂。,Regulation of SUMO2 target proteins by the proteasome in human cells exposed to replication stress.,10.1021/pr500997p,,,3,0
ME-P019,phrase,19,1,cysteine protease,半胱氨酸蛋白酶,noun phrase,protease,/ˈsɪstiːn ˈpɹəʊtɪeɪz/,cysteine pro·tease,The project examines cysteine protease in a relevant biological context.,该项目在相关生物学背景下研究半胱氨酸蛋白酶。,A deubiquitinating enzyme encoded by HSV-1 belongs to a family of cysteine proteases that is conserved across the family Herpesviridae.,10.1016/j.molcel.2005.07.003,,,2,0
ME-P020,phrase,20,1,active site,活性位点,noun phrase,protease,/ˈæk.tɪv saɪt/,act·ive site,The project examines active site in a relevant biological context.,该项目在相关生物学背景下研究活性位点。,Structural Dynamics of the Ubiquitin Specific Protease USP30 in Complex with a Cyanopyrrolidine-Containing Covalent Inhibitor.,10.1021/acs.jproteome.4c00618,,,3,0
ME-P021,phrase,21,1,catalytic domain,催化结构域,noun phrase,protease,/ˌkætəˈlɪtɪk ˌdəʊˈmeɪ̯n/,cata·lyt·ic do·main,The project examines catalytic domain in a relevant biological context.,该项目在相关生物学背景下研究催化结构域。,Structural basis for SMAC-mediated antagonism of caspase inhibition by the giant ubiquitin ligase BIRC6.,10.1126/science.ade8840,,,3,0
ME-P022,phrase,22,1,catalytic activity,催化活性,noun phrase,protease,/ˌkætəˈlɪtɪk ækˈtɪv.ɪ.ti/,cata·lyt·ic activ·ity,The project examines catalytic activity in a relevant biological context.,该项目在相关生物学背景下研究催化活性。,The deubiquitylase USP9X controls ribosomal stalling.,10.1083/jcb.202004211,,,3,0
ME-P023,phrase,23,1,target engagement,靶点结合,noun phrase,drug-discovery,/ˈtɑː.ɡɪt ɪnˈɡeɪd͡ʒ.mənt/,tar·get en·gage·ment,The project examines target engagement in a relevant biological context.,该项目在相关生物学背景下研究靶点结合。,Structural Premise of Selective Deubiquitinase USP30 Inhibition by Small-Molecule Benzosulfonamides.,10.1016/j.mcpro.2023.100609,,,3,0
ME-P024,phrase,24,1,therapeutic target,治疗靶点,noun phrase,drug-discovery,/ˌθɛɹ.əˈpjuː.tɪk ˈtɑː.ɡɪt/,thera·peut·ic tar·get,The project examines therapeutic target in a relevant biological context.,该项目在相关生物学背景下研究治疗靶点。,USP28 deletion and small-molecule inhibition destabilizes c-MYC and elicits regression of squamous cell lung carcinoma.,10.7554/elife.71596,,,3,0
ME-P025,phrase,25,1,small molecule,小分子,noun phrase,drug-discovery,/smɔːl ˈmɒl.ɪ.kjuːl/,small mo·lecule,The project examines small molecule in a relevant biological context.,该项目在相关生物学背景下研究小分子。,Analytical challenges for mapping non-canonical and non-protein ubiquitin/Ubl modifications by mass spectrometry.,10.1080/14789450.2026.2624128,,,3,0
ME-P026,phrase,26,1,post-translational modification,翻译后修饰,noun phrase,molecular-biology,/pəʊst tɹænzˈleɪʃənəl ˌmɒdɪfɪˈkeɪʃən/,post-trans·la·tion·al modi·fic·a·tion,The project examines post-translational modification in a relevant biological context.,该项目在相关生物学背景下研究翻译后修饰。,Cyclin F-EXO1 axis controls cell cycle-dependent execution of double-strand break repair.,10.1126/sciadv.ado0636,,,3,0
ME-P027,phrase,27,1,lysine residue,赖氨酸残基,noun phrase,ubiquitin,/ˈlaɪsiːn ˈrezɪdjuː/,lys·ine residue,The project examines lysine residue in a relevant biological context.,该项目在相关生物学背景下研究赖氨酸残基。,The Jumonji-C oxygenase JMJD7 catalyzes (3S)-lysyl hydroxylation of TRAFAC GTPases.,10.1038/s41589-018-0071-y,,,3,0
ME-P028,phrase,28,1,cysteine residue,半胱氨酸残基,noun phrase,protease,/ˈsɪstiːn ˈrezɪdjuː/,cysteine residue,The project examines cysteine residue in a relevant biological context.,该项目在相关生物学背景下研究半胱氨酸残基。,The deubiquitinase TRABID stabilizes the K29/K48-specific E3 ubiquitin ligase HECTD1.,10.1074/jbc.ra120.015162,,,2,0
ME-P029,phrase,29,1,amino acid,氨基酸,noun phrase,molecular-biology,/əˈmiːnəʊ ˈæsɪd/,amino acid,The project examines amino acid in a relevant biological context.,该项目在相关生物学背景下研究氨基酸。,Amino acid and viral binding by the high-affinity Cationic Amino acid Transporter 1 (CAT1) from Mus musculus.,10.1038/s41467-026-69421-0,,,3,0
ME-P030,phrase,30,1,side chain,侧链,noun phrase,molecular-biology,/ˈsaɪ̯d ˈt͡ʃeɪn/,side chain,The project examines side chain in a relevant biological context.,该项目在相关生物学背景下研究侧链。,Posttranslational mutagenesis: A chemical strategy for exploring protein side-chain diversity.,10.1126/science.aag1465,,,2,0
ME-P031,phrase,31,1,protein degradation,蛋白质降解,noun phrase,ubiquitin,/ˈpɹəʊ.ti.ɪn ˌdɛɡɹəˈdeɪʃən/,pro·tein de·grad·a·tion,The project examines protein degradation in a relevant biological context.,该项目在相关生物学背景下研究蛋白质降解。,Cytoskeletal protein degradation in brain death donor kidneys associates with adverse posttransplant outcomes.,10.1111/ajt.16912,,,3,0
ME-P032,phrase,32,1,protein turnover,蛋白质周转,noun phrase,ubiquitin,/ˈpɹəʊ.ti.ɪn ˈtɜːnəʊvə/,pro·tein turnover,The project examines protein turnover in a relevant biological context.,该项目在相关生物学背景下研究蛋白质周转。,Analytical challenges for mapping non-canonical and non-protein ubiquitin/Ubl modifications by mass spectrometry.,10.1080/14789450.2026.2624128,,,3,0
ME-P033,phrase,33,1,gene expression,基因表达,noun phrase,molecular-biology,/d͡ʒiːn əkˈspɹɛʃ.n̩/,gene ex·pres·sion,The project examines gene expression in a relevant biological context.,该项目在相关生物学背景下研究基因表达。,The Mechano-Ubiquitinome of Articular Cartilage: Differential Ubiquitination and Activation of a Group of ER-Associated DUBs and ER Stress Regulators.,10.1016/j.mcpro.2022.100419,,,3,0
ME-P034,phrase,34,1,transcription factor,转录因子,noun phrase,molecular-biology,/tɹænˈskɹɪpʃən ˈfæk.təː/,tran·scrip·tion factor,The project examines transcription factor in a relevant biological context.,该项目在相关生物学背景下研究转录因子。,Distinct contributions of DNA methylation and histone acetylation to the genomic occupancy of transcription factors.,10.1101/gr.257576.119,,,3,0
ME-P035,phrase,35,1,transcriptional activation,转录激活,noun phrase,molecular-biology,/trænˈskrɪpʃənəl ˌæktɪˈveɪʃn̩/,tran·scrip·tion·al ac·tiv·a·tion,The project examines transcriptional activation in a relevant biological context.,该项目在相关生物学背景下研究转录激活。,Cofactor Strap regulates oxidative phosphorylation and mitochondrial p53 activity through ATP synthase.,10.1038/cdd.2014.135,,,3,0
ME-P036,phrase,36,1,DNA damage,DNA损伤,noun phrase,molecular-biology,/ˌdiː en ˈeɪ ˈdæmɪd͡ʒ/,dna dam·age,The project examines DNA damage in a relevant biological context.,该项目在相关生物学背景下研究DNA损伤。,Pervasive phenotypic effects of FBXO42 are promoted by regulation of PP4 phosphatase.,10.1038/s44318-025-00675-y,,,3,0
ME-P037,phrase,37,1,DNA repair,DNA修复,noun phrase,molecular-biology,/ˌdiː en ˈeɪ ɹɪˈpɛə/,dna re·pair,The project examines DNA repair in a relevant biological context.,该项目在相关生物学背景下研究DNA修复。,p97/VCP inhibition causes excessive MRE11-dependent DNA end resection promoting cell killing after ionizing radiation.,10.1016/j.celrep.2021.109153,,,3,0
ME-P038,phrase,38,1,DNA replication,DNA复制,noun phrase,molecular-biology,/ˌdiː en ˈeɪ ɹɛplɪˈkeɪʃən/,dna rep·lic·a·tion,The project examines DNA replication in a relevant biological context.,该项目在相关生物学背景下研究DNA复制。,BLM and BRCA1-BARD1 coordinate complementary mechanisms of joint DNA molecule resolution.,10.1016/j.molcel.2023.12.040,,,3,0
ME-P039,phrase,39,1,replication stress,复制应激,noun phrase,molecular-biology,/ɹɛplɪˈkeɪʃən ˈstɹɛs/,rep·lic·a·tion stress,The project examines replication stress in a relevant biological context.,该项目在相关生物学背景下研究复制应激。,The Bloom syndrome complex senses RPA-coated single-stranded DNA to restart stalled replication forks.,10.1038/s41467-020-20818-5,,,3,0
ME-P040,phrase,40,1,genome stability,基因组稳定性,noun phrase,molecular-biology,/ˈd͡ʒiː.nəʊm stəˈbɪlɪti/,gen·ome sta·bil·ity,The project examines genome stability in a relevant biological context.,该项目在相关生物学背景下研究基因组稳定性。,MDC1 Interacts with TOPBP1 to Maintain Chromosomal Stability during Mitosis.,10.1016/j.molcel.2019.02.014,,,3,0
ME-P041,phrase,41,1,cell cycle,细胞周期,noun phrase,cell-biology,/sɛl ˈsaɪ.kəl/,cell cycle,The project examines cell cycle in a relevant biological context.,该项目在相关生物学背景下研究细胞周期。,Pervasive phenotypic effects of FBXO42 are promoted by regulation of PP4 phosphatase.,10.1038/s44318-025-00675-y,,,3,0
ME-P042,phrase,42,1,cell proliferation,细胞增殖,noun phrase,cell-biology,/sɛl pɹəˌlɪf.əˈɹeɪ.ʃən/,cell pro·lif·er·a·tion,The project examines cell proliferation in a relevant biological context.,该项目在相关生物学背景下研究细胞增殖。,Linker Histone H1.2 Directs Genome-wide Chromatin Association of the Retinoblastoma Tumor Suppressor Protein and Facilitates Its Function.,10.1016/j.celrep.2017.05.053,,,3,0
ME-P043,phrase,43,1,cell survival,细胞存活,noun phrase,cell-biology,/sɛl səˈvaɪ.vəl/,cell sur·viv·al,The project examines cell survival in a relevant biological context.,该项目在相关生物学背景下研究细胞存活。,Pervasive phenotypic effects of FBXO42 are promoted by regulation of PP4 phosphatase.,10.1038/s44318-025-00675-y,,,3,0
ME-P044,phrase,44,1,cell death,细胞死亡,noun phrase,cell-biology,/sɛl dɛθ/,cell death,The project examines cell death in a relevant biological context.,该项目在相关生物学背景下研究细胞死亡。,Targeting G1-S-checkpoint-compromised cancers with cyclin A/B RxL inhibitors.,10.1038/s41586-025-09433-w,,,3,0
ME-P045,phrase,45,1,oxidative stress,氧化应激,noun phrase,cell-biology,/ˈɒksɪdətɪv ˈstɹɛs/,ox·id·at·ive stress,The project examines oxidative stress in a relevant biological context.,该项目在相关生物学背景下研究氧化应激。,Targeted delivery of galunisertib using machine perfusion reduces fibrogenesis in an integrated ex vivo renal transplant and fibrogenesis model.,10.1111/bph.16220,,,3,0
ME-P046,phrase,46,1,reactive oxygen species,活性氧,noun phrase,cell-biology,/ɹiːˈæktɪv ˈɒksɪd͡ʒən ˈspiːʃiːz/,re·act·ive oxy·gen spe·cies,The project examines reactive oxygen species in a relevant biological context.,该项目在相关生物学背景下研究活性氧。,Amine oxidase 3 is a novel pro-inflammatory marker of oxidative stress in peritoneal endometriosis lesions.,10.1038/s41598-020-58362-3,,,3,0
ME-P047,phrase,47,1,immune response,免疫反应,noun phrase,immunology,/ɪˈmjuːn ɹɪˈspɒns/,im·mune re·sponse,The project examines immune response in a relevant biological context.,该项目在相关生物学背景下研究免疫反应。,Multidimensional proteomics and explainable AI feature selection identify cross-platform lung cancer molecular signature in blood plasma.,10.1038/s43856-026-01701-8,,,3,0
ME-P048,phrase,48,1,innate immune response,先天免疫反应,noun phrase,immunology,/ɪˈneɪt ɪˈmjuːn ɹɪˈspɒns/,in·nate im·mune re·sponse,The project examines innate immune response in a relevant biological context.,该项目在相关生物学背景下研究先天免疫反应。,USP24 is a cross-reactive DUB targeting MOV10 to regulate IFN-I production.,10.1038/s41467-026-74490-2,,,3,0
ME-P049,phrase,49,1,antigen processing,抗原加工,noun phrase,immunology,/ˈæntɪdʒən ˈpɹəʊsɛsɪŋ/,an·ti·gen pro·cessing,The project examines antigen processing in a relevant biological context.,该项目在相关生物学背景下研究抗原加工。,SARS-CoV-2 mutations affect antigen processing by the proteasome to alter CD8<sup>+</sup> T cell responses.,10.1016/j.heliyon.2023.e20076,,,3,0
ME-P050,phrase,50,1,antigen presentation,抗原呈递,noun phrase,immunology,/ˈæntɪdʒən ˌprezənˈteɪʃən/,an·ti·gen present·a·tion,The project examines antigen presentation in a relevant biological context.,该项目在相关生物学背景下研究抗原呈递。,Altered ISGylation drives aberrant macrophage-dependent immune responses during SARS-CoV-2 infection.,10.1038/s41590-021-01035-8,,,3,0
ME-P051,phrase,51,1,major histocompatibility complex,主要组织相容性复合体,noun phrase,immunology,/ˈmeɪ.d͡ʒə(ɹ) ˌhɪstəʊkəmˌpætəˈbɪləti ˈkɒmplɛks/,ma·jor his·to·com·pat·ib·il·ity com·plex,The project examines major histocompatibility complex in a relevant biological context.,该项目在相关生物学背景下研究主要组织相容性复合体。,Nilabh Shastri - Towards understanding classical and non-classical MHC-I antigen processing and presentation.,10.1016/j.cellimm.2022.104638,,,3,0
ME-P052,phrase,52,1,endoplasmic reticulum,内质网,noun phrase,cell-biology,/ˌendəʊˈplæzmɪk rɪˈtɪkjʊləm/,en·do·plas·mic re·tic·ulum,The project examines endoplasmic reticulum in a relevant biological context.,该项目在相关生物学背景下研究内质网。,Data-independent acquisition proteomics of cerebrospinal fluid implicates endoplasmic reticulum and inflammatory mechanisms in amyotrophic lateral sclerosis.,10.1111/jnc.16030,,,3,0
ME-P053,phrase,53,1,extracellular matrix,细胞外基质,noun phrase,cell-biology,/ˌekstrəˈseljʊlə ˈmeɪ.tɹɪks/,ex·tra·cel·lu·lar mat·rix,The project examines extracellular matrix in a relevant biological context.,该项目在相关生物学背景下研究细胞外基质。,A systems-based approach to uterine fibroids identifies differential splicing associated with abnormal uterine bleeding.,10.1038/s43856-025-01051-x,,,3,0
ME-P054,phrase,54,1,biomarker discovery,生物标志物发现,noun phrase,clinical,/ˈbaɪəʊˌmɑːkə dɪˈskʌv.ɹi/,bio·mark·er dis·cov·ery,The project examines biomarker discovery in a relevant biological context.,该项目在相关生物学背景下研究生物标志物发现。,Multidimensional proteomics and explainable AI feature selection identify cross-platform lung cancer molecular signature in blood plasma.,10.1038/s43856-026-01701-8,,,3,0
ME-P055,phrase,55,1,molecular signature,分子特征,noun phrase,proteomics,/məˈlɛk.jʊ.lə ˈsɪɡ.nə.t͡ʃə/,mo·lecu·lar sig·na·ture,The project examines molecular signature in a relevant biological context.,该项目在相关生物学背景下研究分子特征。,Multidimensional proteomics and explainable AI feature selection identify cross-platform lung cancer molecular signature in blood plasma.,10.1038/s43856-026-01701-8,,,2,0
ME-P056,phrase,56,1,protein aggregation,蛋白质聚集,noun phrase,proteomics,/ˈpɹəʊ.ti.ɪn æɡɹəˈɡeɪʃən/,pro·tein ag·greg·a·tion,The project examines protein aggregation in a relevant biological context.,该项目在相关生物学背景下研究蛋白质聚集。,Spatial protein expression patterns across pathologically-associated fibers revealed molecular specialization in inclusion body myositis.,10.1186/s12964-026-02720-7,,,3,0
ME-P057,phrase,57,1,protein-protein interaction,蛋白质相互作用,noun phrase,molecular-biology,/ˈpɹəʊ.ti.ɪn ˈpɹəʊ.ti.ɪn ˌɪn.təˈɹæk.ʃən/,pro·tein-·pro·tein in·ter·ac·tion,The project examines protein-protein interaction in a relevant biological context.,该项目在相关生物学背景下研究蛋白质相互作用。,Identification of UHRF2 as a novel DNA interstrand crosslink sensor protein.,10.1371/journal.pgen.1007643,,,1,0
ME-P058,phrase,58,1,loss of function,功能缺失,noun phrase,molecular-biology,/lɒs ɒv ˈfʌŋ(k)ʃən/,loss of func·tion,The project examines loss of function in a relevant biological context.,该项目在相关生物学背景下研究功能缺失。,Targeting G1-S-checkpoint-compromised cancers with cyclin A/B RxL inhibitors.,10.1038/s41586-025-09433-w,,,3,0
ME-P059,phrase,59,1,gain of function,功能获得,noun phrase,molecular-biology,/ɡeɪn ɒv ˈfʌŋ(k)ʃən/,gain of func·tion,The project examines gain of function in a relevant biological context.,该项目在相关生物学背景下研究功能获得。,Targeting G1-S-checkpoint-compromised cancers with cyclin A/B RxL inhibitors.,10.1038/s41586-025-09433-w,,,3,0
ME-P060,phrase,60,1,mechanism of action,作用机制,noun phrase,drug-discovery,/ˈmɛk.ə.nɪ.zəm ɒv ˈækʃən̩/,mech·an·ism of ac·tion,The project examines mechanism of action in a relevant biological context.,该项目在相关生物学背景下研究作用机制。,"Re-Evaluating the Mechanism of Action of α,β-Unsaturated Carbonyl DUB Inhibitors b-AP15 and VLX1570: A Paradigmatic Example of Unspecific Protein Cross-linking with Michael Acceptor Motif-Containing Drugs.",10.1021/acs.jmedchem.0c00144,,,3,0
ME-S001,sentence,1,1,Thank you for taking the time to meet with me today.,感谢您今天抽时间与我会面。,scientific communication,communication,,,Thank you for taking the time to meet with me today.,感谢您今天抽时间与我会面。,Generated meeting-practice sentence,,,,0,0
ME-S002,sentence,2,1,"My name is Tao Ding, and I am a PhD candidate at Peking Union Medical College.",我叫丁涛，是北京协和医学院的博士研究生。,scientific communication,communication,,,"My name is Tao Ding, and I am a PhD candidate at Peking Union Medical College.",我叫丁涛，是北京协和医学院的博士研究生。,Generated meeting-practice sentence,,,,0,0
ME-S003,sentence,3,1,My current project focuses on protein lactylation in C. elegans.,我目前的课题聚焦于秀丽隐杆线虫中的蛋白质乳酸化。,scientific communication,communication,,,My current project focuses on protein lactylation in C. elegans.,我目前的课题聚焦于秀丽隐杆线虫中的蛋白质乳酸化。,Generated meeting-practice sentence,,,,0,0
ME-S004,sentence,4,1,I use mass spectrometry-based proteomics to characterize post-translational modifications.,我使用基于质谱的蛋白质组学来表征翻译后修饰。,scientific communication,communication,,,I use mass spectrometry-based proteomics to characterize post-translational modifications.,我使用基于质谱的蛋白质组学来表征翻译后修饰。,Generated meeting-practice sentence,,,,0,0
ME-S005,sentence,5,1,The main question is how these modifications affect protein function and cellular pathways.,核心问题是这些修饰如何影响蛋白质功能和细胞通路。,scientific communication,communication,,,The main question is how these modifications affect protein function and cellular pathways.,核心问题是这些修饰如何影响蛋白质功能和细胞通路。,Generated meeting-practice sentence,,,,0,0
ME-S006,sentence,6,1,I would like to briefly introduce my current work.,我想简要介绍一下目前的工作。,scientific communication,communication,,,I would like to briefly introduce my current work.,我想简要介绍一下目前的工作。,Generated meeting-practice sentence,,,,0,0
ME-S007,sentence,7,1,This slide shows the overall experimental workflow.,这张幻灯片展示了总体实验流程。,scientific communication,communication,,,This slide shows the overall experimental workflow.,这张幻灯片展示了总体实验流程。,Generated meeting-practice sentence,,,,0,0
ME-S008,sentence,8,1,"First, we collected samples under the indicated conditions.",首先，我们在指定条件下收集了样本。,scientific communication,communication,,,"First, we collected samples under the indicated conditions.",首先，我们在指定条件下收集了样本。,Generated meeting-practice sentence,,,,0,0
ME-S009,sentence,9,1,"We then performed protein extraction, digestion, and LC-MS/MS analysis.",随后，我们进行了蛋白提取、酶解和LC-MS/MS分析。,scientific communication,communication,,,"We then performed protein extraction, digestion, and LC-MS/MS analysis.",随后，我们进行了蛋白提取、酶解和LC-MS/MS分析。,Generated meeting-practice sentence,,,,0,0
ME-S010,sentence,10,1,The data were analyzed to identify differentially modified proteins.,我们分析数据以鉴定差异修饰蛋白。,scientific communication,communication,,,The data were analyzed to identify differentially modified proteins.,我们分析数据以鉴定差异修饰蛋白。,Generated meeting-practice sentence,,,,0,0
ME-S011,sentence,11,1,Our preliminary results suggest that several metabolic pathways may be involved.,我们的初步结果提示可能涉及若干代谢通路。,scientific communication,communication,,,Our preliminary results suggest that several metabolic pathways may be involved.,我们的初步结果提示可能涉及若干代谢通路。,Generated meeting-practice sentence,,,,0,0
ME-S012,sentence,12,1,We observed enrichment in several metabolic pathways.,我们观察到若干代谢通路出现富集。,scientific communication,communication,,,We observed enrichment in several metabolic pathways.,我们观察到若干代谢通路出现富集。,Generated meeting-practice sentence,,,,0,0
ME-S013,sentence,13,1,One possible explanation is that the modification alters protein stability.,一种可能的解释是该修饰改变了蛋白质稳定性。,scientific communication,communication,,,One possible explanation is that the modification alters protein stability.,一种可能的解释是该修饰改变了蛋白质稳定性。,Generated meeting-practice sentence,,,,0,0
ME-S014,sentence,14,1,"However, this interpretation still requires further validation.",不过，这一解释仍需进一步验证。,scientific communication,communication,,,"However, this interpretation still requires further validation.",不过，这一解释仍需进一步验证。,Generated meeting-practice sentence,,,,0,0
ME-S015,sentence,15,1,The main limitation is the current sample size.,主要局限是目前的样本量。,scientific communication,communication,,,The main limitation is the current sample size.,主要局限是目前的样本量。,Generated meeting-practice sentence,,,,0,0
ME-S016,sentence,16,1,We are currently repeating the key experiments.,我们目前正在重复关键实验。,scientific communication,communication,,,We are currently repeating the key experiments.,我们目前正在重复关键实验。,Generated meeting-practice sentence,,,,0,0
ME-S017,sentence,17,1,I am particularly interested in your work on ubiquitin and protease biology.,我尤其对您在泛素和蛋白酶生物学方面的研究感兴趣。,scientific communication,communication,,,I am particularly interested in your work on ubiquitin and protease biology.,我尤其对您在泛素和蛋白酶生物学方面的研究感兴趣。,Generated meeting-practice sentence,,,,0,0
ME-S018,sentence,18,1,I would like to learn activity-based proteomics in your laboratory.,我希望在您的实验室学习活性导向的蛋白质组学。,scientific communication,communication,,,I would like to learn activity-based proteomics in your laboratory.,我希望在您的实验室学习活性导向的蛋白质组学。,Generated meeting-practice sentence,,,,0,0
ME-S019,sentence,19,1,I am also interested in combining ubiquitin profiling with quantitative mass spectrometry.,我也对将泛素谱分析与定量质谱相结合感兴趣。,scientific communication,communication,,,I am also interested in combining ubiquitin profiling with quantitative mass spectrometry.,我也对将泛素谱分析与定量质谱相结合感兴趣。,Generated meeting-practice sentence,,,,0,0
ME-S020,sentence,20,1,"During the visit, I hope to develop a focused and feasible project.",访学期间，我希望开展一个聚焦且可行的项目。,scientific communication,communication,,,"During the visit, I hope to develop a focused and feasible project.",访学期间，我希望开展一个聚焦且可行的项目。,Generated meeting-practice sentence,,,,0,0
ME-S021,sentence,21,1,I would be happy to adapt the plan to your group's current priorities.,我愿意根据您课题组当前的重点调整计划。,scientific communication,communication,,,I would be happy to adapt the plan to your group's current priorities.,我愿意根据您课题组当前的重点调整计划。,Generated meeting-practice sentence,,,,0,0
ME-S022,sentence,22,1,Could you please advise me on which direction would be most useful?,您能否建议哪个方向最有价值？,scientific communication,communication,,,Could you please advise me on which direction would be most useful?,您能否建议哪个方向最有价值？,Generated meeting-practice sentence,,,,0,0
ME-S023,sentence,23,1,Which part of this project do you think is most feasible?,您认为这个项目的哪一部分最可行？,scientific communication,communication,,,Which part of this project do you think is most feasible?,您认为这个项目的哪一部分最可行？,Generated meeting-practice sentence,,,,0,0
ME-S024,sentence,24,1,Are there any ongoing projects that I could contribute to?,是否有我可以参与的在研项目？,scientific communication,communication,,,Are there any ongoing projects that I could contribute to?,是否有我可以参与的在研项目？,Generated meeting-practice sentence,,,,0,0
ME-S025,sentence,25,1,I would appreciate the opportunity to learn from your team.,如果有机会向您的团队学习，我将非常感谢。,scientific communication,communication,,,I would appreciate the opportunity to learn from your team.,如果有机会向您的团队学习，我将非常感谢。,Generated meeting-practice sentence,,,,0,0
ME-S026,sentence,26,1,"Sorry, could you please say that again more slowly?",抱歉，您能否再慢一点说一遍？,scientific communication,communication,,,"Sorry, could you please say that again more slowly?",抱歉，您能否再慢一点说一遍？,Generated meeting-practice sentence,,,,0,0
ME-S027,sentence,27,1,Could you please rephrase the question?,您能换一种方式表述这个问题吗？,scientific communication,communication,,,Could you please rephrase the question?,您能换一种方式表述这个问题吗？,Generated meeting-practice sentence,,,,0,0
ME-S028,sentence,28,1,"If I understood correctly, you are asking about the experimental design.",如果我理解正确，您是在询问实验设计。,scientific communication,communication,,,"If I understood correctly, you are asking about the experimental design.",如果我理解正确，您是在询问实验设计。,Generated meeting-practice sentence,,,,0,0
ME-S029,sentence,29,1,"I caught the first part, but I missed the last point.",我听懂了前半部分，但没有听清最后一点。,scientific communication,communication,,,"I caught the first part, but I missed the last point.",我听懂了前半部分，但没有听清最后一点。,Generated meeting-practice sentence,,,,0,0
ME-S030,sentence,30,1,Could you please type the key term in the chat?,您能把关键词打在聊天框里吗？,scientific communication,communication,,,Could you please type the key term in the chat?,您能把关键词打在聊天框里吗？,Generated meeting-practice sentence,,,,0,0
ME-S031,sentence,31,1,May I take a moment to think?,可以让我稍微想一下吗？,scientific communication,communication,,,May I take a moment to think?,可以让我稍微想一下吗？,Generated meeting-practice sentence,,,,0,0
ME-S032,sentence,32,1,"I do not have the exact answer yet, but my current understanding is as follows.",我目前还没有确切答案，但我的理解如下。,scientific communication,communication,,,"I do not have the exact answer yet, but my current understanding is as follows.",我目前还没有确切答案，但我的理解如下。,Generated meeting-practice sentence,,,,0,0
ME-S033,sentence,33,1,"That is an important point, and I will look into it carefully.",这是一个重要问题，我会认真研究。,scientific communication,communication,,,"That is an important point, and I will look into it carefully.",这是一个重要问题，我会认真研究。,Generated meeting-practice sentence,,,,0,0
ME-S034,sentence,34,1,I will follow up with the relevant data after the meeting.,会后我会补充相关数据。,scientific communication,communication,,,I will follow up with the relevant data after the meeting.,会后我会补充相关数据。,Generated meeting-practice sentence,,,,0,0
ME-S035,sentence,35,1,Would it be all right if I followed up by email?,我稍后通过邮件补充可以吗？,scientific communication,communication,,,Would it be all right if I followed up by email?,我稍后通过邮件补充可以吗？,Generated meeting-practice sentence,,,,0,0
ME-S036,sentence,36,1,The proposed visit would need to be completed within the approved period.,拟议访学需要在获批期限内完成。,scientific communication,communication,,,The proposed visit would need to be completed within the approved period.,拟议访学需要在获批期限内完成。,Generated meeting-practice sentence,,,,0,0
ME-S037,sentence,37,1,I will provide the required documents as soon as possible.,我会尽快提供所需材料。,scientific communication,communication,,,I will provide the required documents as soon as possible.,我会尽快提供所需材料。,Generated meeting-practice sentence,,,,0,0
ME-S038,sentence,38,1,Thank you for your helpful suggestions.,感谢您的宝贵建议。,scientific communication,communication,,,Thank you for your helpful suggestions.,感谢您的宝贵建议。,Generated meeting-practice sentence,,,,0,0
ME-S039,sentence,39,1,I have learned a great deal from this discussion.,我从这次讨论中学到了很多。,scientific communication,communication,,,I have learned a great deal from this discussion.,我从这次讨论中学到了很多。,Generated meeting-practice sentence,,,,0,0
ME-S040,sentence,40,1,I look forward to the possibility of working with you and your team.,我期待有机会与您和您的团队合作。,scientific communication,communication,,,I look forward to the possibility of working with you and your team.,我期待有机会与您和您的团队合作。,Generated meeting-practice sentence,,,,0,0
PPT-W001,word,1,0,fibrosis,纤维化,noun,clinical,/faɪˈbrəʊsɪs/,fibrosis,Our work studies drug targets in lung fibrosis.,我们的研究探索肺纤维化中的药物靶点。,Research Progress and Proposed Oxford Visit,,presentation,"2,4-19",0,0
PPT-W002,word,2,0,fibrotic,纤维化的,adjective,clinical,/faɪˈbrɒtɪk/,fibrot·ic,The combined treatment reduced fibrotic changes.,联合治疗减轻了纤维化改变。,Research Progress and Proposed Oxford Visit,,presentation,"11,15",0,0
PPT-W003,word,3,0,silicosis,矽肺,noun,clinical,/ˌsɪlɪˈkəʊsɪs/,silicos·is,This project examines silica-induced silicosis.,该项目研究二氧化硅诱导的矽肺。,Research Progress and Proposed Oxford Visit,,presentation,"2,4,9-12",0,0
PPT-W004,word,4,0,bleomycin,博来霉素,noun,clinical,/ˌbliːəˈmaɪsɪn/,bleo·my·cin,We use bleomycin to induce pulmonary fibrosis.,我们使用博来霉素诱导肺纤维化。,Research Progress and Proposed Oxford Visit,,presentation,"2,13-17",0,0
PPT-W005,word,5,0,fostamatinib,福坦替尼,noun,drug-discovery,/ˌfɒstəˈmætɪnɪb/,fostam·at·in·ib,Fostamatinib is used to test the role of Syk.,福坦替尼用于检验Syk的作用。,Research Progress and Proposed Oxford Visit,,presentation,6-11,0,0
PPT-W006,word,6,0,samuraciclib,Samuraciclib,noun,drug-discovery,/ˌsæmjʊrəˈsɪklɪb/,samuraciclib,Samuraciclib is used in the later treatment window.,Samuraciclib用于较晚的治疗窗口。,Research Progress and Proposed Oxford Visit,,presentation,6,0,0
PPT-W007,word,7,0,macrophage,巨噬细胞,noun,immunology,/ˈmækrəʊfeɪdʒ/,mac·ro·phage,Macrophages may start an inflammatory loop.,巨噬细胞可能启动炎症循环。,Research Progress and Proposed Oxford Visit,,presentation,"5,9,12-16",0,0
PPT-W008,word,8,0,neutrophil,中性粒细胞,noun,immunology,/ˈnjuːtrəfɪl/,neut·ro·phil,IL-1 beta may recruit neutrophils to the lung.,IL-1β可能将中性粒细胞募集到肺部。,Research Progress and Proposed Oxford Visit,,presentation,"9,12",0,0
PPT-W009,word,9,0,epithelial,上皮的,adjective,cell-biology,/ˌepɪˈθiːliəl/,epi·theli·al,Early PKR activation may cause epithelial injury.,早期PKR激活可能导致上皮损伤。,Research Progress and Proposed Oxford Visit,,presentation,13-17,0,0
PPT-W010,word,10,0,alveolar,肺泡的,adjective,cell-biology,/ælˈviːələ/,al·ve·ol·ar,We focus on alveolar macrophages and AT2 cells.,我们关注肺泡巨噬细胞和AT2细胞。,Research Progress and Proposed Oxford Visit,,presentation,"9,12-16",0,0
PPT-W011,word,11,0,ferroptosis,铁死亡,noun,cell-biology,/ˌferɒpˈtəʊsɪs/,fer·rop·tos·is,Lip-1 is used to block ferroptosis.,Lip-1用于阻断铁死亡。,Research Progress and Proposed Oxford Visit,,presentation,18-20,0,0
PPT-W012,word,12,0,ischemia,缺血,noun,clinical,/ɪˈskiːmiə/,ischemia,Cold ischemia causes strong cellular stress.,冷缺血会造成强烈的细胞应激。,Research Progress and Proposed Oxford Visit,,presentation,18-19,0,0
PPT-W013,word,13,0,reperfusion,再灌注,noun,clinical,/ˌriːpəˈfjuːʒən/,reper·fu·sion,Reperfusion may increase oxidative injury.,再灌注可能加重氧化损伤。,Research Progress and Proposed Oxford Visit,,presentation,18-19,0,0
PPT-W014,word,14,0,phosphoproteome,磷酸化蛋白质组,noun,proteomics,/ˌfɒsfəʊˈprəʊtiəʊm/,phos·phop·ro·teo·me,The phosphoproteome helps us study active signalling.,磷酸化蛋白质组帮助我们研究活跃的信号通路。,Research Progress and Proposed Oxford Visit,,presentation,"3-6,19-20",0,0
PPT-W015,word,15,0,longitudinal,纵向的,adjective,methods,/ˌlɒndʒɪˈtjuːdɪnəl/,lon·git·ud·in·al,The longitudinal data cover several disease stages.,纵向数据覆盖多个疾病阶段。,Research Progress and Proposed Oxford Visit,,presentation,"5,8",0,0
PPT-W016,word,16,0,metabolic,代谢的,adjective,metabolism,/ˌmetəˈbɒlɪk/,meta·bol·ic,Week ten is a major metabolic change point.,第10周是重要的代谢变化节点。,Research Progress and Proposed Oxford Visit,,presentation,"5,7-8",0,0
PPT-W017,word,17,0,trigger,触发因素,noun,molecular-biology,/ˈtrɪɡə/,trig·ger,Syk may act as an early trigger.,Syk可能是早期触发因素。,Research Progress and Proposed Oxford Visit,,presentation,"5,8",0,0
PPT-W018,word,18,0,amplifier,放大因素,noun,molecular-biology,/ˈæmplɪfaɪə/,amp·li·fi·er,CDK7 may act as a later amplifier.,CDK7可能是后期放大因素。,Research Progress and Proposed Oxford Visit,,presentation,"5,8",0,0
PPT-W019,word,19,0,prevention,预防,noun,drug-discovery,/prɪˈvenʃən/,pre·ven·tion,Fostamatinib is tested in the prevention window.,福坦替尼在预防窗口中进行测试。,Research Progress and Proposed Oxford Visit,,presentation,6,0,0
PPT-W020,word,20,0,readout,检测指标,noun,methods,/ˈriːdaʊt/,readout,Histology is one of our main readouts.,组织学是我们的主要检测指标之一。,Research Progress and Proposed Oxford Visit,,presentation,"6-7,10-11",0,0
PPT-W021,word,21,0,preliminary,初步的,adjective,communication,/prɪˈlɪmɪnəri/,pre·lim·in·ary,These are preliminary results and need validation.,这些是初步结果，仍需验证。,Research Progress and Proposed Oxford Visit,,presentation,"7,11,15,17-18",0,0
PPT-W022,word,22,0,causality,因果关系,noun,methods,/kɔːˈzæləti/,caus·al·ity,The knockout experiment provides a stronger test of causality.,敲除实验能更有力地检验因果关系。,Research Progress and Proposed Oxford Visit,,presentation,"8,17",0,0
PPT-W023,word,23,0,cytokine,细胞因子,noun,immunology,/ˈsaɪtəkaɪn/,cy·tokine,IL-1 beta is an important inflammatory cytokine.,IL-1β是一种重要的炎症细胞因子。,Research Progress and Proposed Oxford Visit,,presentation,"9,12",0,0
PPT-W024,word,24,0,inflammasome,炎症小体,noun,immunology,/ɪnˈflæməsəʊm/,in·flam·ma·some,NLRP3 is a key inflammasome in this model.,NLRP3是该模型中的关键炎症小体。,Research Progress and Proposed Oxford Visit,,presentation,"9,12",0,0
PPT-W025,word,25,0,NETosis,中性粒细胞胞外诱捕网形成,noun,immunology,/neˈtəʊsɪs/,netos·is,NETosis may connect inflammation with fibrosis.,NETosis可能连接炎症与纤维化。,Research Progress and Proposed Oxford Visit,,presentation,9-12,0,0
PPT-W026,word,26,0,histology,组织学,noun,methods,/hɪˈstɒlədʒi/,his·to·logy,Histology shows a reduction in lung damage.,组织学显示肺损伤有所减轻。,Research Progress and Proposed Oxford Visit,,presentation,"6-7,10-11,15,18",0,0
PPT-W027,word,27,0,pathology,病理学,noun,clinical,/pəˈθɒlədʒi/,patho·logy,We will complete blinded pathology scoring.,我们将完成盲法病理评分。,Research Progress and Proposed Oxford Visit,,presentation,"6,11,17",0,0
PPT-W028,word,28,0,combination,联合方案,noun,drug-discovery,/ˌkɒmbɪˈneɪʃən/,com·bin·a·tion,The combination showed the strongest effect.,联合方案显示出最强的效果。,Research Progress and Proposed Oxford Visit,,presentation,10-12,0,0
PPT-W029,word,29,0,nucleus,细胞核,noun,cell-biology,/ˈnjuːkliəs/,nuc·le·us,Single-nucleus sequencing is suitable for frozen lung tissue.,单核测序适用于冻存肺组织。,Research Progress and Proposed Oxford Visit,,presentation,"3,10,12",0,0
PPT-W030,word,30,0,annotation,注释,noun,methods,/ˌænəˈteɪʃən/,an·nota·tion,Cell annotation is the first analysis step.,细胞注释是分析的第一步。,Research Progress and Proposed Oxford Visit,,presentation,12,0,0
PPT-W031,word,31,0,communication,细胞通讯,noun,cell-biology,/kəˌmjuːnɪˈkeɪʃən/,com·mu·nic·a·tion,We will analyse communication between immune cells.,我们将分析免疫细胞之间的通讯。,Research Progress and Proposed Oxford Visit,,presentation,12,0,0
PPT-W032,word,32,0,injury,损伤,noun,clinical,/ˈɪndʒəri/,in·jury,The project studies lung injury and repair.,该项目研究肺损伤与修复。,Research Progress and Proposed Oxford Visit,,presentation,"4,13-19",0,0
PPT-W033,word,33,0,knockout,基因敲除,noun,molecular-biology,/ˈnɒkaʊt/,knock·out,The global knockout provides a genetic test.,全身敲除提供了遗传学检验。,Research Progress and Proposed Oxford Visit,,presentation,17,0,0
PPT-W034,word,34,0,peroxidation,过氧化,noun,metabolism,/pəˌrɒksɪˈdeɪʃən/,per·ox·id·a·tion,Lipid peroxidation is a feature of ferroptosis.,脂质过氧化是铁死亡的特征。,Research Progress and Proposed Oxford Visit,,presentation,19,0,0
PPT-W035,word,35,0,feasibility,可行性,noun,communication,/ˌfiːzəˈbɪləti/,feas·ib·il·ity,We need to assess the feasibility of the visit project.,我们需要评估访学项目的可行性。,Research Progress and Proposed Oxford Visit,,presentation,"20,22",0,0
PPT-W036,word,36,0,intervention,干预,noun,drug-discovery,/ˌɪntəˈvenʃən/,in·ter·ven·tion,The intervention starts after disease induction.,干预在疾病诱导后开始。,Research Progress and Proposed Oxford Visit,,presentation,"6,10",0,0
PPT-W037,word,37,0,transition,转变阶段,noun,clinical,/trænˈzɪʃən/,trans·ition,Week ten may represent a disease transition.,第10周可能代表疾病转变阶段。,Research Progress and Proposed Oxford Visit,,presentation,6,0,0
PPT-W038,word,38,0,exercise,运动,noun,clinical,/ˈeksəsaɪz/,ex·er·cise,Fostamatinib improved an exercise measure.,福坦替尼改善了一项运动指标。,Research Progress and Proposed Oxford Visit,,presentation,6-7,0,0
PPT-W039,word,39,0,glucose,葡萄糖,noun,metabolism,/ˈɡluːkəʊs/,gluc·ose,We measured the glucose response at week five.,我们在第5周检测了葡萄糖反应。,Research Progress and Proposed Oxford Visit,,presentation,6-7,0,0
PPT-W040,word,40,0,phagocytosis,吞噬作用,noun,immunology,/ˌfæɡəsaɪˈtəʊsɪs/,pha·go·cyt·os·is,Syk is linked to macrophage phagocytosis.,Syk与巨噬细胞吞噬作用相关。,Research Progress and Proposed Oxford Visit,,presentation,5,0,0
PPT-W041,word,41,0,glycolytic,糖酵解的,adjective,metabolism,/ˌɡlaɪkəˈlɪtɪk/,gly·co·lyt·ic,The model includes a glycolytic change.,该模型包括糖酵解变化。,Research Progress and Proposed Oxford Visit,,presentation,5,0,0
PPT-W042,word,42,0,signal,信号,noun,molecular-biology,/ˈsɪɡnəl/,sig·nal,We need to validate the phosphorylation signal.,我们需要验证磷酸化信号。,Research Progress and Proposed Oxford Visit,,presentation,"5,8,13-19",0,0
PPT-W043,word,43,0,disease,疾病,noun,clinical,/dɪˈziːz/,dis·ease,The four projects cover different disease models.,这四个课题涵盖不同的疾病模型。,Research Progress and Proposed Oxford Visit,,presentation,4-20,0,0
PPT-W044,word,44,0,pharmacology,药理学,noun,drug-discovery,/ˌfɑːməˈkɒlədʒi/,phar·ma·co·logy,The pharmacology result supports PKR as a target.,药理学结果支持PKR作为靶点。,Research Progress and Proposed Oxford Visit,,presentation,"15,17",0,0
PPT-W045,word,45,0,inflammatory,炎症性的,adjective,immunology,/ɪnˈflæmətri/,in·flam·mat·ory,PKR may maintain an inflammatory loop.,PKR可能维持炎症循环。,Research Progress and Proposed Oxford Visit,,presentation,"9,13-16",0,0
PPT-W046,word,46,0,scoring,评分,noun,methods,/ˈskɔːrɪŋ/,scor·ing,Blinded scoring will reduce observer bias.,盲法评分将减少观察者偏倚。,Research Progress and Proposed Oxford Visit,,presentation,"11,17",0,0
PPT-W047,word,47,0,redox,氧化还原,noun,proteomics,/ˈriːdɒks/,redox,Redox proteomics can detect oxidative modifications.,氧化还原蛋白质组学可以检测氧化修饰。,Research Progress and Proposed Oxford Visit,,presentation,19-20,0,0
PPT-W048,word,48,0,multi-omics,多组学,noun,proteomics,/ˌmʌltiˈəʊmɪks/,mul·ti-om·ics,Multi-omics helps us connect targets with cell states.,多组学帮助我们连接靶点与细胞状态。,Research Progress and Proposed Oxford Visit,,presentation,"1-4,19",0,0
PPT-W049,word,49,0,cell-state,细胞状态,noun,cell-biology,/ˈsel steɪt/,cell-state,We will identify the cell state reversed by treatment.,我们将识别被治疗逆转的细胞状态。,Research Progress and Proposed Oxford Visit,,presentation,11-12,0,0
PPT-W050,word,50,0,echocardiography,超声心动图,noun,methods,/ˌekəʊˌkɑːdiˈɒɡrəfi/,echo·car·di·o·graphy,Echocardiography was performed at week five.,第5周进行了超声心动图检查。,Research Progress and Proposed Oxford Visit,,presentation,6-7,0,0
PPT-W051,word,51,0,treadmill,跑台,noun,methods,/ˈtredmɪl/,tread·mill,The treadmill test measures exercise capacity.,跑台实验用于测量运动能力。,Research Progress and Proposed Oxford Visit,,presentation,7,0,0
PPT-W052,word,52,0,instillation,滴注,noun,methods,/ˌɪnstɪˈleɪʃən/,in·stilla·tion,Bleomycin was given by intratracheal instillation.,博来霉素通过气管内滴注给药。,Research Progress and Proposed Oxford Visit,,presentation,17,0,0
PPT-W053,word,53,0,co-staining,共染色,noun,methods,/ˌkəʊ ˈsteɪnɪŋ/,co-s·tain·ing,Early co-staining will identify the active cell type.,早期共染色将识别活跃的细胞类型。,Research Progress and Proposed Oxford Visit,,presentation,16,0,0
PPT-W054,word,54,0,paraffin,石蜡,noun,methods,/ˈpærəfɪn/,par·affin,More paraffin samples will be added.,后续将增加更多石蜡样本。,Research Progress and Proposed Oxford Visit,,presentation,18,0,0
PPT-W055,word,55,0,frozen,冻存的,adjective,methods,/ˈfrəʊzən/,frozen,The frozen mouse tissues are ready for analysis.,冻存小鼠组织已准备好进行分析。,Research Progress and Proposed Oxford Visit,,presentation,18,0,0
PPT-W056,word,56,0,cohort,队列,noun,clinical,/ˈkəʊhɔːt/,co·hort,The human cohort is still being expanded.,人类样本队列仍在扩充。,Research Progress and Proposed Oxford Visit,,presentation,18,0,0
PPT-W057,word,57,0,visit,访学,noun,communication,/ˈvɪzɪt/,vis·it,The visit should focus on one clear question.,访学应聚焦于一个明确问题。,Research Progress and Proposed Oxford Visit,,presentation,"1,20-24",0,0
PPT-W058,word,58,0,invitation,邀请函,noun,communication,/ˌɪnvɪˈteɪʃən/,in·vit·a·tion,The department may issue the official invitation.,院系可以出具正式邀请函。,Research Progress and Proposed Oxford Visit,,presentation,22-24,0,0
PPT-W059,word,59,0,confirmation,证明,noun,communication,/ˌkɒnfəˈmeɪʃən/,con·firm·a·tion,I also need written language confirmation.,我还需要书面的语言能力证明。,Research Progress and Proposed Oxford Visit,,presentation,22-23,0,0
PPT-W060,word,60,0,supervisor,导师,noun,communication,/ˈsuːpəvaɪzə/,su·per·visor,The invitation should name the Oxford supervisor.,邀请函应注明牛津导师。,Research Progress and Proposed Oxford Visit,,presentation,22-23,0,0
PPT-W061,word,61,0,duration,期限,noun,communication,/djʊˈreɪʃən/,dur·a·tion,The visit duration will be three to six months.,访学期限为三至六个月。,Research Progress and Proposed Oxford Visit,,presentation,"20,22-24",0,0
PPT-W062,word,62,0,department,院系,noun,communication,/dɪˈpɑːtmənt/,de·part·ment,The relevant department will follow the Oxford process.,相关院系将遵循牛津的流程。,Research Progress and Proposed Oxford Visit,,presentation,22-23,0,0
PPT-W063,word,63,0,requirement,要求,noun,communication,/rɪˈkwaɪəmənt/,re·quire·ment,The letter should confirm the host unit's language requirement.,信函应确认外方单位的语言要求。,Research Progress and Proposed Oxford Visit,,presentation,22-23,0,0
PPT-W064,word,64,0,sufficient,足够的,adjective,communication,/səˈfɪʃənt/,suf·fi·cient,My English should be sufficient for the research visit.,我的英语应足以完成此次科研访学。,Research Progress and Proposed Oxford Visit,,presentation,22-23,0,0
PPT-W065,word,65,0,focused,聚焦的,adjective,communication,/ˈfəʊkəst/,fo·cused,We aim to develop a focused project.,我们的目标是制定一个聚焦的项目。,Research Progress and Proposed Oxford Visit,,presentation,20-21,0,0
PPT-W066,word,66,0,answerable,可回答的,adjective,communication,/ˈɑːnsərəbəl/,an·swer·able,The visit needs one answerable research question.,访学需要一个可回答的科研问题。,Research Progress and Proposed Oxford Visit,,presentation,20,0,0
PPT-W067,word,67,0,contribution,贡献,noun,communication,/ˌkɒntrɪˈbjuːʃən/,con·tri·bu·tion,My contribution includes proteomics and data analysis.,我的贡献包括蛋白质组学和数据分析。,Research Progress and Proposed Oxford Visit,,presentation,21,0,0
PPT-W068,word,68,0,readiness,准备程度,noun,communication,/ˈredinəs/,read·i·ness,Sample readiness is important for project selection.,样本准备程度对项目选择很重要。,Research Progress and Proposed Oxford Visit,,presentation,"18,20",0,0
PPT-W069,word,69,0,manuscript,论文稿件,noun,communication,/ˈmænjʊskrɪpt/,ma·nu·script,The project should lead to a clear manuscript plan.,该项目应形成清晰的论文计划。,Research Progress and Proposed Oxford Visit,,presentation,21,0,0
PPT-W070,word,70,0,output,产出,noun,communication,/ˈaʊtpʊt/,out·put,We need a realistic output for a short visit.,短期访学需要现实可行的产出。,Research Progress and Proposed Oxford Visit,,presentation,20-21,0,0
