term,documentFrequency,termFrequency,score,sourceIds
mass spectrometry,81,109,550.347685,BK0002;BK0005;BK0006;BK0008;BK0013;BK0016;BK0018;BK0023
gene expression,23,34,118.908275,BK0055;BK0061;BK0068;BK0084;BK0105;BK0127;BK0156;BK0175
cancer cells,21,34,108.568425,BK0019;BK0036;BK0048;BK0059;BK0065;BK0077;BK0095;BK0113
dna damage,19,35,98.979614,BK0004;BK0036;BK0069;BK0142;BK0157;BK0158;BK0179;BK0201
liquid chromatography,21,22,96.284213,BK0038;BK0051;BK0082;BK0093;BK0109;BK0120;BK0122;BK0125
tandem mass spectrometry,18,18,89.463912,BK0038;BK0051;BK0088;BK0093;BK0122;BK0125;BK0132;BK0149
ubiquitin ligase,18,28,88.324031,BK0004;BK0007;BK0026;BK0033;BK0041;BK0048;BK0073;BK0107
tandem mass,18,19,79.061714,BK0038;BK0051;BK0088;BK0093;BK0122;BK0125;BK0132;BK0149
poorly understood,18,18,77.794706,BK0005;BK0011;BK0026;BK0029;BK0065;BK0084;BK0095;BK0127
cancer cell,15,19,65.884761,BK0095;BK0103;BK0113;BK0123;BK0191;BK0192;BK0201;BK0202
proteins involved,15,17,63.718913,BK0044;BK0055;BK0070;BK0079;BK0100;BK0112;BK0153;BK0169
amino acid,13,22,59.604513,BK0001;BK0023;BK0088;BK0091;BK0096;BK0134;BK0174;BK0185
dna repair,12,20,53.513179,BK0069;BK0152;BK0158;BK0178;BK0179;BK0216;BK0265;BK0269
immune responses,13,15,53.137017,BK0058;BK0061;BK0066;BK0151;BK0240;BK0259;BK0260;BK0289
endoplasmic reticulum,12,17,50.97513,BK0027;BK0053;BK0055;BK0079;BK0085;BK0117;BK0218;BK0228
extracellular matrix,12,15,49.049554,BK0011;BK0039;BK0052;BK0113;BK0123;BK0181;BK0209;BK0242
cell line,12,14,48.0,BK0030;BK0042;BK0062;BK0092;BK0095;BK0125;BK0159;BK0212
quantitative proteomics,12,14,48.0,BK0018;BK0029;BK0031;BK0039;BK0088;BK0098;BK0106;BK0114
dna replication,11,18,47.541209,BK0024;BK0071;BK0090;BK0099;BK0107;BK0178;BK0179;BK0184
cellular processes,12,13,46.882687,BK0004;BK0094;BK0096;BK0109;BK0150;BK0157;BK0197;BK0205
enzymes dubs,12,12,45.688259,BK0009;BK0028;BK0045;BK0046;BK0087;BK0103;BK0179;BK0256
highly conserved,12,12,45.688259,BK0096;BK0110;BK0143;BK0215;BK0223;BK0225;BK0226;BK0246
human cells,11,15,44.962091,BK0031;BK0152;BK0153;BK0165;BK0176;BK0177;BK0202;BK0212
cell cycle,10,18,43.219281,BK0004;BK0019;BK0026;BK0107;BK0146;BK0152;BK0179;BK0280
deubiquitylating enzyme,11,12,41.880904,BK0042;BK0056;BK0062;BK0118;BK0142;BK0216;BK0251;BK0272
small molecule,11,12,41.880904,BK0002;BK0046;BK0056;BK0076;BK0156;BK0157;BK0251;BK0256
factor hif,11,11,40.704837,BK0268;BK0273;BK0277;BK0279;BK0286;BK0287;BK0288;BK0315
amyotrophic lateral sclerosis,9,13,40.436318,BK0020;BK0027;BK0057;BK0063;BK0068;BK0079;BK0082;BK0122
amino acids,10,14,40.0,BK0001;BK0002;BK0008;BK0166;BK0174;BK0202;BK0243;BK0316
cell lines,10,14,40.0,BK0050;BK0113;BK0125;BK0201;BK0229;BK0244;BK0322;BK0342
deubiquitylating enzymes,10,14,40.0,BK0009;BK0042;BK0046;BK0103;BK0179;BK0256;BK0272;BK0304
deubiquitinating enzyme,10,13,39.068906,BK0025;BK0147;BK0227;BK0234;BK0258;BK0301;BK0306;BK0317
deubiquitinating enzymes,10,12,38.073549,BK0028;BK0045;BK0087;BK0103;BK0211;BK0258;BK0285;BK0338
lateral sclerosis,9,14,36.0,BK0020;BK0027;BK0057;BK0063;BK0068;BK0079;BK0082;BK0122
tumor suppressor,9,14,36.0,BK0024;BK0155;BK0162;BK0192;BK0261;BK0287;BK0301;BK0328
chromatography tandem mass,9,9,35.805117,BK0038;BK0051;BK0093;BK0122;BK0125;BK0132;BK0149;BK0176
liquid chromatography tandem,9,9,35.805117,BK0038;BK0051;BK0093;BK0122;BK0125;BK0132;BK0149;BK0176
amyotrophic lateral,9,13,35.162015,BK0020;BK0027;BK0057;BK0063;BK0068;BK0079;BK0082;BK0122
cysteine residues,9,13,35.162015,BK0105;BK0133;BK0141;BK0216;BK0229;BK0237;BK0271;BK0287
active site,9,11,33.303957,BK0018;BK0042;BK0090;BK0258;BK0275;BK0317;BK0327;BK0338
histocompatibility complex,9,11,33.303957,BK0053;BK0218;BK0275;BK0325;BK0326;BK0341;BK0357;BK0364
cell responses,8,15,32.699703,BK0040;BK0066;BK0080;BK0125;BK0260;BK0322;BK0333;BK0371
biological processes,9,10,32.264663,BK0105;BK0141;BK0152;BK0209;BK0248;BK0249;BK0285;BK0295
rheumatoid arthritis,8,13,31.255125,BK0123;BK0151;BK0172;BK0181;BK0206;BK0255;BK0311;BK0312
chromatography tandem,9,9,31.134885,BK0038;BK0051;BK0093;BK0122;BK0125;BK0132;BK0149;BK0176
seminal fluid,7,18,30.253497,BK0021;BK0064;BK0086;BK0098;BK0106;BK0114;BK0242
innate immune,8,11,29.603518,BK0009;BK0062;BK0085;BK0097;BK0163;BK0170;BK0259;BK0298
protein expression,8,11,29.603518,BK0005;BK0039;BK0100;BK0124;BK0214;BK0267;BK0310;BK0312
stem cells,8,11,29.603518,BK0084;BK0127;BK0167;BK0180;BK0190;BK0231;BK0246;BK0261
ubiquitin chains,8,11,29.603518,BK0073;BK0091;BK0115;BK0177;BK0179;BK0193;BK0194;BK0317
transcription factor,8,10,28.6797,BK0084;BK0107;BK0133;BK0223;BK0288;BK0316;BK0326;BK0334
embryonic stem cells,7,9,27.848425,BK0084;BK0127;BK0167;BK0180;BK0190;BK0231;BK0246
posttranslational modification,8,8,26.575425,BK0026;BK0073;BK0141;BK0152;BK0187;BK0226;BK0234;BK0273
remains unclear,8,8,26.575425,BK0086;BK0097;BK0110;BK0168;BK0175;BK0220;BK0240;BK0266
antigen processing,7,11,25.903078,BK0040;BK0053;BK0215;BK0289;BK0325;BK0349;BK0361
lateral sclerosis als,7,7,25.517896,BK0020;BK0027;BK0057;BK0063;BK0079;BK0082;BK0122
cerebrospinal fluid,7,10,25.094738,BK0027;BK0038;BK0082;BK0093;BK0122;BK0145;BK0171
peripheral blood,7,10,25.094738,BK0050;BK0155;BK0164;BK0259;BK0260;BK0312;BK0333
target genes,7,10,25.094738,BK0077;BK0162;BK0165;BK0167;BK0190;BK0252;BK0328
cell death,7,9,24.216021,BK0019;BK0024;BK0041;BK0201;BK0247;BK0300;BK0347
embryonic stem,7,9,24.216021,BK0084;BK0127;BK0167;BK0180;BK0190;BK0231;BK0246
mouse embryonic,7,9,24.216021,BK0084;BK0127;BK0167;BK0190;BK0231;BK0265;BK0269
protein profiling,7,9,24.216021,BK0009;BK0012;BK0035;BK0042;BK0046;BK0056;BK0241
antigen presentation,7,8,23.253497,BK0058;BK0062;BK0097;BK0204;BK0349;BK0361;BK0364
cell surface,7,8,23.253497,BK0053;BK0115;BK0155;BK0215;BK0321;BK0357;BK0367
chromatography mass,7,8,23.253497,BK0006;BK0008;BK0109;BK0120;BK0166;BK0174;BK0242
krebs cycle,7,8,23.253497,BK0160;BK0166;BK0208;BK0229;BK0237;BK0271;BK0287
transcription factors,7,8,23.253497,BK0045;BK0084;BK0096;BK0167;BK0175;BK0192;BK0252
healthy controls,6,11,22.202638,BK0027;BK0068;BK0181;BK0236;BK0255;BK0312
binding protein,7,7,22.189475,BK0042;BK0071;BK0079;BK0083;BK0104;BK0149;BK0257
crystal structure,7,7,22.189475,BK0025;BK0144;BK0193;BK0195;BK0213;BK0273;BK0360
mice lacking,7,7,22.189475,BK0017;BK0028;BK0119;BK0160;BK0300;BK0330;BK0362
molecular basis,7,7,22.189475,BK0018;BK0108;BK0153;BK0165;BK0223;BK0275;BK0291
oxoglutarate dependent,7,7,22.189475,BK0143;BK0223;BK0224;BK0225;BK0226;BK0245;BK0270
remain poorly,7,7,22.189475,BK0005;BK0011;BK0026;BK0085;BK0231;BK0322;BK0331
sclerosis als,7,7,22.189475,BK0020;BK0027;BK0057;BK0063;BK0079;BK0082;BK0122
chromatography mass spectrometry,6,7,21.872483,BK0006;BK0008;BK0109;BK0120;BK0166;BK0174
colorectal cancer,6,10,21.509775,BK0036;BK0113;BK0123;BK0208;BK0252;BK0322
mhc class,6,10,21.509775,BK0010;BK0275;BK0341;BK0349;BK0357;BK0361
oxidative stress,6,10,21.509775,BK0032;BK0078;BK0079;BK0197;BK0198;BK0265
drosophila melanogaster,6,9,20.75659,BK0021;BK0064;BK0086;BK0098;BK0106;BK0114
protein aggregation,6,9,20.75659,BK0005;BK0013;BK0028;BK0087;BK0153;BK0228
sample preparation,6,9,20.75659,BK0006;BK0056;BK0159;BK0189;BK0207;BK0248
side chains,6,9,20.75659,BK0002;BK0091;BK0187;BK0234;BK0313;BK0360
cerebrospinal fluid csf,6,6,20.7,BK0027;BK0038;BK0082;BK0093;BK0122;BK0145
deubiquitinating enzymes dubs,6,6,20.7,BK0028;BK0045;BK0087;BK0285;BK0338;BK0359
deubiquitylating enzymes dubs,6,6,20.7,BK0009;BK0046;BK0103;BK0179;BK0256;BK0363
liquid mass spectrometry,6,6,20.7,BK0030;BK0070;BK0082;BK0138;BK0204;BK0243
reactive oxygen species,6,6,20.7,BK0078;BK0097;BK0141;BK0148;BK0197;BK0200
functional proteomics,6,8,19.931569,BK0336;BK0345;BK0348;BK0350;BK0356;BK0359
genome stability,6,8,19.931569,BK0110;BK0184;BK0253;BK0269;BK0276;BK0293
tumor growth,6,8,19.931569,BK0034;BK0155;BK0192;BK0211;BK0251;BK0301
ubiquitin ligases,6,8,19.931569,BK0033;BK0048;BK0074;BK0085;BK0126;BK0192
ubiquitin proteasome,6,8,19.931569,BK0153;BK0256;BK0285;BK0304;BK0312;BK0359
brain death,5,13,19.534453,BK0047;BK0070;BK0075;BK0116;BK0197
asparaginyl hydroxylation,5,12,19.036775,BK0277;BK0279;BK0286;BK0316;BK0327
breast cancer,5,12,19.036775,BK0077;BK0103;BK0132;BK0155;BK0159
machine perfusion,5,12,19.036775,BK0008;BK0032;BK0049;BK0070;BK0075
cell proliferation,6,7,19.01955,BK0162;BK0164;BK0179;BK0192;BK0196;BK0260
gel electrophoresis,6,7,19.01955,BK0128;BK0206;BK0312;BK0329;BK0337;BK0352
growth factor,6,7,19.01955,BK0047;BK0129;BK0236;BK0312;BK0321;BK0347
potency selectivity,6,7,19.01955,BK0018;BK0035;BK0046;BK0056;BK0272;BK0346
vaccine design,6,7,19.01955,BK0040;BK0053;BK0080;BK0204;BK0217;BK0289
ankylosing spondylitis,5,11,18.502199,BK0218;BK0255;BK0257;BK0275;BK0312
cell cycle progression,5,7,18.227069,BK0004;BK0019;BK0107;BK0280;BK0354
cell activation,6,6,18.0,BK0040;BK0059;BK0072;BK0163;BK0186;BK0368
cell extracts,6,6,18.0,BK0046;BK0258;BK0270;BK0339;BK0346;BK0350
cell lysates,6,6,18.0,BK0044;BK0222;BK0284;BK0337;BK0354;BK0355
cell survival,6,6,18.0,BK0004;BK0026;BK0192;BK0195;BK0310;BK0347
cytotoxic lymphocytes,6,6,18.0,BK0062;BK0089;BK0176;BK0218;BK0369;BK0370
enzyme dub,6,6,18.0,BK0056;BK0118;BK0227;BK0234;BK0258;BK0272
enzymes involved,6,6,18.0,BK0054;BK0075;BK0091;BK0179;BK0272;BK0331
expression profiles,6,6,18.0,BK0039;BK0045;BK0104;BK0241;BK0334;BK0354
fluid csf,6,6,18.0,BK0027;BK0038;BK0082;BK0093;BK0122;BK0145
immune response,6,6,18.0,BK0003;BK0009;BK0045;BK0062;BK0163;BK0170
inflammatory response,6,6,18.0,BK0061;BK0175;BK0195;BK0263;BK0332;BK0335
liquid mass,6,6,18.0,BK0030;BK0070;BK0082;BK0138;BK0204;BK0243
mass spectrometric,6,6,18.0,BK0115;BK0143;BK0168;BK0223;BK0234;BK0322
modification proteins,6,6,18.0,BK0141;BK0152;BK0187;BK0331;BK0336;BK0354
oxygen species,6,6,18.0,BK0078;BK0097;BK0141;BK0148;BK0197;BK0200
plasma proteins,6,6,18.0,BK0137;BK0138;BK0145;BK0186;BK0241;BK0298
proteasome activity,6,6,18.0,BK0141;BK0283;BK0334;BK0339;BK0342;BK0365
proteasome system,6,6,18.0,BK0153;BK0212;BK0256;BK0285;BK0304;BK0359
reactive oxygen,6,6,18.0,BK0078;BK0097;BK0141;BK0148;BK0197;BK0200
remains unknown,6,6,18.0,BK0031;BK0183;BK0201;BK0210;BK0262;BK0344
small molecules,6,6,18.0,BK0179;BK0223;BK0244;BK0248;BK0309;BK0346
system ups,6,6,18.0,BK0012;BK0028;BK0141;BK0153;BK0283;BK0304
target engagement,6,6,18.0,BK0042;BK0046;BK0056;BK0105;BK0122;BK0165
therapeutic targets,6,6,18.0,BK0068;BK0113;BK0148;BK0157;BK0179;BK0242
ubiquitin specific,6,6,18.0,BK0018;BK0092;BK0323;BK0338;BK0345;BK0348
wide range,6,6,18.0,BK0060;BK0096;BK0136;BK0155;BK0207;BK0328
ankyrin repeat,5,10,17.924813,BK0273;BK0279;BK0286;BK0316;BK0327
polycomb repressive,5,10,17.924813,BK0167;BK0180;BK0190;BK0231;BK0262
hla class,4,19,17.56927,BK0010;BK0125;BK0176;BK0204
dendritic cells,5,9,17.297158,BK0170;BK0260;BK0300;BK0326;BK0349
gas chromatography,5,9,17.297158,BK0006;BK0008;BK0109;BK0166;BK0174
seminal proteome,5,9,17.297158,BK0021;BK0064;BK0086;BK0098;BK0106
hif1 alpha,4,18,17.287712,BK0095;BK0160;BK0208;BK0209
human immunodeficiency virus,5,6,17.25,BK0125;BK0183;BK0204;BK0298;BK0326
mouse embryonic stem,5,6,17.25,BK0084;BK0127;BK0167;BK0190;BK0231
expression profiling,5,8,16.60964,BK0241;BK0282;BK0287;BK0312;BK0326
immunodeficiency virus,5,8,16.60964,BK0125;BK0183;BK0204;BK0298;BK0326
lipid metabolism,5,8,16.60964,BK0070;BK0094;BK0117;BK0208;BK0214
target proteins,5,8,16.60964,BK0009;BK0108;BK0132;BK0212;BK0224
ankyrin repeat domain,5,5,16.142291,BK0273;BK0279;BK0286;BK0316;BK0327
cycle enzyme fumarate,5,5,16.142291,BK0160;BK0229;BK0237;BK0271;BK0287
enzyme fumarate hydratase,5,5,16.142291,BK0160;BK0229;BK0237;BK0271;BK0287
krebs cycle enzyme,5,5,16.142291,BK0160;BK0229;BK0237;BK0271;BK0287
oxoglutarate dependent oxygenase,5,5,16.142291,BK0143;BK0224;BK0225;BK0226;BK0245
quantitative mass spectrometry,5,5,16.142291,BK0075;BK0113;BK0204;BK0286;BK0309
regulation gene expression,5,5,16.142291,BK0105;BK0156;BK0223;BK0309;BK0315
remains poorly understood,5,5,16.142291,BK0084;BK0127;BK0133;BK0190;BK0269
ubiquitin proteasome system,5,5,16.142291,BK0153;BK0256;BK0285;BK0304;BK0359
arginine methylation,4,14,16.0,BK0169;BK0205;BK0252;BK0319
cycle progression,5,7,15.849625,BK0004;BK0019;BK0107;BK0280;BK0354
fumarate hydratase,5,7,15.849625,BK0160;BK0229;BK0237;BK0271;BK0287
living cells,5,7,15.849625,BK0228;BK0256;BK0339;BK0340;BK0364
male reproductive,5,7,15.849625,BK0021;BK0064;BK0086;BK0114;BK0267
plasmodium falciparum,5,7,15.849625,BK0012;BK0138;BK0219;BK0239;BK0266
protein arginine,5,7,15.849625,BK0169;BK0205;BK0233;BK0252;BK0319
reperfusion injury,5,7,15.849625,BK0052;BK0075;BK0136;BK0332;BK0335
tcr signaling,5,7,15.849625,BK0007;BK0034;BK0102;BK0367;BK0370
urine samples,5,7,15.849625,BK0049;BK0166;BK0254;BK0281;BK0292
catalytic activity,5,6,15.0,BK0074;BK0115;BK0142;BK0211;BK0216
catalytic subunits,5,6,15.0,BK0004;BK0141;BK0190;BK0342;BK0364
collision energy,5,6,15.0,BK0281;BK0282;BK0312;BK0316;BK0321
cysteine proteases,5,6,15.0,BK0338;BK0348;BK0350;BK0356;BK0362
escherichia coli,5,6,15.0,BK0163;BK0264;BK0337;BK0343;BK0354
expression changes,5,6,15.0,BK0014;BK0202;BK0214;BK0243;BK0308
human immunodeficiency,5,6,15.0,BK0125;BK0183;BK0204;BK0298;BK0326
hypoxia inducible,5,6,15.0,BK0197;BK0273;BK0277;BK0284;BK0287
kidney tissue,5,6,15.0,BK0049;BK0052;BK0075;BK0088;BK0136
peptides derived,5,6,15.0,BK0108;BK0155;BK0186;BK0204;BK0352
proteasome inhibitor,5,6,15.0,BK0212;BK0334;BK0339;BK0342;BK0365
protein abundance,5,6,15.0,BK0039;BK0116;BK0136;BK0204;BK0274
proteomic signature,5,6,15.0,BK0003;BK0137;BK0138;BK0197;BK0266
sensitivity specificity,5,6,15.0,BK0063;BK0181;BK0219;BK0241;BK0292
stress response,5,6,15.0,BK0014;BK0055;BK0065;BK0072;BK0312
transcriptional activation,5,6,15.0,BK0203;BK0273;BK0276;BK0279;BK0296
tumor cells,5,6,15.0,BK0059;BK0095;BK0302;BK0305;BK0361
ubiquitin chain,5,6,15.0,BK0073;BK0115;BK0147;BK0194;BK0234
vinyl sulfone,5,6,15.0,BK0354;BK0358;BK0360;BK0363;BK0364
viral infection,5,6,15.0,BK0015;BK0168;BK0259;BK0282;BK0352
nitric oxide,4,11,14.801759,BK0112;BK0141;BK0148;BK0288
cell invasion,4,10,14.33985,BK0209;BK0211;BK0242;BK0302
proteasome inhibitors,4,10,14.33985,BK0324;BK0339;BK0351;BK0364
arginine residues,5,5,14.036775,BK0123;BK0169;BK0175;BK0181;BK0319
biomarker discovery,5,5,14.036775,BK0003;BK0149;BK0158;BK0266;BK0294
catalytic domain,5,5,14.036775,BK0041;BK0073;BK0223;BK0225;BK0288
cell culture,5,5,14.036775,BK0202;BK0243;BK0272;BK0316;BK0346
cycle enzyme,5,5,14.036775,BK0160;BK0229;BK0237;BK0271;BK0287
dependent oxygenase,5,5,14.036775,BK0143;BK0224;BK0225;BK0226;BK0245
dub inhibitors,5,5,14.036775,BK0035;BK0056;BK0087;BK0256;BK0272
enzyme fumarate,5,5,14.036775,BK0160;BK0229;BK0237;BK0271;BK0287
host defense,5,5,14.036775,BK0014;BK0054;BK0058;BK0220;BK0298
key regulator,5,5,14.036775,BK0028;BK0095;BK0195;BK0196;BK0291
leading cause,5,5,14.036775,BK0003;BK0037;BK0038;BK0136;BK0219
ligase complex,5,5,14.036775,BK0004;BK0029;BK0265;BK0276;BK0291
little known,5,5,14.036775,BK0042;BK0045;BK0172;BK0333;BK0345
lysine residues,5,5,14.036775,BK0108;BK0224;BK0245;BK0269;BK0278
metabolic pathways,5,5,14.036775,BK0044;BK0085;BK0095;BK0097;BK0208
mouse model,5,5,14.036775,BK0079;BK0209;BK0211;BK0214;BK0287
neurodegenerative disease,5,5,14.036775,BK0013;BK0057;BK0082;BK0122;BK0283
neurodegenerative diseases,5,5,14.036775,BK0013;BK0016;BK0025;BK0210;BK0227
pathways involved,5,5,14.036775,BK0011;BK0014;BK0054;BK0079;BK0095
potential biomarkers,5,5,14.036775,BK0124;BK0137;BK0149;BK0150;BK0266
protein kinase,5,5,14.036775,BK0060;BK0094;BK0195;BK0253;BK0290
protein targets,5,5,14.036775,BK0033;BK0073;BK0192;BK0221;BK0308
quantitative mass,5,5,14.036775,BK0075;BK0113;BK0204;BK0286;BK0309
regulation gene,5,5,14.036775,BK0105;BK0156;BK0223;BK0309;BK0315
remains poorly,5,5,14.036775,BK0084;BK0127;BK0133;BK0190;BK0269
repeat domain,5,5,14.036775,BK0273;BK0279;BK0286;BK0316;BK0327
saccharomyces cerevisiae,5,5,14.036775,BK0099;BK0205;BK0223;BK0225;BK0296
shed light,5,5,14.036775,BK0013;BK0175;BK0282;BK0320;BK0344
sites dna,5,5,14.036775,BK0069;BK0071;BK0142;BK0157;BK0313
replication stress,4,8,13.287712,BK0071;BK0107;BK0178;BK0212
dna replication stress,4,5,12.913833,BK0071;BK0107;BK0178;BK0212
gas chromatography mass,4,5,12.913833,BK0006;BK0008;BK0109;BK0166
human leukocyte antigen,4,5,12.913833,BK0010;BK0125;BK0131;BK0204
hypoxia inducible factor,4,5,12.913833,BK0273;BK0277;BK0284;BK0287
acute phase,4,7,12.6797,BK0014;BK0088;BK0136;BK0298
deconjugating enzymes,4,7,12.6797,BK0152;BK0283;BK0354;BK0355
multiple myeloma,4,7,12.6797,BK0251;BK0334;BK0339;BK0342
plasma samples,4,7,12.6797,BK0014;BK0051;BK0186;BK0294
cell antigen,4,6,12.0,BK0034;BK0325;BK0333;BK0366
cell division,4,6,12.0,BK0024;BK0100;BK0110;BK0146
histone lysine,4,6,12.0,BK0105;BK0156;BK0190;BK0262
lysine acetylation,4,6,12.0,BK0153;BK0169;BK0196;BK0221
protein degradation,4,6,12.0,BK0047;BK0049;BK0186;BK0193
protein turnover,4,6,12.0,BK0002;BK0028;BK0291;BK0357
skeletal muscle,4,6,12.0,BK0206;BK0304;BK0329;BK0351
tissue samples,4,6,12.0,BK0051;BK0088;BK0206;BK0308
available proteomexchange identifier,4,4,11.890828,BK0020;BK0093;BK0128;BK0132
berghei circumsporozoite peptide,4,4,11.890828,BK0366;BK0367;BK0368;BK0369
histocompatibility complex class,4,4,11.890828,BK0325;BK0326;BK0357;BK0364
histocompatibility complex mhc,4,4,11.890828,BK0275;BK0341;BK0357;BK0366
hydroxylation highly conserved,4,4,11.890828,BK0143;BK0225;BK0273;BK0327
immunodeficiency virus type,4,4,11.890828,BK0125;BK0183;BK0204;BK0298
innate immune response,4,4,11.890828,BK0009;BK0062;BK0163;BK0170
patients rheumatoid arthritis,4,4,11.890828,BK0151;BK0181;BK0255;BK0311
performance liquid chromatography,4,4,11.890828,BK0132;BK0242;BK0282;BK0312
plasmodium berghei circumsporozoite,4,4,11.890828,BK0366;BK0367;BK0368;BK0369
polycomb repressive complexes,4,4,11.890828,BK0180;BK0190;BK0231;BK0262
remain poorly understood,4,4,11.890828,BK0005;BK0011;BK0026;BK0231
tcr photoaffinity labeling,4,4,11.890828,BK0367;BK0368;BK0369;BK0370
ubiquitin ligase activity,4,4,11.890828,BK0041;BK0073;BK0190;BK0291
ubiquitin ligase complex,4,4,11.890828,BK0004;BK0265;BK0276;BK0291
prostate cancer,3,13,11.720672,BK0211;BK0302;BK0321
antigen receptor,4,5,11.22942,BK0034;BK0102;BK0132;BK0366
berghei circumsporozoite,4,5,11.22942,BK0366;BK0367;BK0368;BK0369
cd4 cells,4,5,11.22942,BK0015;BK0131;BK0170;BK0176
conformational changes,4,5,11.22942,BK0006;BK0183;BK0285;BK0327
cytokine production,4,5,11.22942,BK0102;BK0112;BK0133;BK0367
dna end,4,5,11.22942,BK0026;BK0069;BK0119;BK0178
gene regulation,4,5,11.22942,BK0084;BK0096;BK0190;BK0231
hif transcriptional,4,5,11.22942,BK0268;BK0273;BK0277;BK0286
human leukocyte,4,5,11.22942,BK0010;BK0125;BK0131;BK0204
immune system,4,5,11.22942,BK0054;BK0068;BK0298;BK0323
inducible factor,4,5,11.22942,BK0273;BK0277;BK0284;BK0287
intact cells,4,5,11.22942,BK0087;BK0157;BK0207;BK0346
ionizing radiation,4,5,11.22942,BK0026;BK0069;BK0142;BK0253
leukocyte antigen,4,5,11.22942,BK0010;BK0125;BK0131;BK0204
nervous system,4,5,11.22942,BK0017;BK0025;BK0093;BK0362
peptide derivative,4,5,11.22942,BK0366;BK0367;BK0368;BK0369
prolyl asparaginyl,4,5,11.22942,BK0268;BK0277;BK0316;BK0327
protein sequence,4,5,11.22942,BK0159;BK0188;BK0226;BK0359
protein stability,4,5,11.22942,BK0074;BK0252;BK0318;BK0320
proteins differentially,4,5,11.22942,BK0138;BK0210;BK0241;BK0329
specific proteases,4,5,11.22942,BK0256;BK0323;BK0345;BK0348
tumor cell,4,5,11.22942,BK0069;BK0302;BK0322;BK0345
virus infection,4,5,11.22942,BK0038;BK0168;BK0282;BK0345
hdac inhibition,3,11,11.101319,BK0084;BK0158;BK0196
replication forks,3,11,11.101319,BK0071;BK0090;BK0178
muscle wasting,3,9,10.378295,BK0083;BK0104;BK0304
type diabetes,3,9,10.378295,BK0160;BK0198;BK0221
cancer cell invasion,3,6,10.35,BK0209;BK0211;BK0242
acid metabolism,4,4,10.33985,BK0043;BK0088;BK0174;BK0202
animal models,4,4,10.33985,BK0017;BK0137;BK0267;BK0311
asparaginyl hydroxylase,4,4,10.33985,BK0268;BK0286;BK0316;BK0327
available proteomexchange,4,4,10.33985,BK0020;BK0093;BK0128;BK0132
binding mode,4,4,10.33985,BK0018;BK0022;BK0025;BK0213
biological activity,4,4,10.33985,BK0220;BK0252;BK0260;BK0359
candidate biomarkers,4,4,10.33985,BK0014;BK0138;BK0239;BK0266
catalyzes hydroxylation,4,4,10.33985,BK0143;BK0273;BK0286;BK0327
cell growth,4,4,10.33985,BK0100;BK0143;BK0167;BK0309
cell receptor,4,4,10.33985,BK0102;BK0366;BK0369;BK0370
cellular function,4,4,10.33985,BK0039;BK0079;BK0147;BK0365
cellular functions,4,4,10.33985,BK0073;BK0225;BK0252;BK0269
circumsporozoite peptide,4,4,10.33985,BK0366;BK0367;BK0368;BK0369
class antigen,4,4,10.33985,BK0349;BK0357;BK0361;BK0364
combined mass,4,4,10.33985,BK0016;BK0249;BK0256;BK0337
complex class,4,4,10.33985,BK0325;BK0326;BK0357;BK0364
complex mhc,4,4,10.33985,BK0275;BK0341;BK0357;BK0366
covalent modification,4,4,10.33985,BK0002;BK0042;BK0108;BK0271
crude cell,4,4,10.33985,BK0270;BK0339;BK0346;BK0355
cytotoxic lymphocyte,4,4,10.33985,BK0361;BK0369;BK0370;BK0371
dendritic cell,4,4,10.33985,BK0102;BK0163;BK0326;BK0349
dependent manner,4,4,10.33985,BK0209;BK0224;BK0282;BK0291
dna break,4,4,10.33985,BK0090;BK0110;BK0119;BK0142
dna lesions,4,4,10.33985,BK0024;BK0069;BK0202;BK0318
embryonic development,4,4,10.33985,BK0100;BK0167;BK0180;BK0245
extracellular vesicle,4,4,10.33985,BK0020;BK0079;BK0082;BK0145
fatty acids,4,4,10.33985,BK0043;BK0094;BK0166;BK0248
fully understood,4,4,10.33985,BK0100;BK0136;BK0138;BK0244
gene encoding,4,4,10.33985,BK0017;BK0237;BK0271;BK0326
gene products,4,4,10.33985,BK0164;BK0336;BK0348;BK0359
gene transcription,4,4,10.33985,BK0059;BK0168;BK0221;BK0301
genomic instability,4,4,10.33985,BK0119;BK0126;BK0142;BK0269
growth control,4,4,10.33985,BK0233;BK0252;BK0280;BK0372
heavy chain,4,4,10.33985,BK0005;BK0122;BK0257;BK0335
highly abundant,4,4,10.33985,BK0113;BK0114;BK0150;BK0266
highly expressed,4,4,10.33985,BK0121;BK0140;BK0164;BK0345
histone deacetylase,4,4,10.33985,BK0084;BK0158;BK0196;BK0232
hydroxylation highly,4,4,10.33985,BK0143;BK0225;BK0273;BK0327
immune cells,4,4,10.33985,BK0034;BK0240;BK0260;BK0322
infectious diseases,4,4,10.33985,BK0125;BK0249;BK0283;BK0323
involved dna,4,4,10.33985,BK0253;BK0269;BK0272;BK0293
ligase activity,4,4,10.33985,BK0041;BK0073;BK0190;BK0291
mechanism action,4,4,10.33985,BK0087;BK0133;BK0175;BK0298
mechanism regulating,4,4,10.33985,BK0142;BK0265;BK0296;BK0318
mechanism underlying,4,4,10.33985,BK0182;BK0184;BK0303;BK0308
modification ubiquitin,4,4,10.33985,BK0002;BK0108;BK0152;BK0234
modifications ptms,4,4,10.33985,BK0054;BK0067;BK0285;BK0337
molecular mechanisms,4,4,10.33985,BK0005;BK0065;BK0104;BK0138
mortality worldwide,4,4,10.33985,BK0003;BK0034;BK0037;BK0093
mutually exclusive,4,4,10.33985,BK0098;BK0121;BK0180;BK0229
negative regulator,4,4,10.33985,BK0062;BK0147;BK0279;BK0301
pathological processes,4,4,10.33985,BK0005;BK0285;BK0309;BK0321
patients rheumatoid,4,4,10.33985,BK0151;BK0181;BK0255;BK0311
peptides proteins,4,4,10.33985,BK0055;BK0284;BK0297;BK0304
performance liquid,4,4,10.33985,BK0132;BK0242;BK0282;BK0312
photoaffinity labeling,4,4,10.33985,BK0367;BK0368;BK0369;BK0370
plasmodium berghei,4,4,10.33985,BK0366;BK0367;BK0368;BK0369
plays essential,4,4,10.33985,BK0064;BK0097;BK0245;BK0324
potential target,4,4,10.33985,BK0012;BK0067;BK0158;BK0302
protective immunity,4,4,10.33985,BK0034;BK0072;BK0080;BK0131
protein modification,4,4,10.33985,BK0152;BK0271;BK0278;BK0354
proteins regulated,4,4,10.33985,BK0228;BK0282;BK0286;BK0303
proteomexchange identifier,4,4,10.33985,BK0020;BK0093;BK0128;BK0132
quantitative proteomic,4,4,10.33985,BK0058;BK0189;BK0212;BK0312
receiver operating,4,4,10.33985,BK0051;BK0093;BK0219;BK0257
receptor tcr,4,4,10.33985,BK0102;BK0366;BK0369;BK0370
regulation transcription,4,4,10.33985,BK0179;BK0269;BK0276;BK0316
remain unclear,4,4,10.33985,BK0017;BK0034;BK0073;BK0079
repair pathway,4,4,10.33985,BK0069;BK0119;BK0142;BK0184
repressive complexes,4,4,10.33985,BK0180;BK0190;BK0231;BK0262
selective inhibitors,4,4,10.33985,BK0096;BK0156;BK0165;BK0324
signalling pathways,4,4,10.33985,BK0062;BK0282;BK0290;BK0312
substrate specificity,4,4,10.33985,BK0195;BK0317;BK0345;BK0364
tcr photoaffinity,4,4,10.33985,BK0367;BK0368;BK0369;BK0370
therapeutic intervention,4,4,10.33985,BK0017;BK0052;BK0054;BK0270
therapeutic target,4,4,10.33985,BK0076;BK0132;BK0198;BK0256
transcriptional regulation,4,4,10.33985,BK0121;BK0190;BK0269;BK0331
ubiquitin system,4,4,10.33985,BK0026;BK0179;BK0283;BK0306
viral epitopes,4,4,10.33985,BK0040;BK0066;BK0215;BK0289
viral replication,4,4,10.33985,BK0054;BK0168;BK0254;BK0338
virus type,4,4,10.33985,BK0125;BK0183;BK0204;BK0298
antigen recognition,3,8,9.965784,BK0368;BK0369;BK0370
acute phase response,3,5,9.685374,BK0014;BK0088;BK0136
base excision repair,3,5,9.685374,BK0202;BK0293;BK0318
exchange mass spectrometry,3,5,9.685374,BK0013;BK0018;BK0042
pancreatic beta cells,3,5,9.685374,BK0140;BK0160;BK0303
polycomb repressive complex,3,5,9.685374,BK0167;BK0190;BK0262
blood cells,3,7,9.509775,BK0050;BK0164;BK0300
sequence coverage,3,7,9.509775,BK0159;BK0199;BK0337
beta cells,3,6,9.0,BK0140;BK0160;BK0303
cpg islands,3,6,9.0,BK0127;BK0231;BK0262
dna methylation,3,6,9.0,BK0084;BK0201;BK0295
donor kidneys,3,6,9.0,BK0047;BK0070;BK0116
histone modifications,3,6,9.0,BK0169;BK0295;BK0309
joint infection,3,6,9.0,BK0154;BK0172;BK0230
p53 response,3,6,9.0,BK0253;BK0319;BK0320
pancreatic beta,3,6,9.0,BK0140;BK0160;BK0303
dna damage response,3,4,8.918121,BK0004;BK0158;BK0253
dna end resection,3,4,8.918121,BK0026;BK0069;BK0178
hypothermic machine perfusion,3,4,8.918121,BK0032;BK0049;BK0070
ischemia reperfusion injury,3,4,8.918121,BK0052;BK0075;BK0332
seminal fluid proteins,3,4,8.918121,BK0098;BK0106;BK0114
base excision,3,5,8.422065,BK0202;BK0293;BK0318
biomarker development,3,5,8.422065,BK0020;BK0057;BK0068
cellular context,3,5,8.422065,BK0006;BK0056;BK0227
csf proteome,3,5,8.422065,BK0027;BK0038;BK0068
cytoskeletal proteins,3,5,8.422065,BK0047;BK0070;BK0083
disease mechanisms,3,5,8.422065,BK0057;BK0186;BK0267
dna polymerase,3,5,8.422065,BK0293;BK0313;BK0318
enzymatic activity,3,5,8.422065,BK0103;BK0338;BK0359
epithelial cells,3,5,8.422065,BK0101;BK0211;BK0330
exchange mass,3,5,8.422065,BK0013;BK0018;BK0042
excision repair,3,5,8.422065,BK0202;BK0293;BK0318
factor inhibiting,3,5,8.422065,BK0268;BK0316;BK0327
gambian children,3,5,8.422065,BK0138;BK0219;BK0239
mitochondrial function,3,5,8.422065,BK0136;BK0148;BK0197
myeloma cells,3,5,8.422065,BK0251;BK0339;BK0342
nucleic acid,3,5,8.422065,BK0068;BK0254;BK0255
phase response,3,5,8.422065,BK0014;BK0088;BK0136
plasma proteomic,3,5,8.422065,BK0014;BK0138;BK0149
repressive complex,3,5,8.422065,BK0167;BK0190;BK0262
squamous cell,3,5,8.422065,BK0065;BK0076;BK0195
usp30 inhibition,3,5,8.422065,BK0018;BK0042;BK0092
acids cell culture,3,3,8.010652,BK0202;BK0243;BK0316
amino acid metabolism,3,3,8.010652,BK0088;BK0174;BK0202
amino acids cell,3,3,8.010652,BK0202;BK0243;BK0316
analyzed tandem mass,3,3,8.010652,BK0218;BK0272;BK0352
area receiver operating,3,3,8.010652,BK0051;BK0093;BK0219
asparaginyl hydroxylase factor,3,3,8.010652,BK0286;BK0316;BK0327
blood mononuclear cells,3,3,8.010652,BK0155;BK0260;BK0333
brain death dbd,3,3,8.010652,BK0047;BK0070;BK0075
cancer cell lines,3,3,8.010652,BK0113;BK0201;BK0229
catalyzes hydroxylation highly,3,3,8.010652,BK0143;BK0273;BK0327
cell cancer hlrcc,3,3,8.010652,BK0229;BK0237;BK0271
cell culture silac,3,3,8.010652,BK0202;BK0243;BK0316
cell receptor tcr,3,3,8.010652,BK0102;BK0369;BK0370
central nervous system,3,3,8.010652,BK0025;BK0093;BK0362
chain assembly complex,3,3,8.010652,BK0115;BK0147;BK0194
colorectal cancer cells,3,3,8.010652,BK0036;BK0208;BK0322
complex mhc class,3,3,8.010652,BK0275;BK0341;BK0357
crude cell extracts,3,3,8.010652,BK0270;BK0339;BK0346
cytotoxic lymphocytes ctls,3,3,8.010652,BK0062;BK0089;BK0218
derivative plasmodium berghei,3,3,8.010652,BK0367;BK0368;BK0369
deubiquitinating enzyme dub,3,3,8.010652,BK0227;BK0234;BK0258
deubiquitylating enzyme dub,3,3,8.010652,BK0056;BK0118;BK0272
disease amyotrophic lateral,3,3,8.010652,BK0057;BK0082;BK0122
donation brain death,3,3,8.010652,BK0047;BK0070;BK0116
electrophoresis mass spectrometry,3,3,8.010652,BK0128;BK0206;BK0329
endoplasmic reticulum membrane,3,3,8.010652,BK0085;BK0117;BK0228
excision repair ber,3,3,8.010652,BK0202;BK0293;BK0318
factor inhibiting hif,3,3,8.010652,BK0268;BK0316;BK0327
fih catalyzes hydroxylation,3,3,8.010652,BK0273;BK0286;BK0327
fluid proteins sfps,3,3,8.010652,BK0098;BK0106;BK0114
future vaccine design,3,3,8.010652,BK0040;BK0080;BK0289
gel electrophoresis mass,3,3,8.010652,BK0128;BK0206;BK0329
gene ontology enrichment,3,3,8.010652,BK0068;BK0079;BK0082
hereditary leiomyomatosis renal,3,3,8.010652,BK0229;BK0237;BK0271
hif asparaginyl hydroxylase,3,3,8.010652,BK0268;BK0316;BK0327
inducible factor hif,3,3,8.010652,BK0273;BK0277;BK0287
ionisation mass spectrometry,3,3,8.010652,BK0282;BK0294;BK0312
joint infection pji,3,3,8.010652,BK0154;BK0172;BK0230
leiomyomatosis renal cell,3,3,8.010652,BK0229;BK0237;BK0271
linear ubiquitin chain,3,3,8.010652,BK0115;BK0147;BK0194
liquid chromatography mass,3,3,8.010652,BK0120;BK0174;BK0242
many cellular processes,3,3,8.010652,BK0094;BK0234;BK0354
mass spectrometry proteins,3,3,8.010652,BK0113;BK0128;BK0134
mass spectrometry proteomics,3,3,8.010652,BK0038;BK0051;BK0295
modification cysteine residues,3,3,8.010652,BK0141;BK0229;BK0271
modification proteins ubiquitin,3,3,8.010652,BK0331;BK0336;BK0354
neurodegenerative disease amyotrophic,3,3,8.010652,BK0057;BK0082;BK0122
normothermic machine perfusion,3,3,8.010652,BK0008;BK0032;BK0075
oxygen species ros,3,3,8.010652,BK0078;BK0141;BK0148
peripheral blood mononuclear,3,3,8.010652,BK0155;BK0260;BK0333
photoreactive derivative plasmodium,3,3,8.010652,BK0367;BK0368;BK0369
posttranslational modification proteins,3,3,8.010652,BK0141;BK0152;BK0187
proteasome inhibitor bortezomib,3,3,8.010652,BK0334;BK0339;BK0342
protein arginine methyltransferase,3,3,8.010652,BK0233;BK0252;BK0319
proteomic sample preparation,3,3,8.010652,BK0056;BK0189;BK0207
receptor tcr ligand,3,3,8.010652,BK0366;BK0369;BK0370
renal cell cancer,3,3,8.010652,BK0229;BK0237;BK0271
repeat domain ard,3,3,8.010652,BK0273;BK0286;BK0316
report crystal structure,3,3,8.010652,BK0025;BK0195;BK0213
response dna damage,3,3,8.010652,BK0253;BK0293;BK0319
sample preparation gasp,3,3,8.010652,BK0159;BK0189;BK0207
sites dna damage,3,3,8.010652,BK0069;BK0142;BK0157
squamous cell carcinoma,3,3,8.010652,BK0065;BK0076;BK0195
stem cells escs,3,3,8.010652,BK0167;BK0180;BK0246
ubiquitin chain assembly,3,3,8.010652,BK0115;BK0147;BK0194
ubiquitin specific proteases,3,3,8.010652,BK0323;BK0345;BK0348
activation domain,3,4,7.754888,BK0273;BK0277;BK0279
active probe,3,4,7.754888,BK0339;BK0342;BK0363
adaptor protein,3,4,7.754888,BK0010;BK0196;BK0265
alternative splicing,3,4,7.754888,BK0224;BK0245;BK0353
antibody responses,3,4,7.754888,BK0080;BK0151;BK0217
antigenic peptides,3,4,7.754888,BK0324;BK0361;BK0366
broad spectrum,3,4,7.754888,BK0093;BK0171;BK0217
cell types,3,4,7.754888,BK0031;BK0098;BK0314
chemical proteomics,3,4,7.754888,BK0272;BK0307;BK0348
chromatin accessibility,3,4,7.754888,BK0048;BK0059;BK0084
clinical management,3,4,7.754888,BK0093;BK0149;BK0219
ctl clones,3,4,7.754888,BK0368;BK0369;BK0370
damage response,3,4,7.754888,BK0004;BK0158;BK0253
damaged mitochondria,3,4,7.754888,BK0042;BK0092;BK0300
diagnostic performance,3,4,7.754888,BK0093;BK0239;BK0266
differentially regulated,3,4,7.754888,BK0138;BK0164;BK0281
disease controls,3,4,7.754888,BK0027;BK0063;BK0122
efficiency antigen,3,4,7.754888,BK0289;BK0368;BK0370
end resection,3,4,7.754888,BK0026;BK0069;BK0178
endothelial cells,3,4,7.754888,BK0031;BK0148;BK0305
enzyme family,3,4,7.754888,BK0018;BK0169;BK0359
factor fih,3,4,7.754888,BK0273;BK0279;BK0316
fatty acid,3,4,7.754888,BK0043;BK0136;BK0208
feedback loop,3,4,7.754888,BK0133;BK0242;BK0291
fih catalyzes,3,4,7.754888,BK0273;BK0286;BK0327
fluid proteins,3,4,7.754888,BK0098;BK0106;BK0114
homologous recombination,3,4,7.754888,BK0026;BK0071;BK0216
human cell,3,4,7.754888,BK0260;BK0314;BK0318
hypothermic machine,3,4,7.754888,BK0032;BK0049;BK0070
hypoxic response,3,4,7.754888,BK0223;BK0288;BK0315
inflammatory bowel,3,4,7.754888,BK0061;BK0101;BK0182
inhibitor treatment,3,4,7.754888,BK0074;BK0076;BK0232
ischemia reperfusion,3,4,7.754888,BK0052;BK0075;BK0332
lysine residue,3,4,7.754888,BK0143;BK0278;BK0280
machine learning,3,4,7.754888,BK0003;BK0037;BK0038
maintaining genome,3,4,7.754888,BK0110;BK0216;BK0293
membrane protein,3,4,7.754888,BK0068;BK0117;BK0125
membrane proteins,3,4,7.754888,BK0068;BK0120;BK0125
mrn complex,3,4,7.754888,BK0069;BK0158;BK0216
mrna processing,3,4,7.754888,BK0083;BK0104;BK0224
muscle mass,3,4,7.754888,BK0028;BK0304;BK0329
pathogenesis als,3,4,7.754888,BK0057;BK0068;BK0079
patient samples,3,4,7.754888,BK0038;BK0081;BK0200
peptides bound,3,4,7.754888,BK0176;BK0218;BK0327
physiologically relevant,3,4,7.754888,BK0031;BK0278;BK0346
plasma patients,3,4,7.754888,BK0255;BK0259;BK0294
protein complex,3,4,7.754888,BK0010;BK0117;BK0306
protein identification,3,4,7.754888,BK0263;BK0266;BK0337
protein ubiquitylation,3,4,7.754888,BK0108;BK0192;BK0216
proteins sfps,3,4,7.754888,BK0098;BK0106;BK0114
proteolytic fragments,3,4,7.754888,BK0047;BK0186;BK0298
proteomic metabolomic,3,4,7.754888,BK0136;BK0197;BK0257
proteomic sample,3,4,7.754888,BK0056;BK0189;BK0207
required normal,3,4,7.754888,BK0190;BK0231;BK0365
samples collected,3,4,7.754888,BK0014;BK0049;BK0051
sup sup,3,4,7.754888,BK0015;BK0040;BK0080
suppressor protein,3,4,7.754888,BK0162;BK0280;BK0319
target gene,3,4,7.754888,BK0059;BK0301;BK0319
tissue damage,3,4,7.754888,BK0052;BK0055;BK0138
transcriptional activity,3,4,7.754888,BK0077;BK0268;BK0273
tumour suppressor,3,4,7.754888,BK0165;BK0280;BK0319
ubiquitin hydrolase,3,4,7.754888,BK0025;BK0027;BK0142
ubiquitin ubl,3,4,7.754888,BK0002;BK0323;BK0348
upregulation proteins,3,4,7.754888,BK0014;BK0020;BK0312
spinal cord,2,11,7.400879,BK0020;BK0063
abundant proteins,3,3,6.965784,BK0070;BK0189;BK0266
acids cell,3,3,6.965784,BK0202;BK0243;BK0316
acquisition dia,3,3,6.965784,BK0027;BK0038;BK0046
activity hif,3,3,6.965784,BK0277;BK0286;BK0288
activity proteasome,3,3,6.965784,BK0324;BK0342;BK0349
acts negative,3,3,6.965784,BK0147;BK0279;BK0291
age years,3,3,6.965784,BK0139;BK0171;BK0172
alpha beta,3,3,6.965784,BK0087;BK0121;BK0341
alpha enolase,3,3,6.965784,BK0151;BK0181;BK0206
altered expression,3,3,6.965784,BK0045;BK0083;BK0303
analyzed tandem,3,3,6.965784,BK0218;BK0272;BK0352
antigen hla,3,3,6.965784,BK0125;BK0204;BK0312
apoptosis cells,3,3,6.965784,BK0232;BK0251;BK0334
area receiver,3,3,6.965784,BK0051;BK0093;BK0219
arginine methyltransferase,3,3,6.965784,BK0233;BK0252;BK0319
aspects cell,3,3,6.965784,BK0117;BK0179;BK0309
assembly complex,3,3,6.965784,BK0115;BK0147;BK0194
atp production,3,3,6.965784,BK0136;BK0160;BK0203
beta production,3,3,6.965784,BK0009;BK0030;BK0112
beta subunit,3,3,6.965784,BK0134;BK0303;BK0312
binding proteins,3,3,6.965784,BK0084;BK0331;BK0338
blood cell,3,3,6.965784,BK0120;BK0124;BK0164
blood mononuclear,3,3,6.965784,BK0155;BK0260;BK0333
budding yeast,3,3,6.965784,BK0099;BK0276;BK0296
cancer hlrcc,3,3,6.965784,BK0229;BK0237;BK0271
cancer patients,3,3,6.965784,BK0003;BK0037;BK0113
cancer res,3,3,6.965784,BK0155;BK0158;BK0196
cancer therapy,3,3,6.965784,BK0090;BK0132;BK0272
cell biology,3,3,6.965784,BK0066;BK0072;BK0336
cell cancer,3,3,6.965784,BK0229;BK0237;BK0271
cell carcinoma,3,3,6.965784,BK0065;BK0076;BK0195
cell maturation,3,3,6.965784,BK0072;BK0102;BK0349
cell migration,3,3,6.965784,BK0113;BK0126;BK0209
cell phenotype,3,3,6.965784,BK0208;BK0305;BK0326
cells cells,3,3,6.965784,BK0010;BK0334;BK0349
cells escs,3,3,6.965784,BK0167;BK0180;BK0246
cells exposed,3,3,6.965784,BK0212;BK0303;BK0342
cells lack,3,3,6.965784,BK0084;BK0119;BK0365
cells order,3,3,6.965784,BK0073;BK0228;BK0282
cells treated,3,3,6.965784,BK0100;BK0212;BK0347
cellular dysfunction,3,3,6.965784,BK0068;BK0263;BK0303
cellular homeostasis,3,3,6.965784,BK0141;BK0153;BK0331
cellular proliferation,3,3,6.965784,BK0162;BK0175;BK0357
cellular proteins,3,3,6.965784,BK0091;BK0165;BK0282
cellular responses,3,3,6.965784,BK0055;BK0178;BK0182
cellular stress,3,3,6.965784,BK0008;BK0047;BK0212
central nervous,3,3,6.965784,BK0025;BK0093;BK0362
chain assembly,3,3,6.965784,BK0115;BK0147;BK0194
changes expression,3,3,6.965784,BK0241;BK0303;BK0308
changes proteins,3,3,6.965784,BK0243;BK0308;BK0329
circulatory death,3,3,6.965784,BK0047;BK0049;BK0075
class molecules,3,3,6.965784,BK0010;BK0275;BK0324
clinical outcome,3,3,6.965784,BK0023;BK0138;BK0252
complex formation,3,3,6.965784,BK0042;BK0046;BK0087
complex required,3,3,6.965784,BK0090;BK0194;BK0216
containing protein,3,3,6.965784,BK0020;BK0169;BK0224
controlling cell,3,3,6.965784,BK0107;BK0179;BK0296
csf samples,3,3,6.965784,BK0068;BK0093;BK0122
culture silac,3,3,6.965784,BK0202;BK0243;BK0316
cytosolic proteolysis,3,3,6.965784,BK0361;BK0364;BK0365
death dbd,3,3,6.965784,BK0047;BK0070;BK0075
derivative plasmodium,3,3,6.965784,BK0367;BK0368;BK0369
derived proteins,3,3,6.965784,BK0088;BK0108;BK0254
describe synthesis,3,3,6.965784,BK0339;BK0350;BK0355
detection quantification,3,3,6.965784,BK0043;BK0063;BK0174
development small,3,3,6.965784,BK0096;BK0156;BK0223
diagnosis management,3,3,6.965784,BK0093;BK0219;BK0254
disease activity,3,3,6.965784,BK0057;BK0236;BK0257
disease amyotrophic,3,3,6.965784,BK0057;BK0082;BK0122
disease progression,3,3,6.965784,BK0122;BK0124;BK0175
disease states,3,3,6.965784,BK0025;BK0087;BK0281
diseases cancer,3,3,6.965784,BK0025;BK0125;BK0165
diverse cellular,3,3,6.965784,BK0196;BK0225;BK0252
domain ard,3,3,6.965784,BK0273;BK0286;BK0316
domain containing,3,3,6.965784,BK0048;BK0213;BK0224
donation brain,3,3,6.965784,BK0047;BK0070;BK0116
donor kidney,3,3,6.965784,BK0047;BK0070;BK0116
drosophila model,3,3,6.965784,BK0177;BK0189;BK0356
drug development,3,3,6.965784,BK0256;BK0272;BK0336
drug discovery,3,3,6.965784,BK0046;BK0056;BK0256
dsb repair,3,3,6.965784,BK0026;BK0110;BK0142
effector functions,3,3,6.965784,BK0034;BK0097;BK0155
electrophilic trap,3,3,6.965784,BK0258;BK0307;BK0354
electrophoresis mass,3,3,6.965784,BK0128;BK0206;BK0329
elucidate molecular,3,3,6.965784,BK0042;BK0104;BK0214
enriched proteins,3,3,6.965784,BK0005;BK0079;BK0212
essential dna,3,3,6.965784,BK0119;BK0184;BK0269
exhibited rapid,3,3,6.965784,BK0261;BK0368;BK0370
extensively studied,3,3,6.965784,BK0036;BK0073;BK0322
factor prolyl,3,3,6.965784,BK0223;BK0225;BK0288
falciparum malaria,3,3,6.965784,BK0219;BK0239;BK0266
family members,3,3,6.965784,BK0033;BK0041;BK0246
family ubiquitin,3,3,6.965784,BK0033;BK0126;BK0345
fate function,3,3,6.965784,BK0091;BK0179;BK0323
feedback mechanism,3,3,6.965784,BK0094;BK0240;BK0285
flow cytometry,3,3,6.965784,BK0102;BK0140;BK0341
fluid samples,3,3,6.965784,BK0081;BK0124;BK0171
function deubiquitinating,3,3,6.965784,BK0045;BK0285;BK0317
functionally relevant,3,3,6.965784,BK0027;BK0175;BK0187
future vaccine,3,3,6.965784,BK0040;BK0080;BK0289
gene isg15,3,3,6.965784,BK0009;BK0045;BK0058
gene ontology,3,3,6.965784,BK0068;BK0079;BK0082
gene promoters,3,3,6.965784,BK0127;BK0175;BK0262
genome instability,3,3,6.965784,BK0090;BK0146;BK0212
glucose metabolism,3,3,6.965784,BK0075;BK0112;BK0138
heat shock,3,3,6.965784,BK0303;BK0308;BK0334
hereditary leiomyomatosis,3,3,6.965784,BK0229;BK0237;BK0271
hif asparaginyl,3,3,6.965784,BK0268;BK0316;BK0327
hif fih,3,3,6.965784,BK0286;BK0316;BK0327
highly dynamic,3,3,6.965784,BK0118;BK0121;BK0211
highly selective,3,3,6.965784,BK0147;BK0156;BK0324
highly sensitive,3,3,6.965784,BK0063;BK0174;BK0333
human disease,3,3,6.965784,BK0043;BK0057;BK0249
human primary,3,3,6.965784,BK0079;BK0113;BK0176
human protein,3,3,6.965784,BK0060;BK0195;BK0269
hydroxylase factor,3,3,6.965784,BK0286;BK0316;BK0327
hydroxylation occurs,3,3,6.965784,BK0264;BK0273;BK0279
hypoxic stress,3,3,6.965784,BK0095;BK0245;BK0335
ifn gamma,3,3,6.965784,BK0072;BK0112;BK0131
immune escape,3,3,6.965784,BK0040;BK0066;BK0361
incompletely understood,3,3,6.965784,BK0117;BK0191;BK0301
increased abundance,3,3,6.965784,BK0020;BK0100;BK0122
increased expression,3,3,6.965784,BK0084;BK0123;BK0240
increased protein,3,3,6.965784,BK0252;BK0286;BK0318
infection pji,3,3,6.965784,BK0154;BK0172;BK0230
inflammatory diseases,3,3,6.965784,BK0009;BK0067;BK0275
ingenuity pathway,3,3,6.965784,BK0255;BK0282;BK0312
inhibiting hif,3,3,6.965784,BK0268;BK0316;BK0327
inhibitor bortezomib,3,3,6.965784,BK0334;BK0339;BK0342
inhibitor development,3,3,6.965784,BK0105;BK0256;BK0272
injury iri,3,3,6.965784,BK0049;BK0052;BK0136
innate immunity,3,3,6.965784,BK0062;BK0163;BK0356
involved controlling,3,3,6.965784,BK0091;BK0192;BK0276
involved glucose,3,3,6.965784,BK0075;BK0112;BK0308
involved processes,3,3,6.965784,BK0169;BK0179;BK0295
ionisation mass,3,3,6.965784,BK0282;BK0294;BK0312
kidney biopsies,3,3,6.965784,BK0047;BK0075;BK0116
largely unknown,3,3,6.965784,BK0084;BK0137;BK0252
leads defective,3,3,6.965784,BK0069;BK0192;BK0300
led increased,3,3,6.965784,BK0100;BK0200;BK0326
leiomyomatosis renal,3,3,6.965784,BK0229;BK0237;BK0271
less known,3,3,6.965784,BK0036;BK0208;BK0361
linear ubiquitin,3,3,6.965784,BK0115;BK0147;BK0194
lymphocytes ctls,3,3,6.965784,BK0062;BK0089;BK0218
malaria infection,3,3,6.965784,BK0137;BK0239;BK0266
malate dehydrogenase,3,3,6.965784,BK0044;BK0075;BK0303
mammalian cells,3,3,6.965784,BK0073;BK0324;BK0363
many cellular,3,3,6.965784,BK0094;BK0234;BK0354
matrix ecm,3,3,6.965784,BK0113;BK0150;BK0242
mechanisms underlie,3,3,6.965784,BK0005;BK0233;BK0252
mechanisms underlying,3,3,6.965784,BK0011;BK0013;BK0146
mechanistic insights,3,3,6.965784,BK0024;BK0042;BK0214
median age,3,3,6.965784,BK0023;BK0172;BK0230
min warm,3,3,6.965784,BK0032;BK0049;BK0136
modification cysteine,3,3,6.965784,BK0141;BK0229;BK0271
mononuclear cells,3,3,6.965784,BK0155;BK0260;BK0333
mouse models,3,3,6.965784,BK0148;BK0242;BK0267
mrna expression,3,3,6.965784,BK0104;BK0221;BK0308
multiple proteins,3,3,6.965784,BK0237;BK0303;BK0308
myocardial infarction,3,3,6.965784,BK0023;BK0149;BK0335
negatively regulates,3,3,6.965784,BK0092;BK0164;BK0273
normal tissues,3,3,6.965784,BK0132;BK0174;BK0271
normothermic machine,3,3,6.965784,BK0008;BK0032;BK0075
nuclear transfer,3,3,6.965784,BK0140;BK0261;BK0267
number proteins,3,3,6.965784,BK0137;BK0159;BK0179
odds ratio,3,3,6.965784,BK0020;BK0093;BK0145
ontology enrichment,3,3,6.965784,BK0068;BK0079;BK0082
open reading,3,3,6.965784,BK0209;BK0352;BK0373
ovarian tumor,3,3,6.965784,BK0211;BK0213;BK0348
oxidative phosphorylation,3,3,6.965784,BK0036;BK0097;BK0203
pave way,3,3,6.965784,BK0042;BK0107;BK0283
photoreactive derivative,3,3,6.965784,BK0367;BK0368;BK0369
play critical,3,3,6.965784,BK0105;BK0220;BK0246
plays critical,3,3,6.965784,BK0134;BK0198;BK0369
porcine kidneys,3,3,6.965784,BK0032;BK0049;BK0052
posttranslational hydroxylation,3,3,6.965784,BK0223;BK0225;BK0288
posttranslational modifications,3,3,6.965784,BK0002;BK0086;BK0249
potent selective,3,3,6.965784,BK0096;BK0103;BK0105
potential development,3,3,6.965784,BK0227;BK0241;BK0272
potential therapeutic,3,3,6.965784,BK0009;BK0132;BK0157
powerful tool,3,3,6.965784,BK0013;BK0255;BK0312
prc1 prc2,3,3,6.965784,BK0180;BK0190;BK0231
preparation gasp,3,3,6.965784,BK0159;BK0189;BK0207
presence absence,3,3,6.965784,BK0212;BK0321;BK0342
primary structure,3,3,6.965784,BK0359;BK0372;BK0373
processes cell,3,3,6.965784,BK0004;BK0169;BK0354
progenitor cells,3,3,6.965784,BK0007;BK0101;BK0200
prolyl hydroxylases,3,3,6.965784,BK0225;BK0268;BK0287
proteases specific,3,3,6.965784,BK0323;BK0348;BK0355
proteasome inhibition,3,3,6.965784,BK0108;BK0158;BK0364
protein homeostasis,3,3,6.965784,BK0005;BK0028;BK0082
protein keap1,3,3,6.965784,BK0133;BK0229;BK0287
protein networks,3,3,6.965784,BK0039;BK0045;BK0100
protein profiles,3,3,6.965784,BK0020;BK0070;BK0303
protein substrates,3,3,6.965784,BK0045;BK0091;BK0364
protein ubiquitination,3,3,6.965784,BK0091;BK0249;BK0313
proteins altered,3,3,6.965784,BK0086;BK0088;BK0197
proteins ubiquitin,3,3,6.965784,BK0331;BK0336;BK0354
proteome composition,3,3,6.965784,BK0021;BK0086;BK0098
proteomic performed,3,3,6.965784,BK0082;BK0116;BK0210
proteomic profiling,3,3,6.965784,BK0014;BK0137;BK0138
proteomic screen,3,3,6.965784,BK0199;BK0229;BK0302
proteomic workflow,3,3,6.965784,BK0005;BK0085;BK0248
proteomics applications,3,3,6.965784,BK0295;BK0336;BK0337
range proteins,3,3,6.965784,BK0087;BK0266;BK0316
receptor signaling,3,3,6.965784,BK0034;BK0129;BK0194
reduced sensitivity,3,3,6.965784,BK0017;BK0196;BK0268
regulation cellular,3,3,6.965784,BK0231;BK0265;BK0269
regulatory mechanisms,3,3,6.965784,BK0010;BK0317;BK0361
renal cell,3,3,6.965784,BK0229;BK0237;BK0271
renal cysts,3,3,6.965784,BK0237;BK0271;BK0287
repair ber,3,3,6.965784,BK0202;BK0293;BK0318
repair pathways,3,3,6.965784,BK0026;BK0110;BK0158
replication fork,3,3,6.965784,BK0099;BK0178;BK0184
report crystal,3,3,6.965784,BK0025;BK0195;BK0213
report development,3,3,6.965784,BK0096;BK0155;BK0324
residues proteins,3,3,6.965784,BK0002;BK0169;BK0245
response dna,3,3,6.965784,BK0253;BK0293;BK0319
reticulum membrane,3,3,6.965784,BK0085;BK0117;BK0228
ribosomal protein,3,3,6.965784,BK0223;BK0225;BK0264
risk factor,3,3,6.965784,BK0055;BK0151;BK0206
rna sequencing,3,3,6.965784,BK0011;BK0016;BK0077
schizosaccharomyces pombe,3,3,6.965784,BK0223;BK0225;BK0372
sensitive specific,3,3,6.965784,BK0063;BK0093;BK0229
sequence motifs,3,3,6.965784,BK0157;BK0226;BK0372
sera patients,3,3,6.965784,BK0128;BK0181;BK0210
serum amyloid,3,3,6.965784,BK0257;BK0263;BK0298
serum patients,3,3,6.965784,BK0050;BK0236;BK0257
signal peptide,3,3,6.965784,BK0228;BK0325;BK0373
signaling cascades,3,3,6.965784,BK0129;BK0191;BK0255
signalling pathway,3,3,6.965784,BK0032;BK0085;BK0320
small gtpase,3,3,6.965784,BK0029;BK0118;BK0306
species ros,3,3,6.965784,BK0078;BK0141;BK0148
specific photoreactive,3,3,6.965784,BK0367;BK0368;BK0369
specific proteins,3,3,6.965784,BK0081;BK0224;BK0355
spectrometry proteins,3,3,6.965784,BK0113;BK0128;BK0134
spectrometry proteomics,3,3,6.965784,BK0038;BK0051;BK0295
stable complex,3,3,6.965784,BK0074;BK0121;BK0225
structural basis,3,3,6.965784,BK0041;BK0317;BK0366
structural functional,3,3,6.965784,BK0005;BK0187;BK0356
substrate proteins,3,3,6.965784,BK0062;BK0280;BK0354
substrate recognition,3,3,6.965784,BK0001;BK0004;BK0280
substrates vitro,3,3,6.965784,BK0009;BK0044;BK0286
superoxide dismutase,3,3,6.965784,BK0020;BK0044;BK0308
suppressor p53,3,3,6.965784,BK0155;BK0165;BK0261
tcr ligand,3,3,6.965784,BK0366;BK0369;BK0370
therapeutic interventions,3,3,6.965784,BK0061;BK0108;BK0186
tightly regulated,3,3,6.965784,BK0062;BK0343;BK0349
total unique,3,3,6.965784,BK0159;BK0182;BK0282
treatment cancer,3,3,6.965784,BK0132;BK0227;BK0351
type interferon,3,3,6.965784,BK0009;BK0043;BK0133
ubiquitin binding,3,3,6.965784,BK0042;BK0213;BK0249
ubiquitin proteins,3,3,6.965784,BK0165;BK0256;BK0348
unbiased proteomic,3,3,6.965784,BK0121;BK0220;BK0308
understanding disease,3,3,6.965784,BK0039;BK0186;BK0267
versus control,3,3,6.965784,BK0095;BK0104;BK0241
vinyl methyl,3,3,6.965784,BK0317;BK0357;BK0364
vitro vivo,3,3,6.965784,BK0069;BK0155;BK0247
hdac inhibitors,2,9,6.918863,BK0196;BK0232
stalled replication forks,2,6,6.9,BK0071;BK0178
lung cancer,2,8,6.643856,BK0003;BK0037
pol beta,2,8,6.643856,BK0293;BK0318
proteins unique,2,8,6.643856,BK0263;BK0281
central proteomics facilities,2,5,6.456916,BK0274;BK0297
periprosthetic joint infection,2,5,6.456916,BK0154;BK0172
prostate cancer cell,2,5,6.456916,BK0211;BK0321
proteomics facilities pipeline,2,5,6.456916,BK0274;BK0297
adipose tissue,2,7,6.33985,BK0198;BK0308
cerebral malaria,2,7,6.33985,BK0137;BK0138
end joining,2,7,6.33985,BK0026;BK0119
muscle cell,2,7,6.33985,BK0016;BK0045
complex dissociation,2,6,6.0,BK0368;BK0370
mutant cells,2,6,6.0,BK0036;BK0135
response hdac,2,6,6.0,BK0158;BK0232
stalled replication,2,6,6.0,BK0071;BK0178
frequency serial tcr,2,4,5.945414,BK0368;BK0370
hif1 alpha dependent,2,4,5.945414,BK0208;BK0209
histone lysine demethylases,2,4,5.945414,BK0105;BK0156
peripheral blood cells,2,4,5.945414,BK0050;BK0164
serial tcr engagement,2,4,5.945414,BK0368;BK0370
als patients,2,5,5.61471,BK0068;BK0082
ard proteins,2,5,5.61471,BK0286;BK0327
btr complex,2,5,5.61471,BK0024;BK0071
cd8 cell,2,5,5.61471,BK0040;BK0125
central proteomics,2,5,5.61471,BK0274;BK0297
facilities pipeline,2,5,5.61471,BK0274;BK0297
growth hormone,2,5,5.61471,BK0129;BK0291
liver metastases,2,5,5.61471,BK0113;BK0123
lysyl hydroxylation,2,5,5.61471,BK0143;BK0226
patients healthy,2,5,5.61471,BK0255;BK0257
patients undergoing,2,5,5.61471,BK0023;BK0198
periprosthetic joint,2,5,5.61471,BK0154;BK0172
protein synthesis,2,5,5.61471,BK0263;BK0351
proteomics facilities,2,5,5.61471,BK0274;BK0297
rna splicing,2,5,5.61471,BK0011;BK0315
sperm seminal,2,5,5.61471,BK0086;BK0106
tcr engagement,2,5,5.61471,BK0368;BK0370
tgf beta,2,5,5.61471,BK0032;BK0094
transgenic pigs,2,5,5.61471,BK0171;BK0260
amino acid sequence,2,3,5.340435,BK0185;BK0372
cd8 cell responses,2,3,5.340435,BK0040;BK0125
cell antigen receptor,2,3,5.340435,BK0034;BK0366
chronic myeloid leukaemia,2,3,5.340435,BK0043;BK0062
conjugating deconjugating enzymes,2,3,5.340435,BK0152;BK0354
cortex spinal cord,2,3,5.340435,BK0020;BK0063
efficiency antigen recognition,2,3,5.340435,BK0368;BK0370
endothelial growth factor,2,3,5.340435,BK0236;BK0312
extracts intact cells,2,3,5.340435,BK0207;BK0346
growth hormone receptor,2,3,5.340435,BK0129;BK0291
human cerebrospinal fluid,2,3,5.340435,BK0027;BK0038
inflammatory bowel disease,2,3,5.340435,BK0101;BK0182
inhibitors targeting usp30,2,3,5.340435,BK0018;BK0042
key cellular processes,2,3,5.340435,BK0004;BK0197
molecular mass kda,2,3,5.340435,BK0372;BK0373
patients ankylosing spondylitis,2,3,5.340435,BK0255;BK0312
plasma samples collected,2,3,5.340435,BK0014;BK0051
prolyl asparaginyl hydroxylation,2,3,5.340435,BK0277;BK0316
prostate cancer cells,2,3,5.340435,BK0211;BK0302
protein profiling abpp,2,3,5.340435,BK0035;BK0046
repressive complex prc1,2,3,5.340435,BK0190;BK0262
residues ankyrin repeat,2,3,5.340435,BK0279;BK0327
restart stalled replication,2,3,5.340435,BK0071;BK0178
sperm seminal fluid,2,3,5.340435,BK0086;BK0106
stress granule formation,2,3,5.340435,BK0079;BK0225
transcriptional activation domain,2,3,5.340435,BK0273;BK0279
ubiquitin proteasome pathway,2,3,5.340435,BK0304;BK0312
vascular endothelial growth,2,3,5.340435,BK0236;BK0312
vinyl sulfone inhibitor,2,3,5.340435,BK0358;BK0360
weighted correlation network,2,3,5.340435,BK0027;BK0068
alpha dependent,2,4,5.169925,BK0208;BK0209
atp synthase,2,4,5.169925,BK0203;BK0303
autophagy gene,2,4,5.169925,BK0200;BK0300
beta cell,2,4,5.169925,BK0171;BK0303
blocking cd8,2,4,5.169925,BK0367;BK0368
calcium signaling,2,4,5.169925,BK0214;BK0308
cdna clones,2,4,5.169925,BK0372;BK0373
cells lacking,2,4,5.169925,BK0092;BK0107
cerebral cortex,2,4,5.169925,BK0020;BK0362
class peptides,2,4,5.169925,BK0125;BK0204
clinical outcomes,2,4,5.169925,BK0023;BK0034
correlation network,2,4,5.169925,BK0027;BK0068
crc cells,2,4,5.169925,BK0123;BK0322
deep proteome,2,4,5.169925,BK0103;BK0159
driver mutations,2,4,5.169925,BK0011;BK0036
frequency serial,2,4,5.169925,BK0368;BK0370
glycolytic metabolism,2,4,5.169925,BK0100;BK0200
host cell,2,4,5.169925,BK0168;BK0282
hydroxylation sites,2,4,5.169925,BK0277;BK0316
immune complexes,2,4,5.169925,BK0311;BK0349
implant retention,2,4,5.169925,BK0154;BK0172
lysine demethylases,2,4,5.169925,BK0105;BK0156
mild disease,2,4,5.169925,BK0015;BK0080
molecular mass,2,4,5.169925,BK0372;BK0373
muscle cells,2,4,5.169925,BK0045;BK0083
natural igm,2,4,5.169925,BK0332;BK0335
nlrp3 inflammasome,2,4,5.169925,BK0030;BK0067
p300 cbp,2,4,5.169925,BK0153;BK0277
pad2 pad4,2,4,5.169925,BK0181;BK0206
plasma proteome,2,4,5.169925,BK0186;BK0239
progression rate,2,4,5.169925,BK0027;BK0122
prolyl hydroxylase,2,4,5.169925,BK0225;BK0288
prolyl hydroxylation,2,4,5.169925,BK0225;BK0277
proteasomal degradation,2,4,5.169925,BK0126;BK0265
proteasomal proteolysis,2,4,5.169925,BK0272;BK0357
protein extracts,2,4,5.169925,BK0207;BK0346
response oxidative,2,4,5.169925,BK0079;BK0265
restart stalled,2,4,5.169925,BK0071;BK0178
serial tcr,2,4,5.169925,BK0368;BK0370
statistical learning,2,4,5.169925,BK0139;BK0238
tissue injury,2,4,5.169925,BK0049;BK0055
ubiquitin isg15,2,4,5.169925,BK0054;BK0213
ubiquitination sites,2,4,5.169925,BK0249;BK0313
urine recirculation,2,4,5.169925,BK0008;BK0075
acid sequence,2,3,4.643856,BK0185;BK0372
activation repression,2,3,4.643856,BK0211;BK0276
als disease,2,3,4.643856,BK0063;BK0068
antibody response,2,3,4.643856,BK0151;BK0217
anticancer drugs,2,3,4.643856,BK0155;BK0195
asparaginyl residues,2,3,4.643856,BK0316;BK0327
avidity binding,2,3,4.643856,BK0368;BK0369
beta beta,2,3,4.643856,BK0030;BK0357
binding activity,2,3,4.643856,BK0144;BK0314
binding affinity,2,3,4.643856,BK0046;BK0371
biomarkers human,2,3,4.643856,BK0137;BK0149
bloom syndrome,2,3,4.643856,BK0024;BK0071
bortezomib resistance,2,3,4.643856,BK0251;BK0334
bowel disease,2,3,4.643856,BK0101;BK0182
break repair,2,3,4.643856,BK0026;BK0119
cancer immunotherapy,2,3,4.643856,BK0132;BK0155
cd8 epitopes,2,3,4.643856,BK0040;BK0080
cell recognition,2,3,4.643856,BK0341;BK0366
cell viability,2,3,4.643856,BK0153;BK0293
cells dcs,2,3,4.643856,BK0170;BK0326
cells deficient,2,3,4.643856,BK0024;BK0202
chronic myeloid,2,3,4.643856,BK0043;BK0062
clinical samples,2,3,4.643856,BK0186;BK0254
clones specific,2,3,4.643856,BK0368;BK0369
cofactor strap,2,3,4.643856,BK0203;BK0320
cohort patients,2,3,4.643856,BK0037;BK0230
cold ischemia,2,3,4.643856,BK0052;BK0299
complex hslv,2,3,4.643856,BK0358;BK0360
complex prc1,2,3,4.643856,BK0190;BK0262
composition transfer,2,3,4.643856,BK0021;BK0086
confidence interval,2,3,4.643856,BK0172;BK0219
conjugating deconjugating,2,3,4.643856,BK0152;BK0354
cortex spinal,2,3,4.643856,BK0020;BK0063
crystal formation,2,3,4.643856,BK0189;BK0281
csf extracellular,2,3,4.643856,BK0082;BK0145
ctl response,2,3,4.643856,BK0368;BK0369
cyld interacts,2,3,4.643856,BK0194;BK0301
dbd kidneys,2,3,4.643856,BK0047;BK0070
differentially expressed,2,3,4.643856,BK0241;BK0329
direct interaction,2,3,4.643856,BK0130;BK0328
disease cancer,2,3,4.643856,BK0175;BK0283
distal ubiquitin,2,3,4.643856,BK0147;BK0193
dub enzyme,2,3,4.643856,BK0018;BK0227
endometriosis patients,2,3,4.643856,BK0081;BK0292
endothelial growth,2,3,4.643856,BK0236;BK0312
epigenetic regulation,2,3,4.643856,BK0156;BK0169
eukaryotic proteasome,2,3,4.643856,BK0358;BK0360
extracts intact,2,3,4.643856,BK0207;BK0346
falciparum proteins,2,3,4.643856,BK0239;BK0266
freely available,2,3,4.643856,BK0222;BK0274
glucose uptake,2,3,4.643856,BK0095;BK0308
granule formation,2,3,4.643856,BK0079;BK0225
hdac inhibitor,2,3,4.643856,BK0232;BK0251
healthy individuals,2,3,4.643856,BK0014;BK0257
hif alpha,2,3,4.643856,BK0277;BK0288
hif prolyl,2,3,4.643856,BK0268;BK0287
histone acetylation,2,3,4.643856,BK0084;BK0121
hlrcc tumours,2,3,4.643856,BK0229;BK0271
hormone receptor,2,3,4.643856,BK0129;BK0291
hsluv complex,2,3,4.643856,BK0358;BK0360
hslv protease,2,3,4.643856,BK0358;BK0360
human cerebrospinal,2,3,4.643856,BK0027;BK0038
human kidney,2,3,4.643856,BK0088;BK0189
immunological disorders,2,3,4.643856,BK0103;BK0227
independent predictors,2,3,4.643856,BK0172;BK0198
induces apoptosis,2,3,4.643856,BK0019;BK0251
infected cells,2,3,4.643856,BK0176;BK0282
inhibitors targeting,2,3,4.643856,BK0018;BK0042
inhibitory factor,2,3,4.643856,BK0124;BK0321
intracellular fumarate,2,3,4.643856,BK0160;BK0237
involved redox,2,3,4.643856,BK0229;BK0329
ischaemia reperfusion,2,3,4.643856,BK0088;BK0136
key cellular,2,3,4.643856,BK0004;BK0197
kidney stone,2,3,4.643856,BK0189;BK0281
kinase domain,2,3,4.643856,BK0060;BK0322
kinase inhibitors,2,3,4.643856,BK0107;BK0195
lipid storage,2,3,4.643856,BK0050;BK0094
liver metastasis,2,3,4.643856,BK0113;BK0123
liver metastatic,2,3,4.643856,BK0113;BK0123
mass kda,2,3,4.643856,BK0372;BK0373
mild cases,2,3,4.643856,BK0080;BK0239
mitochondrial membrane,2,3,4.643856,BK0020;BK0092
model pigs,2,3,4.643856,BK0129;BK0135
molecular function,2,3,4.643856,BK0291;BK0317
molecular probes,2,3,4.643856,BK0256;BK0348
muscle physiology,2,3,4.643856,BK0028;BK0045
myeloid leukaemia,2,3,4.643856,BK0043;BK0062
pancreas liver,2,3,4.643856,BK0171;BK0267
patients ankylosing,2,3,4.643856,BK0255;BK0312
peptide presentation,2,3,4.643856,BK0176;BK0218
peptide protein,2,3,4.643856,BK0064;BK0222
phosphorylation serine,2,3,4.643856,BK0168;BK0280
polyubiquitin chains,2,3,4.643856,BK0091;BK0317
porcine kidney,2,3,4.643856,BK0052;BK0140
porphyromonas gingivalis,2,3,4.643856,BK0151;BK0163
primary cells,2,3,4.643856,BK0031;BK0243
profiling abpp,2,3,4.643856,BK0035;BK0046
profiling deubiquitylating,2,3,4.643856,BK0046;BK0056
protease family,2,3,4.643856,BK0275;BK0348
proteasomal processing,2,3,4.643856,BK0040;BK0215
proteasome pathway,2,3,4.643856,BK0304;BK0312
protein spots,2,3,4.643856,BK0303;BK0308
protein succination,2,3,4.643856,BK0237;BK0271
proteins upregulated,2,3,4.643856,BK0027;BK0113
proteolytic activity,2,3,4.643856,BK0049;BK0346
proteome degradome,2,3,4.643856,BK0049;BK0186
quality quantity,2,3,4.643856,BK0215;BK0361
readily accessible,2,3,4.643856,BK0187;BK0364
recruitment dna,2,3,4.643856,BK0024;BK0216
reduced expression,2,3,4.643856,BK0045;BK0200
renal transplant,2,3,4.643856,BK0032;BK0254
reproductive tract,2,3,4.643856,BK0114;BK0267
residues ankyrin,2,3,4.643856,BK0279;BK0327
reticulum aminopeptidase,2,3,4.643856,BK0218;BK0275
reversible ubiquitylation,2,3,4.643856,BK0033;BK0118
rnai screening,2,3,4.643856,BK0211;BK0310
ser thr,2,3,4.643856,BK0002;BK0353
signaling inhibition,2,3,4.643856,BK0007;BK0098
sirt1 deacetylase,2,3,4.643856,BK0104;BK0347
sites proteins,2,3,4.643856,BK0205;BK0313
sperm transfer,2,3,4.643856,BK0086;BK0106
stem cell,2,3,4.643856,BK0004;BK0325
stop codon,2,3,4.643856,BK0223;BK0226
stress granule,2,3,4.643856,BK0079;BK0225
substrates fih,2,3,4.643856,BK0286;BK0316
sulfone inhibitor,2,3,4.643856,BK0358;BK0360
target loci,2,3,4.643856,BK0167;BK0180
targeting usp30,2,3,4.643856,BK0018;BK0042
tissues organs,2,3,4.643856,BK0171;BK0206
tumour growth,2,3,4.643856,BK0165;BK0200
vascular endothelial,2,3,4.643856,BK0236;BK0312
weighted correlation,2,3,4.643856,BK0027;BK0068
active probe specific,2,2,4.6,BK0342;BK0363
acts negative regulator,2,2,4.6,BK0147;BK0279
acute inflammatory response,2,2,4.6,BK0332;BK0335
advanced proteomic techniques,2,2,4.6,BK0002;BK0062
alpha rmi1 rmi2,2,2,4.6,BK0024;BK0071
amino acid transporter,2,2,4.6,BK0001;BK0134
amino acid transporters,2,2,4.6,BK0001;BK0263
aminohexanoyl leucinyl vinyl,2,2,4.6,BK0357;BK0364
ankylosing spondylitis common,2,2,4.6,BK0255;BK0257
ankyrin repeat domains,2,2,4.6,BK0279;BK0327
ankyrin repeat proteins,2,2,4.6,BK0279;BK0316
antigen presenting cells,2,2,4.6,BK0357;BK0361
ard containing proteins,2,2,4.6,BK0273;BK0316
arginine methylation regulates,2,2,4.6,BK0252;BK0319
arginine residues citrulline,2,2,4.6,BK0123;BK0175
arthritis healthy controls,2,2,4.6,BK0255;BK0312
assembly complex lubac,2,2,4.6,BK0147;BK0194
autophagy gene atg7,2,2,4.6,BK0200;BK0300
ber cellular pathway,2,2,4.6,BK0202;BK0318
ber dna polymerase,2,2,4.6,BK0293;BK0318
binding peptide derivative,2,2,4.6,BK0367;BK0369
biomarkers amyotrophic lateral,2,2,4.6,BK0027;BK0122
blm interacts topoisomerase,2,2,4.6,BK0024;BK0071
blocking cd8 participation,2,2,4.6,BK0367;BK0368
bloom syndrome helicase,2,2,4.6,BK0024;BK0071
brain dead donor,2,2,4.6,BK0052;BK0070
break dsb repair,2,2,4.6,BK0110;BK0142
breast cancer cells,2,2,4.6,BK0077;BK0159
btr complex dissolves,2,2,4.6,BK0024;BK0071
cancer cell line,2,2,4.6,BK0095;BK0321
cancer leading cause,2,2,4.6,BK0003;BK0037
cause death children,2,2,4.6,BK0137;BK0219
cd4 sup sup,2,2,4.6,BK0015;BK0080
cd8 participation binding,2,2,4.6,BK0367;BK0368
cd8 sup sup,2,2,4.6,BK0040;BK0080
cell cycle checkpoint,2,2,4.6,BK0146;BK0179
cells hdac inhibition,2,2,4.6,BK0084;BK0196
cellular processes cell,2,2,4.6,BK0004;BK0354
cellular target engagement,2,2,4.6,BK0046;BK0056
cerebral malaria severe,2,2,4.6,BK0137;BK0138
changes seminal proteome,2,2,4.6,BK0064;BK0098
children severe malaria,2,2,4.6,BK0219;BK0239
chromatography coupled electrospray,2,2,4.6,BK0282;BK0312
chronic obstructive pulmonary,2,2,4.6,BK0120;BK0206
circulatory death dcd,2,2,4.6,BK0049;BK0075
circumsporozoite peptide pbcs,2,2,4.6,BK0367;BK0368
circumsporozoite peptide syipsaeki,2,2,4.6,BK0366;BK0369
class antigen presentation,2,2,4.6,BK0349;BK0364
clones specific photoreactive,2,2,4.6,BK0368;BK0369
collision energy switching,2,2,4.6,BK0281;BK0312
colon cancer cell,2,2,4.6,BK0095;BK0113
colorectal cancer liver,2,2,4.6,BK0113;BK0123
combined mass spectrometry,2,2,4.6,BK0016;BK0249
common inflammatory rheumatic,2,2,4.6,BK0255;BK0257
complex class antigen,2,2,4.6,BK0357;BK0364
complex covalent inhibitor,2,2,4.6,BK0018;BK0213
complex dissolves double,2,2,4.6,BK0024;BK0071
complexes prc1 prc2,2,2,4.6,BK0180;BK0231
components extracellular matrix,2,2,4.6,BK0311;BK0321
composed amino acids,2,2,4.6,BK0372;BK0373
conjugated target proteins,2,2,4.6,BK0009;BK0212
controlling cell cycle,2,2,4.6,BK0107;BK0296
coupled electrospray ionisation,2,2,4.6,BK0282;BK0312
csf extracellular vesicle,2,2,4.6,BK0082;BK0145
ctl clones specific,2,2,4.6,BK0368;BK0369
cysteine residues protein,2,2,4.6,BK0133;BK0287
cytotoxic lymphocyte ctl,2,2,4.6,BK0361;BK0370
death dbd kidneys,2,2,4.6,BK0047;BK0070
decreased cell viability,2,2,4.6,BK0153;BK0293
dendritic cell maturation,2,2,4.6,BK0102;BK0349
dendritic cells dcs,2,2,4.6,BK0170;BK0326
dependent oxygenase catalyzes,2,2,4.6,BK0143;BK0226
diffuse large lymphoma,2,2,4.6,BK0196;BK0334
dissolves double holliday,2,2,4.6,BK0024;BK0071
diverse cellular functions,2,2,4.6,BK0225;BK0252
dna break dsb,2,2,4.6,BK0110;BK0142
dna damage repair,2,2,4.6,BK0212;BK0269
dna polymerase beta,2,2,4.6,BK0293;BK0318
dna replication forks,2,2,4.6,BK0090;BK0178
dna replication repair,2,2,4.6,BK0179;BK0201
domain ard containing,2,2,4.6,BK0273;BK0316
double holliday junctions,2,2,4.6,BK0024;BK0071
efficiency mhc class,2,2,4.6,BK0357;BK0361
electrospray ionisation mass,2,2,4.6,BK0282;BK0312
encoding krebs cycle,2,2,4.6,BK0237;BK0271
enzyme dub inhibitors,2,2,4.6,BK0056;BK0272
exhibited rapid complex,2,2,4.6,BK0368;BK0370
expression profiling performance,2,2,4.6,BK0282;BK0312
expression remains poorly,2,2,4.6,BK0084;BK0127
expression sarcomeric proteins,2,2,4.6,BK0045;BK0083
extracellular matrix ecm,2,2,4.6,BK0113;BK0242
extracellular vesicles evs,2,2,4.6,BK0082;BK0145
facilities pipeline cpfp,2,2,4.6,BK0274;BK0297
factor factor hif,2,2,4.6,BK0288;BK0316
factor hif regulated,2,2,4.6,BK0277;BK0327
factor inhibiting factor,2,2,4.6,BK0316;BK0327
factor rheumatoid arthritis,2,2,4.6,BK0151;BK0206
family deubiquitinating enzymes,2,2,4.6,BK0211;BK0359
family ubiquitin ligases,2,2,4.6,BK0033;BK0126
fatty acids lipids,2,2,4.6,BK0166;BK0248
female physiology behavior,2,2,4.6,BK0064;BK0114
fh1 murine deficient,2,2,4.6,BK0237;BK0271
fluid csf samples,2,2,4.6,BK0093;BK0122
form btr complex,2,2,4.6,BK0024;BK0071
fumarate act oncometabolite,2,2,4.6,BK0229;BK0271
fumarate hydratase predispose,2,2,4.6,BK0229;BK0271
function deubiquitinating enzymes,2,2,4.6,BK0045;BK0285
functional proteomics active,2,2,4.6,BK0345;BK0356
gene atg7 hematopoietic,2,2,4.6,BK0200;BK0300
gene encoding krebs,2,2,4.6,BK0237;BK0271
gene expression changes,2,2,4.6,BK0202;BK0308
gene expression profiling,2,2,4.6,BK0287;BK0326
gene expression remains,2,2,4.6,BK0084;BK0127
generation antigenic peptides,2,2,4.6,BK0324;BK0361
hallmark amyotrophic lateral,2,2,4.6,BK0020;BK0063
healthy disease controls,2,2,4.6,BK0027;BK0122
heat shock protein,2,2,4.6,BK0303;BK0334
helicase blm interacts,2,2,4.6,BK0024;BK0071
hif fih catalyzes,2,2,4.6,BK0286;BK0327
hif prolyl hydroxylases,2,2,4.6,BK0268;BK0287
hif transcriptional activity,2,2,4.6,BK0268;BK0273
histone deacetylase hdac,2,2,4.6,BK0196;BK0232
hla class peptides,2,2,4.6,BK0125;BK0204
human protein kinase,2,2,4.6,BK0060;BK0195
hydratase predispose hereditary,2,2,4.6,BK0229;BK0271
hydroxylase factor inhibiting,2,2,4.6,BK0316;BK0327
hypoxic response animals,2,2,4.6,BK0223;BK0288
iii alpha rmi1,2,2,4.6,BK0024;BK0071
immune escape mechanisms,2,2,4.6,BK0066;BK0361
immunofluorescence flow cytometry,2,2,4.6,BK0102;BK0140
implant retention dair,2,2,4.6,BK0154;BK0172
implicated diverse cellular,2,2,4.6,BK0225;BK0252
inflammatory gene expression,2,2,4.6,BK0061;BK0175
inflammatory rheumatic disease,2,2,4.6,BK0255;BK0257
inhibiting hif fih,2,2,4.6,BK0316;BK0327
innate immune sensing,2,2,4.6,BK0097;BK0170
interactions tcr photoaffinity,2,2,4.6,BK0368;BK0370
interacts topoisomerase iii,2,2,4.6,BK0024;BK0071
involved dna damage,2,2,4.6,BK0253;BK0269
involved dna repair,2,2,4.6,BK0272;BK0293
involved glucose metabolism,2,2,4.6,BK0075;BK0112
involved host defense,2,2,4.6,BK0014;BK0058
ionization mass spectrometry,2,2,4.6,BK0292;BK0337
joints patients rheumatoid,2,2,4.6,BK0181;BK0311
kidneys subjected min,2,2,4.6,BK0032;BK0136
label free proteomics,2,2,4.6,BK0149;BK0171
labeling amino acids,2,2,4.6,BK0243;BK0316
lead better understanding,2,2,4.6,BK0210;BK0242
leading cell death,2,2,4.6,BK0024;BK0300
leucinyl vinyl methyl,2,2,4.6,BK0357;BK0364
leukocyte antigen hla,2,2,4.6,BK0125;BK0204
linked ubiquitin chains,2,2,4.6,BK0115;BK0317
liquid chromatography collision,2,2,4.6,BK0281;BK0309
liquid chromatography coupled,2,2,4.6,BK0282;BK0312
lung cancer patients,2,2,4.6,BK0003;BK0037
lysine demethylases kdms,2,2,4.6,BK0105;BK0156
machine perfusion hmp,2,2,4.6,BK0049;BK0070
machine perfusion nmp,2,2,4.6,BK0008;BK0075
main outcome measure,2,2,4.6,BK0081;BK0292
maintaining genome integrity,2,2,4.6,BK0216;BK0293
malaria severe neurological,2,2,4.6,BK0137;BK0138
male drosophila melanogaster,2,2,4.6,BK0021;BK0114
male reproductive success,2,2,4.6,BK0021;BK0064
mapped mass spectrometry,2,2,4.6,BK0151;BK0181
markers oxidative stress,2,2,4.6,BK0032;BK0197
mass spectrometry detection,2,2,4.6,BK0109;BK0254
mass spectrometry proteomic,2,2,4.6,BK0027;BK0082
mass spectrometry rapid,2,2,4.6,BK0120;BK0359
mass spectrometry workflow,2,2,4.6,BK0051;BK0176
matrix metalloproteinase mmp9,2,2,4.6,BK0149;BK0242
metastases colorectal cancer,2,2,4.6,BK0113;BK0123
metastatic prostate cancer,2,2,4.6,BK0211;BK0321
mhc class antigen,2,2,4.6,BK0349;BK0361
mhc class ligand,2,2,4.6,BK0357;BK0361
min warm ischaemia,2,2,4.6,BK0032;BK0136
molecular dynamics simulations,2,2,4.6,BK0022;BK0188
molecular mechanism underlying,2,2,4.6,BK0182;BK0184
mouse embryonic fibroblasts,2,2,4.6,BK0265;BK0269
multiple myeloma cells,2,2,4.6,BK0251;BK0342
muscle mass sarcopenia,2,2,4.6,BK0304;BK0329
myeloid leukaemia cml,2,2,4.6,BK0043;BK0062
myosin heavy chain,2,2,4.6,BK0005;BK0335
negative feedback loop,2,2,4.6,BK0133;BK0291
neuroblastoma cell line,2,2,4.6,BK0042;BK0092
obstructive pulmonary disease,2,2,4.6,BK0120;BK0206
ogfod1 catalyzes prolyl,2,2,4.6,BK0223;BK0225
open reading frame,2,2,4.6,BK0209;BK0373
orchestrated changes expression,2,2,4.6,BK0303;BK0308
ovarian tumor domain,2,2,4.6,BK0213;BK0348
overlapping cdna clones,2,2,4.6,BK0372;BK0373
oxoglutarate dependent oxygenases,2,2,4.6,BK0223;BK0270
pathogens human immunodeficiency,2,2,4.6,BK0125;BK0204
pathological hallmark amyotrophic,2,2,4.6,BK0020;BK0063
peptide derivative variants,2,2,4.6,BK0368;BK0369
peptide pbcs syipsaeki,2,2,4.6,BK0367;BK0368
peptidyl arginine deiminase,2,2,4.6,BK0169;BK0175
peripheral blood monocytes,2,2,4.6,BK0259;BK0312
photoreactive peptide derivative,2,2,4.6,BK0366;BK0369
plasmodium falciparum infection,2,2,4.6,BK0138;BK0239
plasmodium falciparum malaria,2,2,4.6,BK0219;BK0266
poly binding protein,2,2,4.6,BK0079;BK0104
positive feedback mechanism,2,2,4.6,BK0094;BK0240
prc1 polycomb repressive,2,2,4.6,BK0167;BK0190
predispose hereditary leiomyomatosis,2,2,4.6,BK0229;BK0271
proapoptotic factor bax,2,2,4.6,BK0344;BK0347
processes cell cycle,2,2,4.6,BK0004;BK0354
profiles urine samples,2,2,4.6,BK0049;BK0292
profiling performance liquid,2,2,4.6,BK0282;BK0312
promising drug targets,2,2,4.6,BK0012;BK0028
proteases cleave ubiquitin,2,2,4.6,BK0179;BK0213
proteasome system ups,2,2,4.6,BK0153;BK0304
proteasome transporter antigen,2,2,4.6,BK0325;BK0349
protein arginine methylation,2,2,4.6,BK0169;BK0205
protein gene expression,2,2,4.6,BK0055;BK0308
proteins differentially expressed,2,2,4.6,BK0241;BK0329
proteins involved glucose,2,2,4.6,BK0112;BK0308
proteome composition transfer,2,2,4.6,BK0021;BK0086
proteomic profiling plasma,2,2,4.6,BK0014;BK0138
purified ubiquitin ligase,2,2,4.6,BK0265;BK0318
quantitative expression profiling,2,2,4.6,BK0282;BK0312
rapid complex dissociation,2,2,4.6,BK0368;BK0370
receiver operating characteristic,2,2,4.6,BK0219;BK0257
receiver operating characteristics,2,2,4.6,BK0051;BK0093
recognition cpg islands,2,2,4.6,BK0127;BK0262
regulate gene expression,2,2,4.6,BK0127;BK0246
regulating dna repair,2,2,4.6,BK0069;BK0293
regulating gene expression,2,2,4.6,BK0084;BK0295
regulator mrna processing,2,2,4.6,BK0083;BK0104
repair ber cellular,2,2,4.6,BK0202;BK0318
repair dna breaks,2,2,4.6,BK0026;BK0216
reperfusion injury iri,2,2,4.6,BK0052;BK0136
replication fork progression,2,2,4.6,BK0178;BK0184
repressive complexes prc1,2,2,4.6,BK0180;BK0231
required genome stability,2,2,4.6,BK0269;BK0293
residue transcriptional activation,2,2,4.6,BK0273;BK0279
residues protein keap1,2,2,4.6,BK0133;BK0287
response replication stress,2,2,4.6,BK0071;BK0212
reticulum aminopeptidase erap1,2,2,4.6,BK0218;BK0275
rheumatoid arthritis healthy,2,2,4.6,BK0255;BK0312
risk factor rheumatoid,2,2,4.6,BK0151;BK0206
rmi1 rmi2 form,2,2,4.6,BK0024;BK0071
rmi2 form btr,2,2,4.6,BK0024;BK0071
seminal proteome composition,2,2,4.6,BK0021;BK0086
sensitive specific biomarker,2,2,4.6,BK0093;BK0229
serum amyloid component,2,2,4.6,BK0257;BK0263
severe neurological complication,2,2,4.6,BK0137;BK0138
shed light mechanisms,2,2,4.6,BK0013;BK0282
shock protein hsp,2,2,4.6,BK0303;BK0334
skeletal muscle mass,2,2,4.6,BK0304;BK0329
small molecule dub,2,2,4.6,BK0256;BK0272
small molecule inhibitor,2,2,4.6,BK0056;BK0251
specific photoreactive derivative,2,2,4.6,BK0367;BK0368
sperm seminal proteome,2,2,4.6,BK0086;BK0106
spondylitis common inflammatory,2,2,4.6,BK0255;BK0257
statistical learning skills,2,2,4.6,BK0139;BK0238
subjected min warm,2,2,4.6,BK0032;BK0136
sup sup cells,2,2,4.6,BK0015;BK0080
suppressor protein prb,2,2,4.6,BK0162;BK0280
survival hazard ratio,2,2,4.6,BK0027;BK0122
syndrome helicase blm,2,2,4.6,BK0024;BK0071
target gene transcription,2,2,4.6,BK0059;BK0301
target genes susceptible,2,2,4.6,BK0162;BK0190
topoisomerase iii alpha,2,2,4.6,BK0024;BK0071
transcription factor atf3,2,2,4.6,BK0326;BK0334
transcription factor factor,2,2,4.6,BK0288;BK0316
transmembrane domain tmd,2,2,4.6,BK0085;BK0117
transporter antigen processing,2,2,4.6,BK0325;BK0349
tumor suppressor gene,2,2,4.6,BK0261;BK0301
tumor suppressor p53,2,2,4.6,BK0155;BK0261
tumour suppressor protein,2,2,4.6,BK0280;BK0319
understanding disease mechanisms,2,2,4.6,BK0186;BK0267
understanding protective immunity,2,2,4.6,BK0080;BK0131
variety cellular processes,2,2,4.6,BK0157;BK0345
women reproductive age,2,2,4.6,BK0011;BK0078
abundance als,2,2,4.0,BK0027;BK0122
abundance proteins,2,2,4.0,BK0027;BK0100
accessory glands,2,2,4.0,BK0064;BK0098
accumulation dna,2,2,4.0,BK0201;BK0293
accumulation muscle,2,2,4.0,BK0052;BK0088
acid transporter,2,2,4.0,BK0001;BK0134
acid transporters,2,2,4.0,BK0001;BK0263
acids biological,2,2,4.0,BK0043;BK0174
acids lipids,2,2,4.0,BK0166;BK0248
act oncometabolite,2,2,4.0,BK0229;BK0271
actin cytoskeleton,2,2,4.0,BK0047;BK0209
actin filaments,2,2,4.0,BK0072;BK0209
activation immune,2,2,4.0,BK0014;BK0298
activation lectin,2,2,4.0,BK0326;BK0332
activation vitro,2,2,4.0,BK0061;BK0140
activator p300,2,2,4.0,BK0203;BK0320
active subunits,2,2,4.0,BK0256;BK0364
activity binding,2,2,4.0,BK0115;BK0371
activity cell,2,2,4.0,BK0107;BK0314
activity cellular,2,2,4.0,BK0103;BK0119
activity human,2,2,4.0,BK0055;BK0198
activity probe,2,2,4.0,BK0012;BK0339
activity probes,2,2,4.0,BK0055;BK0234
activity required,2,2,4.0,BK0216;BK0326
acute infections,2,2,4.0,BK0230;BK0259
acute inflammatory,2,2,4.0,BK0332;BK0335
adaptive immune,2,2,4.0,BK0066;BK0072
addition transient,2,2,4.0,BK0013;BK0088
address question,2,2,4.0,BK0084;BK0221
addresses limitations,2,2,4.0,BK0037;BK0159
adult months,2,2,4.0,BK0304;BK0329
advance understanding,2,2,4.0,BK0011;BK0176
advanced proteomic,2,2,4.0,BK0002;BK0062
affected phosphorylation,2,2,4.0,BK0168;BK0310
affinity interaction,2,2,4.0,BK0041;BK0115
african children,2,2,4.0,BK0219;BK0266
aged months,2,2,4.0,BK0304;BK0329
aged rats,2,2,4.0,BK0304;BK0329
agents treatment,2,2,4.0,BK0334;BK0351
airapl protein,2,2,4.0,BK0193;BK0228
allowed direct,2,2,4.0,BK0258;BK0369
alone combination,2,2,4.0,BK0251;BK0334
alpha alpha,2,2,4.0,BK0077;BK0199
alpha chain,2,2,4.0,BK0081;BK0303
alpha rmi1,2,2,4.0,BK0024;BK0071
alter cd8,2,2,4.0,BK0040;BK0370
alterations als,2,2,4.0,BK0020;BK0082
alterations mitochondrial,2,2,4.0,BK0197;BK0303
alterations proteins,2,2,4.0,BK0098;BK0331
altered peptide,2,2,4.0,BK0275;BK0341
altered protein,2,2,4.0,BK0068;BK0082
altered signalling,2,2,4.0,BK0011;BK0141
alternatively spliced,2,2,4.0,BK0245;BK0373
although many,2,2,4.0,BK0321;BK0333
aminohexanoyl leucinyl,2,2,4.0,BK0357;BK0364
aminopeptidase erap1,2,2,4.0,BK0218;BK0275
amyloid component,2,2,4.0,BK0257;BK0263
analyzed vitro,2,2,4.0,BK0261;BK0298
ancient dna,2,2,4.0,BK0111;BK0199
antigen presenting,2,2,4.0,BK0357;BK0361
antigen production,2,2,4.0,BK0357;BK0361
apex2 proximity,2,2,4.0,BK0029;BK0030
approximately deaths,2,2,4.0,BK0239;BK0266
approximately residues,2,2,4.0,BK0199;BK0338
ard containing,2,2,4.0,BK0273;BK0316
ard fold,2,2,4.0,BK0273;BK0327
area curve,2,2,4.0,BK0257;BK0294
areas covered,2,2,4.0,BK0002;BK0057
arginine deiminase,2,2,4.0,BK0169;BK0175
arthritis healthy,2,2,4.0,BK0255;BK0312
assessment binding,2,2,4.0,BK0367;BK0369
atg7 hematopoietic,2,2,4.0,BK0200;BK0300
atm phosphorylation,2,2,4.0,BK0265;BK0320
attachment ubiquitin,2,2,4.0,BK0091;BK0323
attractive targets,2,2,4.0,BK0323;BK0338
autoantibody response,2,2,4.0,BK0181;BK0255
autoimmune disease,2,2,4.0,BK0330;BK0341
auxiliary factor,2,2,4.0,BK0224;BK0315
available https,2,2,4.0,BK0099;BK0297
axial skeleton,2,2,4.0,BK0255;BK0257
azidobenzoic acid,2,2,4.0,BK0366;BK0369
back time,2,2,4.0,BK0188;BK0199
background cerebral,2,2,4.0,BK0116;BK0138
background remote,2,2,4.0,BK0052;BK0088
ber cellular,2,2,4.0,BK0202;BK0318
ber dna,2,2,4.0,BK0293;BK0318
beta hydroxylation,2,2,4.0,BK0273;BK0279
better understanding,2,2,4.0,BK0210;BK0242
bind substrates,2,2,4.0,BK0019;BK0322
bind ubiquitin,2,2,4.0,BK0213;BK0296
binding domain,2,2,4.0,BK0001;BK0366
binding fih,2,2,4.0,BK0286;BK0327
binding partner,2,2,4.0,BK0158;BK0194
binding peptide,2,2,4.0,BK0367;BK0369
binding pocket,2,2,4.0,BK0018;BK0328
binding sites,2,2,4.0,BK0244;BK0341
binding tcr,2,2,4.0,BK0367;BK0369
binding ubiquitin,2,2,4.0,BK0012;BK0115
binds tightly,2,2,4.0,BK0018;BK0286
biochemical mass,2,2,4.0,BK0152;BK0169
biochemical structural,2,2,4.0,BK0042;BK0143
biological function,2,2,4.0,BK0210;BK0348
biological outcome,2,2,4.0,BK0232;BK0233
biological significance,2,2,4.0,BK0220;BK0288
biomarker candidate,2,2,4.0,BK0093;BK0239
biomarker candidates,2,2,4.0,BK0124;BK0257
biomarkers amyotrophic,2,2,4.0,BK0027;BK0122
biomarkers therapeutic,2,2,4.0,BK0068;BK0122
biosynthetic pathway,2,2,4.0,BK0117;BK0240
blm interacts,2,2,4.0,BK0024;BK0071
blood monocytes,2,2,4.0,BK0259;BK0312
bond formation,2,2,4.0,BK0033;BK0143
bone joint,2,2,4.0,BK0154;BK0227
bone marrow,2,2,4.0,BK0300;BK0342
brain dead,2,2,4.0,BK0052;BK0070
brain tumour,2,2,4.0,BK0039;BK0048
break dsb,2,2,4.0,BK0110;BK0142
breast cancers,2,2,4.0,BK0077;BK0209
broad array,2,2,4.0,BK0004;BK0331
broad implications,2,2,4.0,BK0010;BK0026
broad range,2,2,4.0,BK0072;BK0316
bromodomain reader,2,2,4.0,BK0153;BK0175
calcium flux,2,2,4.0,BK0045;BK0085
calcium mobilization,2,2,4.0,BK0367;BK0368
cancer growth,2,2,4.0,BK0095;BK0321
cancer immunological,2,2,4.0,BK0227;BK0283
cancer leading,2,2,4.0,BK0003;BK0037
cancer liver,2,2,4.0,BK0113;BK0123
cancer neurodegenerative,2,2,4.0,BK0227;BK0283
cancer xenografts,2,2,4.0,BK0155;BK0211
candidate substrates,2,2,4.0,BK0073;BK0321
capturing transient,2,2,4.0,BK0006;BK0316
catalyses hydroxylation,2,2,4.0,BK0245;BK0279
catalytic cysteine,2,2,4.0,BK0018;BK0073
catalytic subunit,2,2,4.0,BK0178;BK0194
catalytically active,2,2,4.0,BK0178;BK0364
catalyzes prolyl,2,2,4.0,BK0223;BK0225
cathepsin cts,2,2,4.0,BK0100;BK0356
cause cancer,2,2,4.0,BK0003;BK0241
cause death,2,2,4.0,BK0137;BK0219
cause infections,2,2,4.0,BK0093;BK0230
cause muscle,2,2,4.0,BK0083;BK0104
caused mutation,2,2,4.0,BK0040;BK0214
caused mutations,2,2,4.0,BK0129;BK0267
causes accumulation,2,2,4.0,BK0229;BK0237
causes increased,2,2,4.0,BK0252;BK0293
cd4 sup,2,2,4.0,BK0015;BK0080
cd8 ctl,2,2,4.0,BK0367;BK0368
cd8 participation,2,2,4.0,BK0367;BK0368
cd8 sup,2,2,4.0,BK0040;BK0080
cell adhesion,2,2,4.0,BK0003;BK0317
cell count,2,2,4.0,BK0022;BK0124
cell dysfunction,2,2,4.0,BK0016;BK0303
cell epitopes,2,2,4.0,BK0125;BK0371
cell function,2,2,4.0,BK0016;BK0333
cell loss,2,2,4.0,BK0177;BK0347
cell lysis,2,2,4.0,BK0140;BK0340
cell nuclear,2,2,4.0,BK0132;BK0267
cell signalling,2,2,4.0,BK0017;BK0322
cells activate,2,2,4.0,BK0155;BK0349
cells coincides,2,2,4.0,BK0101;BK0233
cells dna,2,2,4.0,BK0084;BK0202
cells expressing,2,2,4.0,BK0208;BK0232
cells hdac,2,2,4.0,BK0084;BK0196
cells isolated,2,2,4.0,BK0214;BK0341
cells leads,2,2,4.0,BK0160;BK0300
cells plays,2,2,4.0,BK0246;BK0324
cells potential,2,2,4.0,BK0260;BK0300
cells prevents,2,2,4.0,BK0101;BK0157
cells quantitative,2,2,4.0,BK0309;BK0321
cells reduced,2,2,4.0,BK0083;BK0252
cells rely,2,2,4.0,BK0072;BK0100
cells resistant,2,2,4.0,BK0251;BK0334
cells still,2,2,4.0,BK0071;BK0112
cells substantially,2,2,4.0,BK0128;BK0204
cells targets,2,2,4.0,BK0164;BK0229
cells tissues,2,2,4.0,BK0098;BK0271
cells vitro,2,2,4.0,BK0155;BK0260
cells yet,2,2,4.0,BK0119;BK0159
cellular assays,2,2,4.0,BK0025;BK0256
cellular matrix,2,2,4.0,BK0035;BK0150
cellular metabolism,2,2,4.0,BK0016;BK0229
cellular pathway,2,2,4.0,BK0202;BK0318
cellular signalling,2,2,4.0,BK0043;BK0141
cellular target,2,2,4.0,BK0046;BK0056
cerebral injury,2,2,4.0,BK0047;BK0116
chains lys,2,2,4.0,BK0002;BK0317
changes increased,2,2,4.0,BK0005;BK0329
changes mitochondrial,2,2,4.0,BK0148;BK0197
changes protein,2,2,4.0,BK0065;BK0312
changes seminal,2,2,4.0,BK0064;BK0098
characterize proteases,2,2,4.0,BK0348;BK0356
characterized putative,2,2,4.0,BK0169;BK0285
checkpoint inhibitors,2,2,4.0,BK0107;BK0132
chemical biology,2,2,4.0,BK0091;BK0153
chemical inhibition,2,2,4.0,BK0074;BK0092
chemical probes,2,2,4.0,BK0046;BK0346
chemotherapy radiotherapy,2,2,4.0,BK0062;BK0124
children severe,2,2,4.0,BK0219;BK0239
chromatin association,2,2,4.0,BK0162;BK0175
chromatin domains,2,2,4.0,BK0190;BK0231
chromatography collision,2,2,4.0,BK0281;BK0309
chromatography coupled,2,2,4.0,BK0282;BK0312
chronic obstructive,2,2,4.0,BK0120;BK0206
class histocompatibility,2,2,4.0,BK0218;BK0314
class ligand,2,2,4.0,BK0357;BK0361
cleavage products,2,2,4.0,BK0325;BK0357
cleavage sites,2,2,4.0,BK0302;BK0321
cleave ubiquitin,2,2,4.0,BK0179;BK0213
clinical radiological,2,2,4.0,BK0124;BK0257
clinical syndrome,2,2,4.0,BK0068;BK0122
clinical trials,2,2,4.0,BK0148;BK0342
coagulation cascade,2,2,4.0,BK0137;BK0138
cofactor tetrahydrobiopterin,2,2,4.0,BK0112;BK0141
coincides enhanced,2,2,4.0,BK0153;BK0233
collagen type,2,2,4.0,BK0123;BK0185
colon cancer,2,2,4.0,BK0095;BK0113
colonic epithelium,2,2,4.0,BK0101;BK0322
colony forming,2,2,4.0,BK0164;BK0343
combined proteomic,2,2,4.0,BK0078;BK0352
common feature,2,2,4.0,BK0209;BK0323
common inflammatory,2,2,4.0,BK0255;BK0257
complement pathways,2,2,4.0,BK0068;BK0136
complement system,2,2,4.0,BK0260;BK0356
complex comprising,2,2,4.0,BK0024;BK0119
complex covalent,2,2,4.0,BK0018;BK0213
complex dissolves,2,2,4.0,BK0024;BK0071
complex lubac,2,2,4.0,BK0147;BK0194
complex p97,2,2,4.0,BK0090;BK0228
complex peptide,2,2,4.0,BK0053;BK0273
complex responsible,2,2,4.0,BK0115;BK0265
complexes prc1,2,2,4.0,BK0180;BK0231
components extracellular,2,2,4.0,BK0311;BK0321
components ubiquitin,2,2,4.0,BK0012;BK0304
composed amino,2,2,4.0,BK0372;BK0373
compounds target,2,2,4.0,BK0087;BK0165
comprehensive understanding,2,2,4.0,BK0021;BK0267
conclusions indicate,2,2,4.0,BK0088;BK0138
conclusions proteomic,2,2,4.0,BK0082;BK0312
concomitant reduced,2,2,4.0,BK0045;BK0104
condition characterized,2,2,4.0,BK0078;BK0236
conditioning ric,2,2,4.0,BK0052;BK0088
conditions cancer,2,2,4.0,BK0100;BK0203
conditions hydroxylation,2,2,4.0,BK0223;BK0286
conducted mass,2,2,4.0,BK0023;BK0219
conformational change,2,2,4.0,BK0358;BK0360
conjugated target,2,2,4.0,BK0009;BK0212
conjugating enzymes,2,2,4.0,BK0141;BK0355
conserved lysine,2,2,4.0,BK0096;BK0143
conserved regions,2,2,4.0,BK0204;BK0217
considerable interest,2,2,4.0,BK0120;BK0223
consistent reported,2,2,4.0,BK0111;BK0114
constitutes powerful,2,2,4.0,BK0125;BK0312
containing proteins,2,2,4.0,BK0273;BK0316
contribute regulation,2,2,4.0,BK0044;BK0320
contribute tumor,2,2,4.0,BK0321;BK0328
contribute understanding,2,2,4.0,BK0012;BK0038
control cases,2,2,4.0,BK0003;BK0063
controlling protein,2,2,4.0,BK0028;BK0192
controls characterized,2,2,4.0,BK0081;BK0281
cord versus,2,2,4.0,BK0020;BK0164
core complex,2,2,4.0,BK0082;BK0130
core facilities,2,2,4.0,BK0274;BK0297
correlated antibody,2,2,4.0,BK0080;BK0151
correlated disease,2,2,4.0,BK0122;BK0236
cortical neurons,2,2,4.0,BK0210;BK0362
coupled electrospray,2,2,4.0,BK0282;BK0312
covalent inhibitor,2,2,4.0,BK0018;BK0213
covalent inhibitors,2,2,4.0,BK0018;BK0105
covalently modify,2,2,4.0,BK0096;BK0346
coverage protein,2,2,4.0,BK0132;BK0159
critically dependent,2,2,4.0,BK0072;BK0370
cultured cells,2,2,4.0,BK0301;BK0339
cycle checkpoint,2,2,4.0,BK0146;BK0179
cyclin mediated,2,2,4.0,BK0026;BK0146
cyclin proteins,2,2,4.0,BK0019;BK0146
cysteine protease,2,2,4.0,BK0338;BK0356
cysteine residue,2,2,4.0,BK0073;BK0338
cytochrome reductase,2,2,4.0,BK0149;BK0303
cytokine genes,2,2,4.0,BK0175;BK0196
cytoplasmic inclusions,2,2,4.0,BK0020;BK0063
cytotoxic cells,2,2,4.0,BK0089;BK0204
damage repair,2,2,4.0,BK0212;BK0269
damage upon,2,2,4.0,BK0069;BK0142
dcs cells,2,2,4.0,BK0163;BK0298
deacetylase hdac,2,2,4.0,BK0196;BK0232
deacetylase inhibition,2,2,4.0,BK0104;BK0158
dead donor,2,2,4.0,BK0052;BK0070
death children,2,2,4.0,BK0137;BK0219
death dcd,2,2,4.0,BK0049;BK0075
decreased cell,2,2,4.0,BK0153;BK0293
deficiency ber,2,2,4.0,BK0202;BK0293
deficient mice,2,2,4.0,BK0119;BK0237
define regulatory,2,2,4.0,BK0164;BK0232
degradation mechanisms,2,2,4.0,BK0049;BK0300
degradation proteasome,2,2,4.0,BK0108;BK0193
deiminase pad4,2,2,4.0,BK0123;BK0175
demethylases kdms,2,2,4.0,BK0105;BK0156
dependent oxygenases,2,2,4.0,BK0223;BK0270
depends largely,2,2,4.0,BK0234;BK0357
depletion protease,2,2,4.0,BK0045;BK0321
derivative variants,2,2,4.0,BK0368;BK0369
describe evidence,2,2,4.0,BK0179;BK0224
described date,2,2,4.0,BK0120;BK0364
deubiquitinase dub,2,2,4.0,BK0035;BK0147
development therapeutics,2,2,4.0,BK0013;BK0210
dia acquisition,2,2,4.0,BK0027;BK0046
diagnostic value,2,2,4.0,BK0138;BK0257
differential protein,2,2,4.0,BK0124;BK0221
differentially abundant,2,2,4.0,BK0189;BK0210
diffuse large,2,2,4.0,BK0196;BK0334
direct link,2,2,4.0,BK0223;BK0262
discovered proteins,2,2,4.0,BK0051;BK0149
discovery biomarkers,2,2,4.0,BK0051;BK0186
disease healthy,2,2,4.0,BK0068;BK0131
dissolves double,2,2,4.0,BK0024;BK0071
diverges normal,2,2,4.0,BK0072;BK0208
diverse set,2,2,4.0,BK0217;BK0348
dna binding,2,2,4.0,BK0184;BK0246
dna breaks,2,2,4.0,BK0026;BK0216
dna protein,2,2,4.0,BK0320;BK0344
dna rna,2,2,4.0,BK0033;BK0331
domain factor,2,2,4.0,BK0225;BK0327
domain tmd,2,2,4.0,BK0085;BK0117
donor animals,2,2,4.0,BK0140;BK0260
donors acute,2,2,4.0,BK0014;BK0259
double holliday,2,2,4.0,BK0024;BK0071
downstream target,2,2,4.0,BK0252;BK0301
drug candidates,2,2,4.0,BK0272;BK0324
drug resistance,2,2,4.0,BK0077;BK0334
drug target,2,2,4.0,BK0067;BK0227
drug targets,2,2,4.0,BK0012;BK0028
druggable targets,2,2,4.0,BK0048;BK0137
dsbs repair,2,2,4.0,BK0026;BK0110
dub activity,2,2,4.0,BK0055;BK0272
dub inhibitor,2,2,4.0,BK0035;BK0272
dub selectivity,2,2,4.0,BK0103;BK0234
dubs cellular,2,2,4.0,BK0035;BK0056
dubs muscle,2,2,4.0,BK0028;BK0045
dying cells,2,2,4.0,BK0201;BK0259
dynamics simulations,2,2,4.0,BK0022;BK0188
dysregulated metabolism,2,2,4.0,BK0160;BK0237
early stage,2,2,4.0,BK0070;BK0323
efficiency mhc,2,2,4.0,BK0357;BK0361
efficient epitope,2,2,4.0,BK0040;BK0204
ejaculate function,2,2,4.0,BK0064;BK0098
electron microscopy,2,2,4.0,BK0005;BK0145
electrospray ionisation,2,2,4.0,BK0282;BK0312
elevated proteins,2,2,4.0,BK0070;BK0136
embryonic fibroblasts,2,2,4.0,BK0265;BK0269
emerging evidence,2,2,4.0,BK0113;BK0182
encoding krebs,2,2,4.0,BK0237;BK0271
endogenous proteins,2,2,4.0,BK0096;BK0273
endothelial cell,2,2,4.0,BK0164;BK0305
energy switching,2,2,4.0,BK0281;BK0312
enolase vimentin,2,2,4.0,BK0181;BK0206
enormous complexity,2,2,4.0,BK0091;BK0295
enrichment ubiquitinated,2,2,4.0,BK0055;BK0249
entry point,2,2,4.0,BK0248;BK0306
entry points,2,2,4.0,BK0067;BK0295
environmental factors,2,2,4.0,BK0169;BK0295
enzyme activity,2,2,4.0,BK0103;BK0213
enzyme class,2,2,4.0,BK0046;BK0359
enzyme involved,2,2,4.0,BK0275;BK0293
enzyme kinetics,2,2,4.0,BK0018;BK0042
enzyme specificity,2,2,4.0,BK0234;BK0348
enzyme usp7,2,2,4.0,BK0251;BK0253
enzymes linked,2,2,4.0,BK0211;BK0361
enzymes substrates,2,2,4.0,BK0234;BK0316
epigenetic modifications,2,2,4.0,BK0084;BK0201
epitope discovery,2,2,4.0,BK0125;BK0204
epitope modification,2,2,4.0,BK0367;BK0369
escape mechanisms,2,2,4.0,BK0066;BK0361
essential cell,2,2,4.0,BK0019;BK0072
essential cellular,2,2,4.0,BK0085;BK0293
evs extracted,2,2,4.0,BK0082;BK0145
exert critical,2,2,4.0,BK0298;BK0330
existence additional,2,2,4.0,BK0033;BK0328
exosomes isolated,2,2,4.0,BK0081;BK0210
expand knowledge,2,2,4.0,BK0176;BK0234
experiments confirmed,2,2,4.0,BK0151;BK0352
expert opinion,2,2,4.0,BK0002;BK0057
exploited cancer,2,2,4.0,BK0059;BK0090
exploited future,2,2,4.0,BK0040;BK0298
exposed glucose,2,2,4.0,BK0160;BK0303
expressing cells,2,2,4.0,BK0079;BK0232
expression characteristic,2,2,4.0,BK0123;BK0145
expression inducible,2,2,4.0,BK0112;BK0304
expression multiple,2,2,4.0,BK0260;BK0308
expression proteins,2,2,4.0,BK0241;BK0308
expression remains,2,2,4.0,BK0084;BK0127
expression sarcomeric,2,2,4.0,BK0045;BK0083
extracellular vesicles,2,2,4.0,BK0082;BK0145
facilitate future,2,2,4.0,BK0212;BK0333
factor atf3,2,2,4.0,BK0326;BK0334
factor bax,2,2,4.0,BK0344;BK0347
factor factor,2,2,4.0,BK0288;BK0316
factor rheumatoid,2,2,4.0,BK0151;BK0206
factors implicated,2,2,4.0,BK0252;BK0298
falciparum infection,2,2,4.0,BK0138;BK0239
family deubiquitinating,2,2,4.0,BK0211;BK0359
feature selection,2,2,4.0,BK0003;BK0038
female physiology,2,2,4.0,BK0064;BK0114
female sperm,2,2,4.0,BK0064;BK0098
fh1 murine,2,2,4.0,BK0237;BK0271
fih hydroxylation,2,2,4.0,BK0279;BK0327
finally marked,2,2,4.0,BK0095;BK0150
findings imply,2,2,4.0,BK0276;BK0316
findings thus,2,2,4.0,BK0072;BK0216
findings uncover,2,2,4.0,BK0031;BK0048
finger protein,2,2,4.0,BK0167;BK0246
flanking region,2,2,4.0,BK0215;BK0289
flanking regions,2,2,4.0,BK0040;BK0289
fluid protein,2,2,4.0,BK0021;BK0081
flux sterol,2,2,4.0,BK0085;BK0117
fork progression,2,2,4.0,BK0178;BK0184
form binding,2,2,4.0,BK0018;BK0366
form btr,2,2,4.0,BK0024;BK0071
forming cells,2,2,4.0,BK0131;BK0164
forms complex,2,2,4.0,BK0048;BK0228
fractions purified,2,2,4.0,BK0311;BK0333
fragment ions,2,2,4.0,BK0274;BK0313
free proteomics,2,2,4.0,BK0149;BK0171
fruit fly,2,2,4.0,BK0064;BK0356
fully functional,2,2,4.0,BK0086;BK0220
fumarate act,2,2,4.0,BK0229;BK0271
functional consequence,2,2,4.0,BK0319;BK0320
functional response,2,2,4.0,BK0240;BK0367
functions regulating,2,2,4.0,BK0010;BK0146
fundamental regulating,2,2,4.0,BK0002;BK0112
future cancer,2,2,4.0,BK0155;BK0271
future development,2,2,4.0,BK0298;BK0333
gene atg7,2,2,4.0,BK0200;BK0300
gene silencing,2,2,4.0,BK0153;BK0180
general cellular,2,2,4.0,BK0087;BK0109
generate map,2,2,4.0,BK0063;BK0099
generation antigenic,2,2,4.0,BK0324;BK0361
genes susceptible,2,2,4.0,BK0162;BK0190
genetic ablation,2,2,4.0,BK0231;BK0271
genetic alterations,2,2,4.0,BK0011;BK0271
genetic diseases,2,2,4.0,BK0135;BK0223
genetic factors,2,2,4.0,BK0111;BK0218
genome integrity,2,2,4.0,BK0216;BK0293
genome sequencing,2,2,4.0,BK0163;BK0346
global protein,2,2,4.0,BK0153;BK0308
governs biological,2,2,4.0,BK0232;BK0233
greatly enhance,2,2,4.0,BK0346;BK0364
hallmark amyotrophic,2,2,4.0,BK0020;BK0063
hazard ratio,2,2,4.0,BK0027;BK0122
health burden,2,2,4.0,BK0076;BK0189
healthy disease,2,2,4.0,BK0027;BK0122
healthy subjects,2,2,4.0,BK0210;BK0308
healthy tissue,2,2,4.0,BK0113;BK0150
helicase blm,2,2,4.0,BK0024;BK0071
hematopoietic cells,2,2,4.0,BK0200;BK0300
hif hydroxylation,2,2,4.0,BK0286;BK0327
hif regulated,2,2,4.0,BK0277;BK0327
hif system,2,2,4.0,BK0268;BK0288
highly potent,2,2,4.0,BK0156;BK0364
highly specific,2,2,4.0,BK0098;BK0278
histone methylation,2,2,4.0,BK0059;BK0180
histones mechanism,2,2,4.0,BK0169;BK0309
holliday junctions,2,2,4.0,BK0024;BK0071
homology known,2,2,4.0,BK0338;BK0359
human brain,2,2,4.0,BK0039;BK0063
human dcs,2,2,4.0,BK0170;BK0259
human homolog,2,2,4.0,BK0223;BK0315
human kidneys,2,2,4.0,BK0008;BK0075
human mouse,2,2,4.0,BK0200;BK0273
human mutant,2,2,4.0,BK0079;BK0261
human neurodegenerative,2,2,4.0,BK0013;BK0249
human otubain,2,2,4.0,BK0213;BK0317
human tumor,2,2,4.0,BK0260;BK0287
humoral immune,2,2,4.0,BK0068;BK0260
hydratase predispose,2,2,4.0,BK0229;BK0271
hydrolysis essential,2,2,4.0,BK0029;BK0226
hydrophobic patch,2,2,4.0,BK0019;BK0193
hydroxylated fih,2,2,4.0,BK0273;BK0279
hydroxylation specific,2,2,4.0,BK0279;BK0327
hydroxylation status,2,2,4.0,BK0223;BK0327
identification peptides,2,2,4.0,BK0176;BK0297
iii alpha,2,2,4.0,BK0024;BK0071
immune sensing,2,2,4.0,BK0097;BK0170
immunodominant viral,2,2,4.0,BK0066;BK0218
immunofluorescence flow,2,2,4.0,BK0102;BK0140
immunosorbent assay,2,2,4.0,BK0151;BK0281
implicated development,2,2,4.0,BK0116;BK0322
implicated diverse,2,2,4.0,BK0225;BK0252
implications future,2,2,4.0,BK0289;BK0340
implications understanding,2,2,4.0,BK0010;BK0153
increase expression,2,2,4.0,BK0133;BK0308
increased activity,2,2,4.0,BK0252;BK0326
increased als,2,2,4.0,BK0063;BK0068
increased cell,2,2,4.0,BK0153;BK0196
increased efficiency,2,2,4.0,BK0308;BK0368
increased interest,2,2,4.0,BK0002;BK0034
increased sensitivity,2,2,4.0,BK0196;BK0321
increased serum,2,2,4.0,BK0129;BK0236
increases throughput,2,2,4.0,BK0056;BK0337
independent experiments,2,2,4.0,BK0108;BK0281
induced apoptosis,2,2,4.0,BK0244;BK0334
induced rats,2,2,4.0,BK0347;BK0351
induction response,2,2,4.0,BK0055;BK0094
induction specific,2,2,4.0,BK0065;BK0182
infection cells,2,2,4.0,BK0168;BK0204
inflammatory gene,2,2,4.0,BK0061;BK0175
inflammatory macrophages,2,2,4.0,BK0050;BK0112
inflammatory rheumatic,2,2,4.0,BK0255;BK0257
information future,2,2,4.0,BK0025;BK0295
inhibiting factor,2,2,4.0,BK0316;BK0327
inhibition assays,2,2,4.0,BK0151;BK0181
inhibition causes,2,2,4.0,BK0069;BK0196
inhibition mitochondrial,2,2,4.0,BK0018;BK0237
inhibition types,2,2,4.0,BK0324;BK0357
inhibitor apoptosis,2,2,4.0,BK0041;BK0158
inhibitor profiling,2,2,4.0,BK0035;BK0270
injury donation,2,2,4.0,BK0049;BK0116
insights mechanisms,2,2,4.0,BK0070;BK0214
insulin secretion,2,2,4.0,BK0160;BK0303
interaction partners,2,2,4.0,BK0203;BK0317
interactions host,2,2,4.0,BK0163;BK0306
interactions tcr,2,2,4.0,BK0368;BK0370
interacts topoisomerase,2,2,4.0,BK0024;BK0071
intracellular pathogens,2,2,4.0,BK0176;BK0204
intracellular protein,2,2,4.0,BK0311;BK0365
intracellular proteins,2,2,4.0,BK0145;BK0316
introduction proteomic,2,2,4.0,BK0003;BK0057
invasion metastasis,2,2,4.0,BK0209;BK0302
inversely correlated,2,2,4.0,BK0177;BK0215
involved cellular,2,2,4.0,BK0043;BK0205
involved host,2,2,4.0,BK0014;BK0058
involved inflammation,2,2,4.0,BK0043;BK0312
involved regulation,2,2,4.0,BK0269;BK0315
involved ubiquitin,2,2,4.0,BK0054;BK0256
involving multiple,2,2,4.0,BK0091;BK0122
ionization mass,2,2,4.0,BK0292;BK0337
isg15 gene,2,2,4.0,BK0058;BK0317
isg15 protein,2,2,4.0,BK0045;BK0062
isolated cells,2,2,4.0,BK0260;BK0345
isolated characterized,2,2,4.0,BK0235;BK0373
isopeptide bond,2,2,4.0,BK0042;BK0313
january december,2,2,4.0,BK0023;BK0173
jmjd6 regulation,2,2,4.0,BK0224;BK0315
joints patients,2,2,4.0,BK0181;BK0311
kappa signaling,2,2,4.0,BK0147;BK0194
key many,2,2,4.0,BK0045;BK0094
key metabolic,2,2,4.0,BK0095;BK0100
key proteins,2,2,4.0,BK0116;BK0253
kidney function,2,2,4.0,BK0008;BK0116
kidney grafts,2,2,4.0,BK0049;BK0052
kidney injury,2,2,4.0,BK0136;BK0197
kidney slices,2,2,4.0,BK0032;BK0047
kidneys subjected,2,2,4.0,BK0032;BK0136
kidneys urine,2,2,4.0,BK0075;BK0281
kinase substrates,2,2,4.0,BK0290;BK0322
kinase target,2,2,4.0,BK0320;BK0322
kinases cdks,2,2,4.0,BK0107;BK0280
known often,2,2,4.0,BK0021;BK0322
known regulate,2,2,4.0,BK0084;BK0134
label free,2,2,4.0,BK0149;BK0171
labeling amino,2,2,4.0,BK0243;BK0316
lactate dehydrogenase,2,2,4.0,BK0100;BK0239
laparoscopic surgery,2,2,4.0,BK0081;BK0292
large amounts,2,2,4.0,BK0112;BK0168
large lymphoma,2,2,4.0,BK0196;BK0334
large number,2,2,4.0,BK0131;BK0263
large repertoire,2,2,4.0,BK0131;BK0263
laser desorption,2,2,4.0,BK0292;BK0294
lead better,2,2,4.0,BK0210;BK0242
leading cell,2,2,4.0,BK0024;BK0300
leading identification,2,2,4.0,BK0159;BK0321
leading increased,2,2,4.0,BK0034;BK0244
learning skills,2,2,4.0,BK0139;BK0238
learning spelling,2,2,4.0,BK0139;BK0238
led identification,2,2,4.0,BK0335;BK0336
less efficient,2,2,4.0,BK0357;BK0369
leucinyl vinyl,2,2,4.0,BK0357;BK0364
leukaemia cml,2,2,4.0,BK0043;BK0062
leukemia virus,2,2,4.0,BK0001;BK0009
ligand binding,2,2,4.0,BK0006;BK0369
light mechanisms,2,2,4.0,BK0013;BK0282
link degradation,2,2,4.0,BK0055;BK0302
linked ubiquitin,2,2,4.0,BK0115;BK0317
links signaling,2,2,4.0,BK0182;BK0301
list proteins,2,2,4.0,BK0038;BK0113
loss activity,2,2,4.0,BK0229;BK0237
loss atg7,2,2,4.0,BK0200;BK0300
loss autophagy,2,2,4.0,BK0200;BK0300
lymphoblastoid cell,2,2,4.0,BK0125;BK0345
lymphocyte ctl,2,2,4.0,BK0361;BK0370
lysine methylation,2,2,4.0,BK0169;BK0280
main outcome,2,2,4.0,BK0081;BK0292
malaria remains,2,2,4.0,BK0137;BK0266
malaria severe,2,2,4.0,BK0137;BK0138
male drosophila,2,2,4.0,BK0021;BK0114
male female,2,2,4.0,BK0021;BK0098
mammalian cell,2,2,4.0,BK0323;BK0347
mammalian counterparts,2,2,4.0,BK0323;BK0356
many bacteria,2,2,4.0,BK0250;BK0343
many changes,2,2,4.0,BK0208;BK0304
many viruses,2,2,4.0,BK0058;BK0323
mapped mass,2,2,4.0,BK0151;BK0181
marked changes,2,2,4.0,BK0148;BK0150
marked loss,2,2,4.0,BK0148;BK0304
markedly reduced,2,2,4.0,BK0129;BK0177
markers oxidative,2,2,4.0,BK0032;BK0197
mass proteomic,2,2,4.0,BK0020;BK0219
mass sarcopenia,2,2,4.0,BK0304;BK0329
mass spectrometer,2,2,4.0,BK0159;BK0337
mass spectrometers,2,2,4.0,BK0274;BK0337
matched controls,2,2,4.0,BK0003;BK0020
matrix metalloproteinase,2,2,4.0,BK0149;BK0242
matrix protein,2,2,4.0,BK0150;BK0181
mechanism cancer,2,2,4.0,BK0048;BK0209
mechanisms driving,2,2,4.0,BK0005;BK0191
mediator protein,2,2,4.0,BK0110;BK0134
membrane potential,2,2,4.0,BK0109;BK0300
memory cd4,2,2,4.0,BK0015;BK0080
metabolic changes,2,2,4.0,BK0065;BK0136
metabolic features,2,2,4.0,BK0008;BK0174
metabolic processes,2,2,4.0,BK0020;BK0221
metabolic reprogramming,2,2,4.0,BK0174;BK0203
metabolism cancer,2,2,4.0,BK0202;BK0212
metabolism proteins,2,2,4.0,BK0070;BK0351
metabolites key,2,2,4.0,BK0017;BK0023
metalloproteinase mmp9,2,2,4.0,BK0149;BK0242
metastases colorectal,2,2,4.0,BK0113;BK0123
metastatic prostate,2,2,4.0,BK0211;BK0321
methylation regulates,2,2,4.0,BK0252;BK0319
mhc binding,2,2,4.0,BK0341;BK0371
mhc molecules,2,2,4.0,BK0361;BK0365
migration invasion,2,2,4.0,BK0113;BK0209
mitochondrial aconitase,2,2,4.0,BK0229;BK0237
mitochondrial damage,2,2,4.0,BK0200;BK0300
mitochondrial metabolism,2,2,4.0,BK0160;BK0300
mitochondrial proteins,2,2,4.0,BK0197;BK0303
mitochondrial proteome,2,2,4.0,BK0148;BK0303
mitochondrial respiration,2,2,4.0,BK0112;BK0203
mode action,2,2,4.0,BK0018;BK0339
model human,2,2,4.0,BK0079;BK0261
model systems,2,2,4.0,BK0057;BK0278
modifications amino,2,2,4.0,BK0002;BK0174
modifications chromatin,2,2,4.0,BK0084;BK0295
modified protein,2,2,4.0,BK0274;BK0290
modified ubiquitin,2,2,4.0,BK0002;BK0363
modified ubls,2,2,4.0,BK0336;BK0354
modifier isg15,2,2,4.0,BK0044;BK0317
modulates hif,2,2,4.0,BK0268;BK0327
molecular dynamics,2,2,4.0,BK0022;BK0188
molecular features,2,2,4.0,BK0166;BK0257
molecular mechanism,2,2,4.0,BK0182;BK0184
molecular pathways,2,2,4.0,BK0011;BK0122
molecular phenotypes,2,2,4.0,BK0039;BK0052
molecular signature,2,2,4.0,BK0003;BK0138
molecule dub,2,2,4.0,BK0256;BK0272
molecule inhibitor,2,2,4.0,BK0056;BK0251
monoclonal antibodies,2,2,4.0,BK0155;BK0217
monocytes patients,2,2,4.0,BK0050;BK0312
morbidity mortality,2,2,4.0,BK0093;BK0136
motor neuron,2,2,4.0,BK0079;BK0122
mouse development,2,2,4.0,BK0127;BK0231
multifunctional regulator,2,2,4.0,BK0061;BK0104
multiple molecular,2,2,4.0,BK0083;BK0122
multiple sites,2,2,4.0,BK0108;BK0216
multiply hydroxylated,2,2,4.0,BK0273;BK0316
murine deficient,2,2,4.0,BK0237;BK0271
mutant protein,2,2,4.0,BK0261;BK0353
mutant proteins,2,2,4.0,BK0064;BK0353
mutations affect,2,2,4.0,BK0029;BK0040
mutations sites,2,2,4.0,BK0302;BK0353
myosin heavy,2,2,4.0,BK0005;BK0335
nanoparticle tracking,2,2,4.0,BK0082;BK0145
natural history,2,2,4.0,BK0051;BK0111
need tools,2,2,4.0,BK0346;BK0348
negative feedback,2,2,4.0,BK0133;BK0291
neuroblastoma cell,2,2,4.0,BK0042;BK0092
neurodegenerative disorders,2,2,4.0,BK0042;BK0283
neurological complication,2,2,4.0,BK0137;BK0138
neurological disorders,2,2,4.0,BK0017;BK0090
newly synthesized,2,2,4.0,BK0201;BK0293
normal cells,2,2,4.0,BK0135;BK0208
normothermic kidney,2,2,4.0,BK0008;BK0075
nuclear antigen,2,2,4.0,BK0132;BK0264
nuclear export,2,2,4.0,BK0016;BK0320
nuclear factor,2,2,4.0,BK0147;BK0287
nuclear pabpn1,2,2,4.0,BK0016;BK0104
nuclear protein,2,2,4.0,BK0016;BK0315
nucleus contribute,2,2,4.0,BK0182;BK0353
obstructive pulmonary,2,2,4.0,BK0120;BK0206
obtained patients,2,2,4.0,BK0198;BK0230
occur cells,2,2,4.0,BK0162;BK0184
offspring production,2,2,4.0,BK0098;BK0106
ogfod1 catalyzes,2,2,4.0,BK0223;BK0225
operating characteristic,2,2,4.0,BK0219;BK0257
operating characteristics,2,2,4.0,BK0051;BK0093
orchestrated changes,2,2,4.0,BK0303;BK0308
order achieve,2,2,4.0,BK0073;BK0337
organisation cellular,2,2,4.0,BK0039;BK0085
otub1 knockdown,2,2,4.0,BK0211;BK0306
otub1 otub2,2,2,4.0,BK0213;BK0317
outcome infection,2,2,4.0,BK0038;BK0230
outcome measure,2,2,4.0,BK0081;BK0292
overlapping cdna,2,2,4.0,BK0372;BK0373
oxoglutarate oxygenase,2,2,4.0,BK0264;BK0277
oxoglutarate oxygenases,2,2,4.0,BK0226;BK0270
oxygenase catalyzes,2,2,4.0,BK0143;BK0226
p53 activity,2,2,4.0,BK0203;BK0319
p97 atpase,2,2,4.0,BK0069;BK0090
p97 vcp,2,2,4.0,BK0069;BK0228
pain infertility,2,2,4.0,BK0011;BK0292
parasite proteins,2,2,4.0,BK0239;BK0266
participation binding,2,2,4.0,BK0367;BK0368
pathogenic mechanism,2,2,4.0,BK0050;BK0218
pathogens human,2,2,4.0,BK0125;BK0204
pathological changes,2,2,4.0,BK0057;BK0111
pathological hallmark,2,2,4.0,BK0020;BK0063
pathophysiology human,2,2,4.0,BK0129;BK0189
pathway proteomic,2,2,4.0,BK0116;BK0197
pathway regulates,2,2,4.0,BK0163;BK0302
pathway responsible,2,2,4.0,BK0119;BK0202
pathway thereby,2,2,4.0,BK0061;BK0065
pathways contribute,2,2,4.0,BK0084;BK0320
patient prognosis,2,2,4.0,BK0113;BK0124
patient serum,2,2,4.0,BK0128;BK0236
patient women,2,2,4.0,BK0081;BK0292
patients als,2,2,4.0,BK0068;BK0122
patients cancer,2,2,4.0,BK0034;BK0037
patients controls,2,2,4.0,BK0082;BK0266
patients disease,2,2,4.0,BK0077;BK0210
patients osteoarthritis,2,2,4.0,BK0151;BK0181
patients patients,2,2,4.0,BK0151;BK0154
pbcs syipsaeki,2,2,4.0,BK0367;BK0368
peptide binding,2,2,4.0,BK0218;BK0371
peptide fragments,2,2,4.0,BK0047;BK0090
peptide loading,2,2,4.0,BK0010;BK0365
peptide mixtures,2,2,4.0,BK0337;BK0371
peptide pbcs,2,2,4.0,BK0367;BK0368
peptide substrates,2,2,4.0,BK0364;BK0365
peptide syipsaeki,2,2,4.0,BK0366;BK0369
peptides containing,2,2,4.0,BK0080;BK0181
peptides metabolites,2,2,4.0,BK0248;BK0257
peptides presented,2,2,4.0,BK0125;BK0324
peptidyl arginine,2,2,4.0,BK0169;BK0175
peptidylarginine deiminase,2,2,4.0,BK0123;BK0206
per day,2,2,4.0,BK0046;BK0172
perforin cytotoxicity,2,2,4.0,BK0367;BK0369
performance ejaculate,2,2,4.0,BK0086;BK0106
performed longitudinal,2,2,4.0,BK0008;BK0068
performed proteomic,2,2,4.0,BK0202;BK0229
perfusion hmp,2,2,4.0,BK0049;BK0070
perfusion nmp,2,2,4.0,BK0008;BK0075
permit assessment,2,2,4.0,BK0368;BK0370
pharmacological targets,2,2,4.0,BK0103;BK0283
phosphorylation kinase,2,2,4.0,BK0320;BK0322
phosphorylation sites,2,2,4.0,BK0280;BK0306
photoreactive peptide,2,2,4.0,BK0366;BK0369
physical functional,2,2,4.0,BK0134;BK0322
physiology behavior,2,2,4.0,BK0064;BK0114
pipeline cpfp,2,2,4.0,BK0274;BK0297
plasma membrane,2,2,4.0,BK0017;BK0301
plasma viral,2,2,4.0,BK0215;BK0298
plays central,2,2,4.0,BK0190;BK0253
point mutation,2,2,4.0,BK0073;BK0163
poly binding,2,2,4.0,BK0079;BK0104
polymerase beta,2,2,4.0,BK0293;BK0318
polyubiquitylated proteins,2,2,4.0,BK0272;BK0304
porcine cells,2,2,4.0,BK0260;BK0267
positive feedback,2,2,4.0,BK0094;BK0240
postmating responses,2,2,4.0,BK0064;BK0098
potent inhibitors,2,2,4.0,BK0032;BK0364
potential diagnostic,2,2,4.0,BK0093;BK0292
potential possible,2,2,4.0,BK0283;BK0352
potential source,2,2,4.0,BK0051;BK0082
prc1 polycomb,2,2,4.0,BK0167;BK0190
prc1 target,2,2,4.0,BK0167;BK0231
predispose hereditary,2,2,4.0,BK0229;BK0271
presence abundance,2,2,4.0,BK0027;BK0114
presentation infection,2,2,4.0,BK0176;BK0204
presented histocompatibility,2,2,4.0,BK0324;BK0357
presenting cells,2,2,4.0,BK0357;BK0361
prior kidney,2,2,4.0,BK0052;BK0088
proapoptotic factor,2,2,4.0,BK0344;BK0347
probe specific,2,2,4.0,BK0342;BK0363
probes applied,2,2,4.0,BK0256;BK0348
probes generated,2,2,4.0,BK0235;BK0359
processing cell,2,2,4.0,BK0040;BK0317
profile proteins,2,2,4.0,BK0120;BK0152
profiles urine,2,2,4.0,BK0049;BK0292
profiling dubs,2,2,4.0,BK0046;BK0234
profiling performance,2,2,4.0,BK0282;BK0312
profiling plasma,2,2,4.0,BK0014;BK0138
prognostic biomarkers,2,2,4.0,BK0027;BK0124
progression dna,2,2,4.0,BK0004;BK0184
proliferation vitro,2,2,4.0,BK0200;BK0371
promising drug,2,2,4.0,BK0012;BK0028
promotes resection,2,2,4.0,BK0071;BK0216
promoting cell,2,2,4.0,BK0069;BK0126
propose model,2,2,4.0,BK0011;BK0310
protease usp18,2,2,4.0,BK0009;BK0045
protease usp30,2,2,4.0,BK0018;BK0042
protease usp7,2,2,4.0,BK0165;BK0227
proteases cleave,2,2,4.0,BK0179;BK0213
proteases contribute,2,2,4.0,BK0323;BK0361
proteasome subunits,2,2,4.0,BK0296;BK0324
proteasome transporter,2,2,4.0,BK0325;BK0349
protein abundant,2,2,4.0,BK0083;BK0140
protein accumulation,2,2,4.0,BK0028;BK0104
protein acetylation,2,2,4.0,BK0104;BK0221
protein changes,2,2,4.0,BK0052;BK0210
protein family,2,2,4.0,BK0285;BK0306
protein folding,2,2,4.0,BK0072;BK0153
protein forms,2,2,4.0,BK0168;BK0282
protein function,2,2,4.0,BK0152;BK0313
protein gene,2,2,4.0,BK0055;BK0308
protein hsp,2,2,4.0,BK0303;BK0334
protein interactions,2,2,4.0,BK0079;BK0134
protein involved,2,2,4.0,BK0269;BK0355
protein jmjd6,2,2,4.0,BK0224;BK0315
protein kinases,2,2,4.0,BK0290;BK0320
protein modifications,2,2,4.0,BK0054;BK0221
protein phosphatase,2,2,4.0,BK0004;BK0253
protein prb,2,2,4.0,BK0162;BK0280
protein response,2,2,4.0,BK0052;BK0319
protein sequences,2,2,4.0,BK0188;BK0199
protein serum,2,2,4.0,BK0257;BK0298
protein signature,2,2,4.0,BK0038;BK0068
protein signatures,2,2,4.0,BK0003;BK0005
protein translation,2,2,4.0,BK0153;BK0226
proteins abundance,2,2,4.0,BK0120;BK0282
proteins affect,2,2,4.0,BK0064;BK0084
proteins cells,2,2,4.0,BK0159;BK0286
proteins contribute,2,2,4.0,BK0083;BK0237
proteins detected,2,2,4.0,BK0204;BK0331
proteins discussed,2,2,4.0,BK0169;BK0256
proteins function,2,2,4.0,BK0190;BK0327
proteins fundamental,2,2,4.0,BK0146;BK0250
proteins known,2,2,4.0,BK0114;BK0263
proteins pathways,2,2,4.0,BK0039;BK0221
proteins peptides,2,2,4.0,BK0248;BK0311
proteins potential,2,2,4.0,BK0241;BK0266
proteins proteasome,2,2,4.0,BK0212;BK0325
proteins proteins,2,2,4.0,BK0082;BK0210
proteins resulting,2,2,4.0,BK0087;BK0169
proteins small,2,2,4.0,BK0152;BK0257
proteolytic cleavage,2,2,4.0,BK0064;BK0285
proteolytic enzymes,2,2,4.0,BK0323;BK0361
proteome profiles,2,2,4.0,BK0171;BK0263
proteome profiling,2,2,4.0,BK0087;BK0120
proteomic changes,2,2,4.0,BK0014;BK0189
proteomic human,2,2,4.0,BK0149;BK0308
proteomic proteolytic,2,2,4.0,BK0049;BK0242
proteomic signatures,2,2,4.0,BK0137;BK0186
proteomic techniques,2,2,4.0,BK0002;BK0062
proteomic transcriptomic,2,2,4.0,BK0050;BK0078
proteomics active,2,2,4.0,BK0345;BK0356
proteomics human,2,2,4.0,BK0027;BK0039
pulmonary disease,2,2,4.0,BK0120;BK0206
purified human,2,2,4.0,BK0269;BK0273
purified ubiquitin,2,2,4.0,BK0265;BK0318
quality control,2,2,4.0,BK0074;BK0085
quantify proteins,2,2,4.0,BK0239;BK0257
quantitative expression,2,2,4.0,BK0282;BK0312
rapid complex,2,2,4.0,BK0368;BK0370
rapid diagnostic,2,2,4.0,BK0038;BK0239
reaction monitoring,2,2,4.0,BK0063;BK0239
reading frame,2,2,4.0,BK0209;BK0373
receptor binding,2,2,4.0,BK0001;BK0366
recognition cpg,2,2,4.0,BK0127;BK0262
recombinant proteins,2,2,4.0,BK0270;BK0321
recombinant vaccinia,2,2,4.0,BK0218;BK0289
recruitment activation,2,2,4.0,BK0071;BK0301
red blood,2,2,4.0,BK0120;BK0300
reduced cell,2,2,4.0,BK0209;BK0302
reduced inflammation,2,2,4.0,BK0032;BK0075
reflects increased,2,2,4.0,BK0002;BK0252
regulate gene,2,2,4.0,BK0127;BK0246
regulate transcription,2,2,4.0,BK0084;BK0121
regulated oxygen,2,2,4.0,BK0223;BK0286
regulated proteins,2,2,4.0,BK0143;BK0281
regulates cellular,2,2,4.0,BK0269;BK0291
regulates differentiation,2,2,4.0,BK0045;BK0305
regulates protein,2,2,4.0,BK0152;BK0163
regulating dna,2,2,4.0,BK0069;BK0293
regulating gene,2,2,4.0,BK0084;BK0295
regulation mitochondrial,2,2,4.0,BK0148;BK0203
regulation protein,2,2,4.0,BK0282;BK0313
regulation remains,2,2,4.0,BK0084;BK0190
regulator cellular,2,2,4.0,BK0162;BK0203
regulator mrna,2,2,4.0,BK0083;BK0104
regulatory domain,2,2,4.0,BK0017;BK0228
regulatory metabolic,2,2,4.0,BK0085;BK0221
regulatory step,2,2,4.0,BK0095;BK0331
relapsed refractory,2,2,4.0,BK0251;BK0342
remain largely,2,2,4.0,BK0048;BK0252
remains elusive,2,2,4.0,BK0033;BK0142
renal transplantation,2,2,4.0,BK0052;BK0254
repair dna,2,2,4.0,BK0026;BK0216
repeat domains,2,2,4.0,BK0279;BK0327
repeat proteins,2,2,4.0,BK0279;BK0316
replication dna,2,2,4.0,BK0146;BK0295
replication repair,2,2,4.0,BK0179;BK0201
report mass,2,2,4.0,BK0115;BK0309
represents robust,2,2,4.0,BK0092;BK0166
reproductive age,2,2,4.0,BK0011;BK0078
reproductive success,2,2,4.0,BK0021;BK0064
required cell,2,2,4.0,BK0026;BK0368
required efficient,2,2,4.0,BK0178;BK0280
required genome,2,2,4.0,BK0269;BK0293
resemble human,2,2,4.0,BK0189;BK0267
residue transcriptional,2,2,4.0,BK0273;BK0279
residues citrulline,2,2,4.0,BK0123;BK0175
residues positions,2,2,4.0,BK0195;BK0215
residues protein,2,2,4.0,BK0133;BK0287
respiratory function,2,2,4.0,BK0112;BK0148
respond changes,2,2,4.0,BK0106;BK0169
response animals,2,2,4.0,BK0223;BK0288
response competition,2,2,4.0,BK0106;BK0286
response pathway,2,2,4.0,BK0287;BK0312
response replication,2,2,4.0,BK0071;BK0212
responses pathogens,2,2,4.0,BK0176;BK0371
responses patients,2,2,4.0,BK0151;BK0255
resulted downregulation,2,2,4.0,BK0158;BK0326
resulted elevated,2,2,4.0,BK0094;BK0160
resulted reduced,2,2,4.0,BK0142;BK0209
resulting reduced,2,2,4.0,BK0045;BK0158
retention dair,2,2,4.0,BK0154;BK0172
review highlight,2,2,4.0,BK0028;BK0054
rheumatic disease,2,2,4.0,BK0255;BK0257
rmi1 rmi2,2,2,4.0,BK0024;BK0071
rmi2 form,2,2,4.0,BK0024;BK0071
rna binding,2,2,4.0,BK0079;BK0331
rna interference,2,2,4.0,BK0310;BK0321
rna metabolism,2,2,4.0,BK0016;BK0068
rna processing,2,2,4.0,BK0016;BK0317
robust biomarker,2,2,4.0,BK0092;BK0271
ros production,2,2,4.0,BK0078;BK0148
saa1 saa2,2,2,4.0,BK0014;BK0088
samples derived,2,2,4.0,BK0166;BK0254
samples patients,2,2,4.0,BK0023;BK0210
samples taken,2,2,4.0,BK0070;BK0114
sarcomeric proteins,2,2,4.0,BK0045;BK0083
scf ubiquitin,2,2,4.0,BK0004;BK0192
scientific community,2,2,4.0,BK0171;BK0267
screen performed,2,2,4.0,BK0229;BK0298
selected proteins,2,2,4.0,BK0165;BK0282
selectivity compounds,2,2,4.0,BK0324;BK0346
selectivity towards,2,2,4.0,BK0156;BK0364
sensitivity response,2,2,4.0,BK0106;BK0308
sensory neuron,2,2,4.0,BK0017;BK0134
separation peptides,2,2,4.0,BK0222;BK0337
sequence homology,2,2,4.0,BK0181;BK0359
sequences yet,2,2,4.0,BK0176;BK0289
severe malaria,2,2,4.0,BK0219;BK0239
severe neurological,2,2,4.0,BK0137;BK0138
severely impaired,2,2,4.0,BK0072;BK0367
shock protein,2,2,4.0,BK0303;BK0334
signal transduction,2,2,4.0,BK0182;BK0192
signaling activation,2,2,4.0,BK0192;BK0367
signaling acts,2,2,4.0,BK0050;BK0192
signaling events,2,2,4.0,BK0110;BK0182
signalling events,2,2,4.0,BK0043;BK0169
since inception,2,2,4.0,BK0173;BK0299
single cell,2,2,4.0,BK0159;BK0341
sites modification,2,2,4.0,BK0313;BK0318
small modifier,2,2,4.0,BK0152;BK0317
small protein,2,2,4.0,BK0103;BK0108
small subset,2,2,4.0,BK0021;BK0182
sodium dodecyl,2,2,4.0,BK0337;BK0352
somatic cell,2,2,4.0,BK0135;BK0267
source biomarkers,2,2,4.0,BK0082;BK0186
specific biomarker,2,2,4.0,BK0093;BK0229
specific contributions,2,2,4.0,BK0098;BK0101
specific inhibitor,2,2,4.0,BK0069;BK0074
specific residues,2,2,4.0,BK0250;BK0279
specific target,2,2,4.0,BK0009;BK0167
spectrometry detection,2,2,4.0,BK0109;BK0254
spectrometry proteomic,2,2,4.0,BK0027;BK0082
spectrometry rapid,2,2,4.0,BK0120;BK0359
spectrometry workflow,2,2,4.0,BK0051;BK0176
sperm storage,2,2,4.0,BK0064;BK0098
spondylitis common,2,2,4.0,BK0255;BK0257
sporadic forms,2,2,4.0,BK0042;BK0210
stable isotope,2,2,4.0,BK0202;BK0316
starting emerge,2,2,4.0,BK0073;BK0227
still unclear,2,2,4.0,BK0061;BK0071
strategies targeting,2,2,4.0,BK0029;BK0113
structure function,2,2,4.0,BK0001;BK0013
structure human,2,2,4.0,BK0195;BK0213
subjected min,2,2,4.0,BK0032;BK0136
subsequent resolution,2,2,4.0,BK0074;BK0090
subset proteins,2,2,4.0,BK0044;BK0311
substantially less,2,2,4.0,BK0205;BK0322
subunits complex,2,2,4.0,BK0112;BK0141
succination proteins,2,2,4.0,BK0229;BK0271
sup cells,2,2,4.0,BK0015;BK0080
support development,2,2,4.0,BK0014;BK0019
support model,2,2,4.0,BK0016;BK0092
supported immunoblotting,2,2,4.0,BK0116;BK0309
supporting idea,2,2,4.0,BK0114;BK0139
suppressor gene,2,2,4.0,BK0261;BK0301
surface molecules,2,2,4.0,BK0120;BK0321
surprisingly despite,2,2,4.0,BK0150;BK0289
survival hazard,2,2,4.0,BK0027;BK0122
sustained expression,2,2,4.0,BK0094;BK0241
syndrome complex,2,2,4.0,BK0068;BK0071
syndrome helicase,2,2,4.0,BK0024;BK0071
syndrome rare,2,2,4.0,BK0129;BK0161
synovial fluid,2,2,4.0,BK0171;BK0341
take place,2,2,4.0,BK0026;BK0220
target biomarker,2,2,4.0,BK0158;BK0232
target therapeutic,2,2,4.0,BK0017;BK0067
target therapy,2,2,4.0,BK0095;BK0164
targeted dna,2,2,4.0,BK0011;BK0320
targeted proteomic,2,2,4.0,BK0111;BK0239
targeted therapeutic,2,2,4.0,BK0011;BK0270
targeting modified,2,2,4.0,BK0264;BK0267
tcr beta,2,2,4.0,BK0015;BK0341
termination efficiency,2,2,4.0,BK0223;BK0226
tetrahydrobiopterin modulates,2,2,4.0,BK0112;BK0141
therapeutic agents,2,2,4.0,BK0196;BK0351
therapeutic development,2,2,4.0,BK0011;BK0013
therapeutic opportunities,2,2,4.0,BK0018;BK0077
therapeutic potential,2,2,4.0,BK0065;BK0100
therapeutic strategies,2,2,4.0,BK0029;BK0267
therapeutic trials,2,2,4.0,BK0057;BK0122
thereby opening,2,2,4.0,BK0061;BK0135
thereby regulating,2,2,4.0,BK0069;BK0157
throughput capabilities,2,2,4.0,BK0056;BK0337
thumb palm,2,2,4.0,BK0018;BK0042
thus define,2,2,4.0,BK0097;BK0115
tissue origin,2,2,4.0,BK0255;BK0345
tissue proteomics,2,2,4.0,BK0051;BK0136
tissue slices,2,2,4.0,BK0032;BK0039
topoisomerase iii,2,2,4.0,BK0024;BK0071
total cell,2,2,4.0,BK0080;BK0343
total proteins,2,2,4.0,BK0255;BK0257
transcription translation,2,2,4.0,BK0017;BK0079
transforming growth,2,2,4.0,BK0032;BK0047
transgenic pig,2,2,4.0,BK0140;BK0260
transgenic porcine,2,2,4.0,BK0140;BK0260
translation termination,2,2,4.0,BK0223;BK0225
transmembrane domain,2,2,4.0,BK0085;BK0117
transport pathways,2,2,4.0,BK0020;BK0079
transporter antigen,2,2,4.0,BK0325;BK0349
treating cancer,2,2,4.0,BK0227;BK0283
treatment options,2,2,4.0,BK0076;BK0267
triggers apoptosis,2,2,4.0,BK0019;BK0319
trypsin elastase,2,2,4.0,BK0150;BK0159
tryptic digestion,2,2,4.0,BK0282;BK0352
tumor domain,2,2,4.0,BK0213;BK0348
tumor necrosis,2,2,4.0,BK0260;BK0342
tumour cells,2,2,4.0,BK0126;BK0252
tumours causes,2,2,4.0,BK0209;BK0229
turnover cellular,2,2,4.0,BK0091;BK0357
type ubiquitin,2,2,4.0,BK0107;BK0278
types substrate,2,2,4.0,BK0002;BK0286
tyrosine kinase,2,2,4.0,BK0322;BK0367
tyrosine residue,2,2,4.0,BK0096;BK0310
ubiquitin conjugating,2,2,4.0,BK0012;BK0141
ubiquitin like,2,2,4.0,BK0044;BK0354
ubiquitin processing,2,2,4.0,BK0067;BK0336
ubiquitin small,2,2,4.0,BK0091;BK0103
ubiquitinated proteins,2,2,4.0,BK0249;BK0313
ubiquitinated substrates,2,2,4.0,BK0069;BK0232
ubiquitylation degradation,2,2,4.0,BK0107;BK0192
ubl processing,2,2,4.0,BK0323;BK0348
ubls plays,2,2,4.0,BK0336;BK0354
ulcerative colitis,2,2,4.0,BK0061;BK0182
undergoes posttranslational,2,2,4.0,BK0223;BK0315
undergoing laparoscopic,2,2,4.0,BK0014;BK0292
underlying mechanisms,2,2,4.0,BK0124;BK0244
underlying pathology,2,2,4.0,BK0137;BK0182
understand biological,2,2,4.0,BK0091;BK0248
understand underlying,2,2,4.0,BK0124;BK0137
understanding protective,2,2,4.0,BK0080;BK0131
unique peptides,2,2,4.0,BK0159;BK0204
unstressed cells,2,2,4.0,BK0202;BK0253
upon inhibition,2,2,4.0,BK0175;BK0322
ups key,2,2,4.0,BK0028;BK0045
urinary proteome,2,2,4.0,BK0049;BK0281
urine replacement,2,2,4.0,BK0008;BK0075
usp30 complex,2,2,4.0,BK0018;BK0042
usp7 inhibition,2,2,4.0,BK0165;BK0227
usp7 inhibitor,2,2,4.0,BK0251;BK0272
vaccinia virus,2,2,4.0,BK0204;BK0218
validated prospectively,2,2,4.0,BK0138;BK0239
validation external,2,2,4.0,BK0124;BK0166
valuable tools,2,2,4.0,BK0056;BK0354
variety cellular,2,2,4.0,BK0157;BK0345
vast diversity,2,2,4.0,BK0187;BK0289
vesicles evs,2,2,4.0,BK0082;BK0145
video abstract,2,2,4.0,BK0067;BK0104
viral epitope,2,2,4.0,BK0066;BK0218
viral infections,2,2,4.0,BK0009;BK0044
viral protein,2,2,4.0,BK0176;BK0254
viral rna,2,2,4.0,BK0240;BK0298
vitro binding,2,2,4.0,BK0022;BK0314
vitro characterization,2,2,4.0,BK0042;BK0058
vivo models,2,2,4.0,BK0046;BK0055
warm ischaemia,2,2,4.0,BK0032;BK0136
weak agonists,2,2,4.0,BK0368;BK0370
western blotting,2,2,4.0,BK0030;BK0111
whole cell,2,2,4.0,BK0204;BK0350
women endometriosis,2,2,4.0,BK0081;BK0292
women reproductive,2,2,4.0,BK0011;BK0078
workflow increases,2,2,4.0,BK0056;BK0103
