term,documentFrequency,termFrequency,documentShare,score,sourceIds
protein,198,371,0.530831,1691.5203,BK0001;BK0002;BK0003;BK0004;BK0005;BK0006;BK0007;BK0009
proteins,165,356,0.442359,1399.829603,BK0002;BK0004;BK0005;BK0009;BK0013;BK0014;BK0016;BK0019
cells,158,381,0.423592,1355.829692,BK0002;BK0007;BK0009;BK0010;BK0015;BK0018;BK0019;BK0024
cell,147,274,0.394102,1191.953095,BK0002;BK0003;BK0004;BK0010;BK0016;BK0017;BK0019;BK0020
activity,105,159,0.281501,769.746272,BK0004;BK0012;BK0019;BK0022;BK0023;BK0033;BK0041;BK0048
mass,99,148,0.265416,715.65305,BK0002;BK0005;BK0006;BK0008;BK0013;BK0016;BK0018;BK0020
human,95,164,0.254692,700.628746,BK0008;BK0010;BK0012;BK0013;BK0017;BK0027;BK0028;BK0029
cellular,91,126,0.243968,637.0,BK0004;BK0006;BK0008;BK0010;BK0016;BK0025;BK0031;BK0034
complex,86,138,0.230563,613.118339,BK0001;BK0004;BK0010;BK0011;BK0014;BK0018;BK0024;BK0025
expression,85,146,0.227882,612.803536,BK0005;BK0009;BK0010;BK0011;BK0014;BK0016;BK0017;BK0028
spectrometry,81,109,0.217158,550.347685,BK0002;BK0005;BK0006;BK0008;BK0013;BK0016;BK0018;BK0023
function,80,99,0.214477,532.656919,BK0001;BK0002;BK0004;BK0006;BK0007;BK0008;BK0011;BK0013
ubiquitin,71,152,0.190349,515.941844,BK0002;BK0004;BK0007;BK0012;BK0018;BK0025;BK0026;BK0027
response,71,112,0.190349,485.135191,BK0003;BK0004;BK0009;BK0014;BK0038;BK0043;BK0045;BK0052
cancer,64,161,0.171582,470.318602,BK0003;BK0007;BK0019;BK0025;BK0029;BK0031;BK0034;BK0036
binding,64,120,0.171582,443.56719,BK0001;BK0006;BK0012;BK0018;BK0022;BK0025;BK0041;BK0042
target,66,96,0.176944,436.57085,BK0009;BK0012;BK0017;BK0019;BK0034;BK0042;BK0046;BK0047
increased,67,88,0.179625,434.954157,BK0002;BK0005;BK0009;BK0015;BK0020;BK0023;BK0028;BK0034
proteomic,65,95,0.174263,428.994335,BK0002;BK0003;BK0005;BK0009;BK0011;BK0014;BK0020;BK0027
potential,67,78,0.179625,423.569182,BK0005;BK0009;BK0012;BK0024;BK0033;BK0043;BK0045;BK0047
gene,63,102,0.168901,422.127702,BK0009;BK0016;BK0017;BK0045;BK0055;BK0058;BK0059;BK0061
development,61,75,0.163539,382.273979,BK0011;BK0012;BK0013;BK0014;BK0019;BK0020;BK0022;BK0038
disease,57,100,0.152815,380.328244,BK0005;BK0013;BK0015;BK0018;BK0020;BK0025;BK0027;BK0037
activation,57,99,0.152815,379.518055,BK0009;BK0014;BK0019;BK0040;BK0047;BK0054;BK0055;BK0059
dna,52,150,0.13941,376.892231,BK0004;BK0011;BK0020;BK0024;BK0026;BK0033;BK0036;BK0069
involved,60,72,0.160858,372.567202,BK0011;BK0014;BK0043;BK0044;BK0054;BK0055;BK0058;BK0060
proteomics,56,81,0.150134,357.002208,BK0003;BK0005;BK0018;BK0027;BK0029;BK0031;BK0037;BK0038
inhibition,54,94,0.144772,355.587975,BK0007;BK0018;BK0022;BK0041;BK0042;BK0047;BK0050;BK0069
molecular,54,76,0.144772,339.41172,BK0003;BK0005;BK0011;BK0014;BK0016;BK0018;BK0022;BK0028
patients,49,119,0.131367,339.024299,BK0003;BK0011;BK0023;BK0034;BK0037;BK0038;BK0050;BK0051
control,55,69,0.147453,338.236092,BK0003;BK0026;BK0032;BK0034;BK0049;BK0052;BK0063;BK0068
key,56,63,0.150134,337.252598,BK0001;BK0004;BK0007;BK0011;BK0013;BK0017;BK0023;BK0028
enzymes,53,79,0.142091,336.01205,BK0009;BK0012;BK0028;BK0042;BK0044;BK0045;BK0046;BK0054
regulation,54,72,0.144772,335.310482,BK0004;BK0014;BK0029;BK0044;BK0067;BK0073;BK0077;BK0084
enzyme,53,78,0.142091,335.062189,BK0012;BK0018;BK0025;BK0042;BK0046;BK0056;BK0058;BK0062
specific,54,67,0.144772,329.860321,BK0009;BK0018;BK0034;BK0035;BK0046;BK0047;BK0063;BK0065
pathways,52,73,0.13941,323.898572,BK0002;BK0010;BK0011;BK0013;BK0014;BK0016;BK0020;BK0026
factor,50,82,0.134048,319.615871,BK0008;BK0047;BK0055;BK0061;BK0064;BK0084;BK0095;BK0098
mechanism,52,64,0.13941,314.308494,BK0011;BK0022;BK0048;BK0050;BK0060;BK0077;BK0087;BK0094
mechanisms,51,59,0.136729,302.467604,BK0005;BK0010;BK0011;BK0013;BK0019;BK0021;BK0024;BK0026
pathway,50,62,0.134048,300.0,BK0006;BK0012;BK0023;BK0032;BK0055;BK0061;BK0065;BK0069
changes,47,74,0.126005,293.652593,BK0005;BK0006;BK0014;BK0023;BK0043;BK0052;BK0057;BK0063
domain,45,74,0.120643,281.156738,BK0001;BK0017;BK0041;BK0048;BK0060;BK0073;BK0085;BK0107
controls,46,57,0.123324,270.60158,BK0003;BK0020;BK0026;BK0027;BK0052;BK0063;BK0064;BK0068
proteome,44,68,0.117962,269.688453,BK0020;BK0021;BK0027;BK0030;BK0031;BK0038;BK0045;BK0049
thus,47,50,0.126005,267.920667,BK0015;BK0024;BK0025;BK0041;BK0044;BK0048;BK0060;BK0061
targets,44,61,0.117962,263.000317,BK0012;BK0028;BK0033;BK0044;BK0048;BK0062;BK0068;BK0073
highly,45,51,0.120643,257.75642,BK0060;BK0063;BK0066;BK0090;BK0096;BK0098;BK0099;BK0110
samples,41,67,0.10992,250.449503,BK0008;BK0014;BK0020;BK0023;BK0038;BK0043;BK0046;BK0049
inhibitor,41,66,0.10992,249.585976,BK0018;BK0022;BK0025;BK0032;BK0035;BK0041;BK0056;BK0060
growth,40,67,0.107239,244.340978,BK0032;BK0034;BK0047;BK0051;BK0095;BK0100;BK0101;BK0123
peptide,38,82,0.101877,242.908062,BK0010;BK0047;BK0053;BK0063;BK0064;BK0090;BK0101;BK0104
tissue,38,81,0.101877,242.251498,BK0014;BK0020;BK0032;BK0039;BK0049;BK0050;BK0051;BK0052
model,41,58,0.10992,242.182514,BK0006;BK0011;BK0016;BK0032;BK0043;BK0044;BK0045;BK0052
findings,43,47,0.115282,241.432523,BK0010;BK0011;BK0012;BK0014;BK0016;BK0017;BK0019;BK0021
therapeutic,43,46,0.115282,240.153388,BK0004;BK0009;BK0011;BK0013;BK0017;BK0018;BK0019;BK0022
immune,40,61,0.107239,239.091197,BK0003;BK0009;BK0014;BK0023;BK0034;BK0039;BK0040;BK0045
known,42,49,0.112601,238.241864,BK0012;BK0021;BK0029;BK0036;BK0042;BK0045;BK0055;BK0068
processes,42,48,0.112601,237.04196,BK0004;BK0005;BK0009;BK0020;BK0028;BK0047;BK0055;BK0067
peptides,37,80,0.099196,235.229424,BK0002;BK0019;BK0055;BK0063;BK0080;BK0108;BK0125;BK0131
addition,42,44,0.112601,231.989602,BK0005;BK0011;BK0013;BK0026;BK0033;BK0037;BK0069;BK0087
inhibitors,37,75,0.099196,231.871102,BK0018;BK0019;BK0025;BK0032;BK0035;BK0042;BK0046;BK0056
required,40,53,0.107239,231.254389,BK0002;BK0026;BK0035;BK0071;BK0090;BK0094;BK0097;BK0119
reduced,38,65,0.101877,230.511389,BK0016;BK0017;BK0022;BK0032;BK0045;BK0046;BK0051;BK0064
functional,40,52,0.107239,230.1955,BK0005;BK0012;BK0015;BK0033;BK0042;BK0073;BK0077;BK0079
residues,39,56,0.104558,228.461259,BK0002;BK0096;BK0105;BK0108;BK0123;BK0133;BK0141;BK0144
responses,37,64,0.099196,223.642582,BK0015;BK0021;BK0040;BK0044;BK0050;BK0055;BK0058;BK0061
multiple,40,46,0.107239,223.3985,BK0006;BK0017;BK0022;BK0032;BK0043;BK0071;BK0083;BK0085
clinical,38,55,0.101877,221.649821,BK0020;BK0023;BK0024;BK0027;BK0034;BK0068;BK0070;BK0081
treatment,37,56,0.099196,216.745297,BK0017;BK0018;BK0025;BK0032;BK0043;BK0054;BK0074;BK0076
small,39,45,0.104558,216.628965,BK0002;BK0021;BK0029;BK0046;BK0056;BK0076;BK0090;BK0091
system,39,45,0.104558,216.628965,BK0012;BK0017;BK0025;BK0026;BK0028;BK0036;BK0045;BK0054
substrates,36,62,0.096515,216.0,BK0002;BK0004;BK0009;BK0018;BK0019;BK0033;BK0044;BK0045
vitro,39,42,0.104558,212.917833,BK0001;BK0009;BK0012;BK0022;BK0033;BK0042;BK0044;BK0047
report,39,40,0.104558,210.300379,BK0025;BK0096;BK0099;BK0100;BK0105;BK0108;BK0115;BK0117
modification,37,49,0.099196,209.879738,BK0002;BK0026;BK0033;BK0042;BK0073;BK0091;BK0098;BK0108
identification,37,47,0.099196,207.744264,BK0011;BK0068;BK0080;BK0113;BK0114;BK0115;BK0130;BK0157
metabolism,35,56,0.093834,205.029335,BK0008;BK0016;BK0043;BK0044;BK0068;BK0070;BK0075;BK0088
beta,33,71,0.088472,204.26421,BK0009;BK0015;BK0030;BK0032;BK0047;BK0059;BK0061;BK0087
antigen,33,64,0.088472,199.465006,BK0007;BK0010;BK0015;BK0034;BK0040;BK0053;BK0058;BK0062
signaling,32,69,0.085791,196.791908,BK0001;BK0007;BK0009;BK0022;BK0034;BK0050;BK0064;BK0065
proteasome,31,77,0.08311,195.417203,BK0005;BK0040;BK0082;BK0108;BK0141;BK0153;BK0158;BK0193
essential,36,41,0.096515,195.345531,BK0012;BK0013;BK0019;BK0029;BK0031;BK0045;BK0064;BK0072
profiling,33,51,0.088472,189.021375,BK0009;BK0012;BK0014;BK0035;BK0042;BK0044;BK0046;BK0056
vivo,34,45,0.091153,188.856021,BK0011;BK0022;BK0028;BK0032;BK0046;BK0047;BK0049;BK0055
quantitative,33,47,0.088472,185.285425,BK0018;BK0029;BK0031;BK0039;BK0058;BK0070;BK0075;BK0088
sites,32,53,0.085791,185.003511,BK0069;BK0071;BK0099;BK0105;BK0108;BK0113;BK0142;BK0157
regulated,34,41,0.091153,184.493002,BK0008;BK0009;BK0028;BK0062;BK0071;BK0083;BK0118;BK0138
alpha,29,76,0.077748,182.276664,BK0015;BK0024;BK0043;BK0047;BK0050;BK0065;BK0071;BK0077
active,32,46,0.085791,178.7188,BK0012;BK0018;BK0042;BK0059;BK0060;BK0075;BK0090;BK0094
transcription,32,46,0.085791,178.7188,BK0017;BK0045;BK0048;BK0059;BK0079;BK0084;BK0090;BK0096
infection,29,69,0.077748,178.342666,BK0007;BK0015;BK0038;BK0058;BK0125;BK0131;BK0137;BK0138
background,34,35,0.091153,177.121414,BK0003;BK0008;BK0011;BK0032;BK0051;BK0052;BK0060;BK0062
genes,31,49,0.08311,175.845186,BK0020;BK0026;BK0028;BK0058;BK0059;BK0077;BK0121;BK0127
protease,31,49,0.08311,175.845186,BK0009;BK0018;BK0042;BK0044;BK0045;BK0054;BK0058;BK0062
form,33,37,0.088472,174.418273,BK0018;BK0024;BK0048;BK0063;BK0071;BK0081;BK0085;BK0101
many,33,37,0.088472,174.418273,BK0037;BK0043;BK0045;BK0058;BK0059;BK0094;BK0111;BK0120
remains,33,36,0.088472,173.181608,BK0023;BK0031;BK0033;BK0034;BK0050;BK0077;BK0084;BK0086
receptor,31,45,0.08311,172.192254,BK0001;BK0031;BK0034;BK0054;BK0064;BK0077;BK0102;BK0128
contribute,33,34,0.088472,170.607525,BK0008;BK0012;BK0029;BK0031;BK0038;BK0044;BK0050;BK0062
normal,30,48,0.080429,169.315686,BK0017;BK0025;BK0043;BK0063;BK0064;BK0072;BK0079;BK0095
regulates,32,36,0.085791,167.93368,BK0041;BK0045;BK0060;BK0090;BK0092;BK0100;BK0112;BK0118
targeting,31,38,0.08311,164.979771,BK0007;BK0009;BK0013;BK0018;BK0019;BK0029;BK0042;BK0054
specificity,31,37,0.08311,163.847469,BK0026;BK0063;BK0089;BK0093;BK0115;BK0119;BK0125;BK0159
biological,30,42,0.080429,163.782949,BK0002;BK0043;BK0047;BK0068;BK0091;BK0105;BK0124;BK0141
processing,29,47,0.077748,162.826585,BK0016;BK0040;BK0053;BK0055;BK0066;BK0067;BK0071;BK0083
characterized,32,32,0.085791,162.798811,BK0013;BK0068;BK0078;BK0081;BK0083;BK0103;BK0129;BK0145
factors,31,36,0.08311,162.685753,BK0011;BK0014;BK0045;BK0066;BK0078;BK0079;BK0084;BK0096
loss,30,40,0.080429,161.769523,BK0019;BK0022;BK0024;BK0074;BK0092;BK0100;BK0107;BK0110
functions,31,34,0.08311,160.267675,BK0010;BK0027;BK0031;BK0034;BK0064;BK0073;BK0097;BK0098
leading,31,33,0.08311,159.007774,BK0003;BK0011;BK0019;BK0024;BK0029;BK0034;BK0037;BK0038
tumor,28,49,0.075067,158.82791,BK0024;BK0034;BK0059;BK0069;BK0095;BK0132;BK0155;BK0162
conditions,30,36,0.080429,157.437825,BK0013;BK0020;BK0021;BK0023;BK0025;BK0029;BK0043;BK0059
understanding,30,35,0.080429,156.283601,BK0010;BK0011;BK0012;BK0014;BK0016;BK0020;BK0021;BK0031
interactions,29,39,0.077748,155.369008,BK0001;BK0012;BK0017;BK0019;BK0021;BK0031;BK0036;BK0054
genetic,29,38,0.077748,154.335915,BK0011;BK0019;BK0024;BK0045;BK0048;BK0073;BK0076;BK0092
elevated,29,36,0.077748,152.189898,BK0008;BK0020;BK0027;BK0064;BK0070;BK0075;BK0078;BK0084
degradation,27,47,0.072386,151.597166,BK0026;BK0047;BK0048;BK0049;BK0055;BK0069;BK0085;BK0107
type,28,38,0.075067,149.013987,BK0009;BK0014;BK0043;BK0050;BK0072;BK0081;BK0107;BK0123
liquid,29,33,0.077748,148.749207,BK0030;BK0037;BK0038;BK0043;BK0051;BK0070;BK0082;BK0093
targeted,29,33,0.077748,148.749207,BK0011;BK0032;BK0043;BK0044;BK0049;BK0054;BK0077;BK0089
stress,26,50,0.069705,148.211433,BK0008;BK0014;BK0032;BK0047;BK0055;BK0059;BK0065;BK0071
viral,26,50,0.069705,148.211433,BK0001;BK0009;BK0015;BK0040;BK0044;BK0054;BK0066;BK0080
interaction,28,37,0.075067,147.991262,BK0009;BK0010;BK0018;BK0019;BK0024;BK0041;BK0079;BK0085
repair,25,58,0.067024,147.672265,BK0014;BK0026;BK0051;BK0069;BK0090;BK0110;BK0119;BK0130
recognition,27,42,0.072386,147.404654,BK0001;BK0004;BK0017;BK0026;BK0048;BK0054;BK0073;BK0091
family,27,41,0.072386,146.509148,BK0001;BK0004;BK0013;BK0018;BK0033;BK0041;BK0096;BK0126
accumulation,29,31,0.077748,146.287429,BK0008;BK0028;BK0050;BK0052;BK0069;BK0088;BK0092;BK0104
mouse,28,35,0.075067,145.864694,BK0017;BK0061;BK0079;BK0084;BK0104;BK0113;BK0127;BK0133
damage,26,45,0.069705,144.41931,BK0004;BK0036;BK0052;BK0055;BK0069;BK0116;BK0138;BK0142
conclusions,29,29,0.077748,143.671693,BK0003;BK0005;BK0008;BK0011;BK0032;BK0052;BK0062;BK0068
describe,29,29,0.077748,143.671693,BK0025;BK0030;BK0036;BK0046;BK0056;BK0060;BK0075;BK0120
altered,28,33,0.075067,143.619924,BK0011;BK0017;BK0027;BK0043;BK0045;BK0050;BK0058;BK0068
critical,28,33,0.075067,143.619924,BK0001;BK0006;BK0022;BK0026;BK0045;BK0067;BK0090;BK0105
acid,26,44,0.069705,143.612611,BK0001;BK0008;BK0023;BK0043;BK0068;BK0088;BK0091;BK0096
formation,27,36,0.072386,141.694043,BK0013;BK0019;BK0033;BK0042;BK0046;BK0064;BK0072;BK0074
diseases,27,35,0.072386,140.655241,BK0009;BK0013;BK0016;BK0020;BK0023;BK0025;BK0031;BK0055
directly,28,30,0.075067,140.0,BK0009;BK0033;BK0041;BK0081;BK0092;BK0102;BK0103;BK0120
class,24,53,0.064343,138.752633,BK0010;BK0046;BK0087;BK0099;BK0109;BK0125;BK0144;BK0155
selective,27,33,0.072386,138.490641,BK0012;BK0017;BK0042;BK0092;BK0096;BK0102;BK0103;BK0105
site,27,33,0.072386,138.490641,BK0018;BK0042;BK0090;BK0092;BK0104;BK0113;BK0115;BK0146
catalytic,26,37,0.069705,137.420458,BK0004;BK0018;BK0041;BK0073;BK0074;BK0090;BK0115;BK0141
inflammatory,25,42,0.067024,136.48579,BK0009;BK0014;BK0027;BK0050;BK0052;BK0058;BK0061;BK0067
expressed,27,30,0.072386,135.0,BK0025;BK0031;BK0079;BK0083;BK0085;BK0101;BK0121;BK0140
leads,27,30,0.072386,135.0,BK0016;BK0050;BK0064;BK0069;BK0074;BK0087;BK0097;BK0107
evidence,27,29,0.072386,133.7633,BK0011;BK0033;BK0034;BK0040;BK0047;BK0050;BK0062;BK0106
mediated,27,29,0.072386,133.7633,BK0007;BK0026;BK0034;BK0059;BK0069;BK0085;BK0097;BK0146
discovery,26,33,0.069705,133.361358,BK0003;BK0007;BK0031;BK0033;BK0046;BK0051;BK0056;BK0093
molecules,26,33,0.069705,133.361358,BK0010;BK0024;BK0043;BK0099;BK0113;BK0120;BK0179;BK0208
metabolic,24,44,0.064343,132.565487,BK0008;BK0020;BK0044;BK0049;BK0050;BK0059;BK0065;BK0075
impaired,27,28,0.072386,132.486046,BK0005;BK0016;BK0018;BK0042;BK0045;BK0050;BK0059;BK0061
understood,27,27,0.072386,131.165487,BK0005;BK0011;BK0026;BK0029;BK0065;BK0084;BK0095;BK0100
regulator,26,31,0.069705,131.154247,BK0004;BK0028;BK0045;BK0061;BK0062;BK0077;BK0083;BK0095
extracellular,25,35,0.067024,130.236334,BK0011;BK0020;BK0039;BK0043;BK0052;BK0079;BK0082;BK0089
transcriptional,25,35,0.067024,130.236334,BK0011;BK0048;BK0050;BK0077;BK0101;BK0105;BK0121;BK0146
detection,24,41,0.064343,130.230354,BK0037;BK0038;BK0043;BK0063;BK0109;BK0114;BK0130;BK0147
induced,26,30,0.069705,130.0,BK0009;BK0026;BK0049;BK0058;BK0059;BK0072;BK0076;BK0077
chromatography,25,34,0.067024,129.248125,BK0006;BK0008;BK0038;BK0051;BK0082;BK0093;BK0109;BK0120
mutations,23,46,0.061662,128.454138,BK0011;BK0019;BK0022;BK0028;BK0029;BK0036;BK0040;BK0048
distinct,26,28,0.069705,127.579155,BK0005;BK0015;BK0026;BK0039;BK0048;BK0084;BK0119;BK0144
process,26,28,0.069705,127.579155,BK0009;BK0010;BK0028;BK0042;BK0078;BK0090;BK0101;BK0103
conserved,25,32,0.067024,127.186571,BK0019;BK0026;BK0071;BK0096;BK0110;BK0143;BK0157;BK0168
substrate,25,32,0.067024,127.186571,BK0001;BK0002;BK0004;BK0019;BK0022;BK0062;BK0073;BK0118
nuclear,24,37,0.064343,126.849653,BK0016;BK0045;BK0072;BK0090;BK0094;BK0104;BK0132;BK0140
replication,22,52,0.058981,126.607525,BK0024;BK0054;BK0071;BK0090;BK0099;BK0107;BK0146;BK0168
although,26,27,0.069705,126.307506,BK0019;BK0021;BK0084;BK0088;BK0107;BK0111;BK0142;BK0145
regulating,26,27,0.069705,126.307506,BK0002;BK0010;BK0061;BK0062;BK0069;BK0073;BK0074;BK0077
dependent,25,31,0.067024,126.109853,BK0072;BK0085;BK0142;BK0143;BK0148;BK0208;BK0209;BK0223
phosphorylation,22,51,0.058981,126.01425,BK0036;BK0061;BK0097;BK0129;BK0142;BK0146;BK0168;BK0182
production,24,36,0.064343,125.95026,BK0009;BK0021;BK0030;BK0040;BK0078;BK0086;BK0098;BK0102
combined,25,30,0.067024,125.0,BK0003;BK0015;BK0016;BK0030;BK0031;BK0032;BK0055;BK0068
regulatory,25,29,0.067024,123.854908,BK0004;BK0010;BK0017;BK0085;BK0094;BK0095;BK0104;BK0126
sensitivity,24,32,0.064343,122.099108,BK0017;BK0037;BK0046;BK0057;BK0063;BK0065;BK0093;BK0106
models,25,27,0.067024,121.449525,BK0003;BK0016;BK0017;BK0027;BK0046;BK0055;BK0062;BK0078
complexes,24,31,0.064343,121.065459,BK0006;BK0019;BK0030;BK0048;BK0053;BK0074;BK0084;BK0087
biomarkers,22,43,0.058981,120.820768,BK0014;BK0027;BK0051;BK0068;BK0082;BK0093;BK0113;BK0122
biomarker,23,36,0.061662,120.702333,BK0003;BK0020;BK0027;BK0037;BK0051;BK0057;BK0068;BK0092
cycle,23,36,0.061662,120.702333,BK0001;BK0004;BK0019;BK0026;BK0081;BK0107;BK0112;BK0118
plasma,20,62,0.053619,120.0,BK0003;BK0014;BK0017;BK0051;BK0083;BK0088;BK0137;BK0138
ligase,23,35,0.061662,119.817427,BK0004;BK0007;BK0012;BK0026;BK0029;BK0033;BK0041;BK0048
modifications,23,35,0.061662,119.817427,BK0002;BK0054;BK0067;BK0084;BK0086;BK0121;BK0157;BK0169
sequence,23,35,0.061662,119.817427,BK0010;BK0099;BK0111;BK0114;BK0157;BK0159;BK0167;BK0181
signalling,23,34,0.061662,118.908275,BK0004;BK0006;BK0011;BK0017;BK0029;BK0032;BK0043;BK0048
presence,24,28,0.064343,117.765374,BK0011;BK0027;BK0029;BK0034;BK0048;BK0059;BK0063;BK0064
similar,24,28,0.064343,117.765374,BK0047;BK0054;BK0055;BK0061;BK0128;BK0139;BK0158;BK0173
upon,24,28,0.064343,117.765374,BK0006;BK0007;BK0009;BK0032;BK0055;BK0064;BK0069;BK0073
decreased,24,27,0.064343,116.591544,BK0015;BK0016;BK0036;BK0040;BK0068;BK0075;BK0104;BK0123
survival,22,36,0.058981,115.454405,BK0004;BK0012;BK0026;BK0027;BK0076;BK0077;BK0113;BK0122
direct,24,26,0.064343,115.376518,BK0031;BK0077;BK0089;BK0111;BK0130;BK0161;BK0169;BK0185
cases,22,34,0.058981,113.73835,BK0003;BK0020;BK0048;BK0057;BK0063;BK0068;BK0076;BK0080
rna,22,32,0.058981,111.924183,BK0009;BK0011;BK0016;BK0020;BK0033;BK0045;BK0057;BK0068
common,23,27,0.061662,111.733563,BK0015;BK0020;BK0027;BK0048;BK0057;BK0078;BK0093;BK0113
enhanced,23,27,0.061662,111.733563,BK0015;BK0034;BK0040;BK0046;BK0075;BK0094;BK0098;BK0100
large,23,27,0.061662,111.733563,BK0021;BK0064;BK0106;BK0112;BK0129;BK0131;BK0168;BK0172
membrane,21,37,0.0563,110.993447,BK0001;BK0017;BK0020;BK0060;BK0065;BK0068;BK0085;BK0092
components,22,31,0.058981,110.976671,BK0012;BK0086;BK0089;BK0092;BK0097;BK0141;BK0166;BK0172
central,23,26,0.061662,110.569163,BK0022;BK0025;BK0057;BK0069;BK0080;BK0093;BK0100;BK0106
mitochondrial,19,54,0.050938,110.339744,BK0007;BK0018;BK0020;BK0042;BK0075;BK0092;BK0097;BK0112
mice,21,36,0.0563,110.206478,BK0017;BK0028;BK0079;BK0119;BK0134;BK0137;BK0160;BK0165
alterations,22,29,0.058981,108.992319,BK0005;BK0011;BK0020;BK0029;BK0043;BK0048;BK0049;BK0068
time,22,29,0.058981,108.992319,BK0008;BK0015;BK0056;BK0065;BK0122;BK0159;BK0164;BK0176
healthy,21,34,0.0563,108.568425,BK0013;BK0014;BK0027;BK0068;BK0113;BK0122;BK0131;BK0136
endogenous,23,24,0.061662,108.110114,BK0016;BK0018;BK0031;BK0056;BK0061;BK0090;BK0096;BK0103
plays,23,24,0.061662,108.110114,BK0009;BK0023;BK0064;BK0094;BK0097;BK0104;BK0134;BK0167
independent,22,28,0.058981,107.951593,BK0014;BK0015;BK0038;BK0045;BK0093;BK0106;BK0108;BK0124
intracellular,22,28,0.058981,107.951593,BK0001;BK0043;BK0057;BK0082;BK0109;BK0125;BK0141;BK0145
selectivity,22,28,0.058981,107.951593,BK0018;BK0025;BK0035;BK0042;BK0046;BK0056;BK0076;BK0092
dubs,20,40,0.053619,107.846348,BK0009;BK0028;BK0033;BK0035;BK0045;BK0046;BK0055;BK0056
performed,22,27,0.058981,106.875582,BK0005;BK0008;BK0038;BK0045;BK0050;BK0061;BK0068;BK0082
abundance,21,32,0.0563,106.83672,BK0020;BK0027;BK0039;BK0070;BK0074;BK0085;BK0100;BK0106
regulate,23,23,0.061662,106.808692,BK0009;BK0017;BK0041;BK0044;BK0084;BK0085;BK0092;BK0095
detected,22,26,0.058981,105.761808,BK0031;BK0047;BK0052;BK0089;BK0103;BK0111;BK0125;BK0150
structure,21,30,0.0563,105.0,BK0001;BK0006;BK0013;BK0017;BK0025;BK0039;BK0084;BK0102
virus,20,36,0.053619,104.95855,BK0001;BK0009;BK0015;BK0038;BK0054;BK0093;BK0125;BK0168
tandem,22,25,0.058981,104.607525,BK0038;BK0051;BK0088;BK0093;BK0122;BK0125;BK0132;BK0149
increase,22,24,0.058981,103.409674,BK0020;BK0046;BK0055;BK0105;BK0106;BK0108;BK0133;BK0148
fluid,19,41,0.050938,103.09903,BK0021;BK0027;BK0038;BK0064;BK0081;BK0082;BK0086;BK0093
lysine,20,33,0.053619,102.58566,BK0001;BK0091;BK0096;BK0105;BK0108;BK0143;BK0153;BK0156
probes,19,40,0.050938,102.454031,BK0035;BK0046;BK0055;BK0056;BK0103;BK0234;BK0235;BK0256
derived,21,27,0.0563,102.017601,BK0039;BK0053;BK0062;BK0081;BK0088;BK0108;BK0123;BK0155
chains,19,39,0.050938,101.793488,BK0002;BK0073;BK0091;BK0115;BK0147;BK0177;BK0179;BK0187
biochemical,22,22,0.058981,100.869175,BK0001;BK0012;BK0018;BK0042;BK0100;BK0103;BK0113;BK0143
due,22,22,0.058981,100.869175,BK0010;BK0013;BK0016;BK0021;BK0024;BK0040;BK0050;BK0109
implicated,22,22,0.058981,100.869175,BK0017;BK0028;BK0031;BK0051;BK0058;BK0076;BK0116;BK0122
poorly,22,22,0.058981,100.869175,BK0005;BK0011;BK0026;BK0029;BK0065;BK0084;BK0085;BK0095
kidney,17,57,0.045576,100.004932,BK0008;BK0014;BK0032;BK0047;BK0049;BK0052;BK0070;BK0075
cysteine,20,30,0.053619,100.0,BK0018;BK0073;BK0103;BK0105;BK0133;BK0141;BK0207;BK0216
progression,20,30,0.053619,100.0,BK0004;BK0019;BK0027;BK0051;BK0107;BK0122;BK0123;BK0124
tissues,20,30,0.053619,100.0,BK0011;BK0052;BK0055;BK0082;BK0095;BK0098;BK0132;BK0171
context,21,25,0.0563,99.852638,BK0006;BK0039;BK0043;BK0045;BK0053;BK0056;BK0062;BK0066
absence,21,24,0.0563,98.709234,BK0024;BK0026;BK0045;BK0064;BK0072;BK0074;BK0095;BK0170
profiles,21,24,0.0563,98.709234,BK0005;BK0015;BK0020;BK0039;BK0045;BK0047;BK0049;BK0052
apoptosis,19,34,0.050938,98.228575,BK0019;BK0041;BK0065;BK0116;BK0158;BK0203;BK0232;BK0233
linked,21,23,0.0563,97.52098,BK0017;BK0028;BK0059;BK0085;BK0102;BK0115;BK0117;BK0120
primary,20,27,0.053619,97.15962,BK0015;BK0031;BK0048;BK0063;BK0079;BK0111;BK0113;BK0122
death,19,32,0.050938,96.661794,BK0019;BK0024;BK0041;BK0047;BK0049;BK0070;BK0075;BK0111
thereby,21,22,0.0563,96.284213,BK0007;BK0018;BK0022;BK0029;BK0042;BK0061;BK0065;BK0069
dub,19,31,0.050938,95.843488,BK0009;BK0018;BK0028;BK0035;BK0055;BK0056;BK0073;BK0077
differences,20,25,0.053619,95.09775,BK0049;BK0075;BK0099;BK0116;BK0119;BK0163;BK0183;BK0215
reported,20,25,0.053619,95.09775,BK0009;BK0010;BK0022;BK0031;BK0087;BK0098;BK0111;BK0114
indicating,21,21,0.0563,94.994801,BK0048;BK0049;BK0086;BK0098;BK0103;BK0110;BK0111;BK0116
remain,21,21,0.0563,94.994801,BK0005;BK0011;BK0017;BK0026;BK0034;BK0044;BK0048;BK0073
unclear,21,21,0.0563,94.994801,BK0017;BK0034;BK0059;BK0061;BK0071;BK0073;BK0079;BK0086
amino,18,36,0.048257,94.462695,BK0001;BK0002;BK0008;BK0023;BK0088;BK0091;BK0096;BK0134
combination,20,24,0.053619,94.008794,BK0001;BK0002;BK0022;BK0046;BK0065;BK0091;BK0093;BK0152
patient,20,24,0.053619,94.008794,BK0014;BK0038;BK0050;BK0077;BK0081;BK0107;BK0113;BK0124
histone,18,35,0.048257,93.770161,BK0059;BK0084;BK0105;BK0110;BK0121;BK0156;BK0158;BK0162
inflammation,19,28,0.050938,93.230921,BK0005;BK0014;BK0028;BK0030;BK0032;BK0043;BK0050;BK0061
proteases,18,34,0.048257,93.05865,BK0044;BK0179;BK0211;BK0213;BK0256;BK0323;BK0338;BK0345
drug,20,23,0.053619,92.877124,BK0012;BK0022;BK0028;BK0032;BK0046;BK0056;BK0067;BK0077
mutant,18,33,0.048257,92.327094,BK0036;BK0048;BK0058;BK0064;BK0079;BK0129;BK0135;BK0168
structural,19,27,0.050938,92.301639,BK0001;BK0005;BK0006;BK0012;BK0013;BK0018;BK0022;BK0041
potentially,20,22,0.053619,91.69925,BK0011;BK0021;BK0052;BK0082;BK0084;BK0125;BK0128;BK0131
strategies,20,22,0.053619,91.69925,BK0002;BK0014;BK0021;BK0029;BK0034;BK0057;BK0070;BK0106
unknown,20,22,0.053619,91.69925,BK0031;BK0036;BK0041;BK0084;BK0101;BK0102;BK0106;BK0126
blood,18,32,0.048257,91.574331,BK0003;BK0039;BK0050;BK0120;BK0124;BK0155;BK0164;BK0171
pathological,19,26,0.050938,91.339744,BK0005;BK0013;BK0016;BK0020;BK0043;BK0057;BK0059;BK0063
mutation,18,31,0.048257,90.799094,BK0016;BK0036;BK0040;BK0048;BK0073;BK0079;BK0135;BK0143
cause,20,21,0.053619,90.471239,BK0003;BK0015;BK0037;BK0038;BK0083;BK0093;BK0104;BK0136
chemical,20,21,0.053619,90.471239,BK0046;BK0074;BK0091;BK0092;BK0109;BK0153;BK0156;BK0171
subset,20,21,0.053619,90.471239,BK0012;BK0021;BK0044;BK0068;BK0084;BK0092;BK0149;BK0167
modified,19,25,0.050938,90.342863,BK0002;BK0062;BK0111;BK0187;BK0201;BK0204;BK0208;BK0264
consistent,20,20,0.053619,89.188632,BK0045;BK0046;BK0078;BK0106;BK0111;BK0114;BK0116;BK0120
implications,20,20,0.053619,89.188632,BK0010;BK0024;BK0026;BK0029;BK0032;BK0033;BK0053;BK0068
unique,18,29,0.048257,89.175534,BK0055;BK0057;BK0060;BK0098;BK0135;BK0143;BK0159;BK0163
kinase,17,35,0.045576,88.560707,BK0060;BK0061;BK0094;BK0107;BK0146;BK0191;BK0195;BK0198
broad,19,23,0.050938,88.233268,BK0004;BK0010;BK0026;BK0072;BK0080;BK0085;BK0086;BK0093
deubiquitylating,18,27,0.048257,87.443658,BK0009;BK0042;BK0046;BK0056;BK0058;BK0062;BK0103;BK0118
events,19,22,0.050938,87.114288,BK0015;BK0043;BK0047;BK0054;BK0055;BK0092;BK0099;BK0110
pathogenesis,19,22,0.050938,87.114288,BK0011;BK0020;BK0048;BK0057;BK0068;BK0078;BK0079;BK0082
deubiquitinating,18,26,0.048257,86.532389,BK0018;BK0025;BK0028;BK0045;BK0087;BK0103;BK0147;BK0211
future,19,21,0.050938,85.947677,BK0004;BK0025;BK0031;BK0040;BK0047;BK0051;BK0054;BK0080
covalent,18,25,0.048257,85.587975,BK0002;BK0018;BK0025;BK0042;BK0087;BK0090;BK0091;BK0105
causes,19,20,0.050938,84.729201,BK0034;BK0050;BK0055;BK0069;BK0093;BK0110;BK0119;BK0131
rapid,19,20,0.050938,84.729201,BK0006;BK0010;BK0038;BK0055;BK0100;BK0114;BK0120;BK0154
resulting,19,20,0.050938,84.729201,BK0019;BK0045;BK0064;BK0087;BK0113;BK0118;BK0153;BK0158
labeling,18,24,0.048257,84.607915,BK0030;BK0038;BK0103;BK0106;BK0147;BK0243;BK0286;BK0316
chromatin,17,29,0.045576,84.221337,BK0048;BK0059;BK0069;BK0084;BK0119;BK0121;BK0130;BK0142
activities,18,23,0.048257,83.589411,BK0058;BK0071;BK0084;BK0085;BK0119;BK0144;BK0220;BK0231
controlling,18,23,0.048257,83.589411,BK0026;BK0028;BK0030;BK0067;BK0091;BK0100;BK0107;BK0131
stability,18,23,0.048257,83.589411,BK0046;BK0074;BK0083;BK0110;BK0165;BK0178;BK0184;BK0252
conclusion,19,19,0.050938,83.454031,BK0034;BK0049;BK0051;BK0063;BK0081;BK0100;BK0113;BK0128
increases,19,19,0.050938,83.454031,BK0009;BK0014;BK0021;BK0056;BK0069;BK0084;BK0098;BK0103
indicate,19,19,0.050938,83.454031,BK0043;BK0058;BK0088;BK0111;BK0137;BK0138;BK0169;BK0185
ubiquitylation,16,35,0.042895,83.351254,BK0007;BK0033;BK0048;BK0054;BK0074;BK0092;BK0107;BK0108
matrix,17,27,0.045576,82.585677,BK0011;BK0035;BK0039;BK0052;BK0113;BK0123;BK0149;BK0150
early,18,22,0.048257,82.529325,BK0021;BK0056;BK0070;BK0110;BK0170;BK0172;BK0178;BK0204
less,18,22,0.048257,82.529325,BK0036;BK0065;BK0076;BK0152;BK0154;BK0163;BK0164;BK0205
genome,18,21,0.048257,81.424115,BK0090;BK0099;BK0110;BK0130;BK0146;BK0163;BK0184;BK0212
total,18,21,0.048257,81.424115,BK0055;BK0080;BK0081;BK0129;BK0132;BK0154;BK0159;BK0171
types,18,21,0.048257,81.424115,BK0002;BK0031;BK0033;BK0035;BK0037;BK0050;BK0098;BK0131
correlated,17,25,0.045576,80.833088,BK0008;BK0027;BK0080;BK0122;BK0138;BK0151;BK0177;BK0197
hydroxylation,13,72,0.034853,80.722894,BK0143;BK0223;BK0225;BK0226;BK0245;BK0264;BK0273;BK0277
basis,18,20,0.048257,80.269769,BK0017;BK0018;BK0041;BK0048;BK0050;BK0063;BK0108;BK0153
particular,18,20,0.048257,80.269769,BK0043;BK0046;BK0052;BK0056;BK0065;BK0070;BK0078;BK0141
range,18,20,0.048257,80.269769,BK0031;BK0060;BK0072;BK0076;BK0087;BK0096;BK0136;BK0155
regions,18,20,0.048257,80.269769,BK0018;BK0040;BK0053;BK0080;BK0083;BK0131;BK0143;BK0144
assays,18,19,0.048257,79.061714,BK0012;BK0017;BK0018;BK0022;BK0025;BK0073;BK0080;BK0105
patterns,18,19,0.048257,79.061714,BK0005;BK0010;BK0039;BK0075;BK0086;BK0139;BK0158;BK0186
individual,17,23,0.045576,78.945555,BK0084;BK0099;BK0111;BK0122;BK0166;BK0189;BK0217;BK0239
serum,16,28,0.042895,78.51025,BK0050;BK0128;BK0129;BK0166;BK0171;BK0220;BK0236;BK0241
ubiquitination,16,28,0.042895,78.51025,BK0002;BK0012;BK0026;BK0055;BK0091;BK0158;BK0165;BK0177
epitope,15,35,0.040214,78.1418,BK0040;BK0066;BK0125;BK0151;BK0155;BK0181;BK0204;BK0215
age,17,22,0.045576,77.944363,BK0011;BK0020;BK0023;BK0027;BK0078;BK0086;BK0111;BK0129
generation,17,22,0.045576,77.944363,BK0030;BK0066;BK0092;BK0135;BK0148;BK0197;BK0207;BK0222
set,17,22,0.045576,77.944363,BK0006;BK0037;BK0055;BK0068;BK0078;BK0103;BK0120;BK0131
subunits,17,22,0.045576,77.944363,BK0004;BK0067;BK0074;BK0112;BK0121;BK0141;BK0142;BK0190
despite,18,18,0.048257,77.794706,BK0003;BK0011;BK0043;BK0059;BK0111;BK0112;BK0116;BK0118
arginine,14,45,0.037534,77.764244,BK0001;BK0059;BK0065;BK0123;BK0151;BK0169;BK0174;BK0175
experiments,17,21,0.045576,76.900553,BK0103;BK0108;BK0128;BK0151;BK0178;BK0213;BK0222;BK0231
surface,17,21,0.045576,76.900553,BK0010;BK0053;BK0110;BK0115;BK0120;BK0128;BK0144;BK0155
developed,17,20,0.045576,75.810338,BK0005;BK0008;BK0016;BK0019;BK0032;BK0036;BK0074;BK0076
enrichment,16,24,0.042895,75.207035,BK0020;BK0030;BK0055;BK0063;BK0068;BK0079;BK0082;BK0100
recruitment,16,24,0.042895,75.207035,BK0024;BK0048;BK0071;BK0072;BK0096;BK0110;BK0121;BK0127
containing,17,19,0.045576,74.669396,BK0018;BK0020;BK0048;BK0063;BK0080;BK0085;BK0121;BK0169
molecule,17,19,0.045576,74.669396,BK0002;BK0010;BK0024;BK0025;BK0046;BK0056;BK0076;BK0101
represents,17,19,0.045576,74.669396,BK0012;BK0077;BK0085;BK0092;BK0106;BK0125;BK0132;BK0155
validated,17,19,0.045576,74.669396,BK0012;BK0073;BK0077;BK0093;BK0124;BK0134;BK0137;BK0138
association,16,23,0.042895,74.301699,BK0017;BK0023;BK0029;BK0115;BK0122;BK0151;BK0162;BK0175
cleavage,16,23,0.042895,74.301699,BK0042;BK0064;BK0073;BK0090;BK0141;BK0213;BK0242;BK0285
acute,15,28,0.040214,73.603359,BK0014;BK0080;BK0088;BK0131;BK0136;BK0149;BK0200;BK0230
mammalian,15,28,0.040214,73.603359,BK0064;BK0073;BK0117;BK0127;BK0199;BK0213;BK0262;BK0300
design,17,18,0.045576,73.472778,BK0021;BK0030;BK0040;BK0042;BK0053;BK0080;BK0081;BK0105
diverse,17,18,0.045576,73.472778,BK0015;BK0087;BK0098;BK0120;BK0162;BK0170;BK0175;BK0187
homeostasis,17,18,0.045576,73.472778,BK0005;BK0008;BK0028;BK0082;BK0085;BK0115;BK0117;BK0126
improved,17,18,0.045576,73.472778,BK0018;BK0025;BK0027;BK0032;BK0034;BK0037;BK0046;BK0048
induction,17,18,0.045576,73.472778,BK0055;BK0065;BK0094;BK0097;BK0142;BK0148;BK0165;BK0176
proliferation,16,22,0.042895,73.3594,BK0077;BK0100;BK0162;BK0164;BK0175;BK0179;BK0192;BK0196
versus,16,22,0.042895,73.3594,BK0020;BK0027;BK0058;BK0070;BK0095;BK0104;BK0114;BK0156
number,16,21,0.042895,72.376991,BK0046;BK0067;BK0131;BK0137;BK0138;BK0159;BK0179;BK0195
outcomes,16,21,0.042895,72.376991,BK0014;BK0023;BK0034;BK0047;BK0069;BK0070;BK0088;BK0116
proteolysis,16,21,0.042895,72.376991,BK0090;BK0107;BK0126;BK0146;BK0159;BK0186;BK0192;BK0242
highlight,17,17,0.045576,72.214768,BK0009;BK0013;BK0014;BK0018;BK0028;BK0054;BK0059;BK0126
strategy,17,17,0.045576,72.214768,BK0025;BK0032;BK0042;BK0052;BK0059;BK0131;BK0157;BK0187
confirmed,16,20,0.042895,71.350906,BK0016;BK0020;BK0038;BK0042;BK0063;BK0100;BK0105;BK0151
depletion,16,20,0.042895,71.350906,BK0004;BK0009;BK0044;BK0045;BK0059;BK0073;BK0097;BK0126
host,16,20,0.042895,71.350906,BK0001;BK0014;BK0038;BK0044;BK0054;BK0058;BK0163;BK0168
phenotype,16,20,0.042895,71.350906,BK0034;BK0036;BK0050;BK0058;BK0079;BK0080;BK0112;BK0135
injury,14,31,0.037534,70.621518,BK0028;BK0032;BK0047;BK0049;BK0052;BK0055;BK0075;BK0116
candidate,16,19,0.042895,70.277079,BK0014;BK0073;BK0093;BK0114;BK0125;BK0138;BK0164;BK0186
bind,16,18,0.042895,69.15085,BK0019;BK0102;BK0103;BK0128;BK0144;BK0155;BK0178;BK0188
generated,16,18,0.042895,69.15085,BK0036;BK0047;BK0072;BK0128;BK0129;BK0134;BK0135;BK0140
greater,16,18,0.042895,69.15085,BK0005;BK0006;BK0020;BK0021;BK0104;BK0106;BK0123;BK0145
interacts,16,18,0.042895,69.15085,BK0024;BK0069;BK0071;BK0074;BK0110;BK0126;BK0134;BK0142
lacking,16,18,0.042895,69.15085,BK0017;BK0021;BK0028;BK0092;BK0107;BK0111;BK0119;BK0160
order,16,18,0.042895,69.15085,BK0056;BK0068;BK0073;BK0118;BK0131;BK0137;BK0226;BK0228
posttranslational,16,18,0.042895,69.15085,BK0002;BK0026;BK0073;BK0086;BK0141;BK0152;BK0158;BK0187
severe,15,22,0.040214,68.774438,BK0065;BK0080;BK0135;BK0137;BK0138;BK0195;BK0219;BK0230
brain,14,28,0.037534,68.696468,BK0013;BK0020;BK0039;BK0047;BK0048;BK0052;BK0063;BK0070
muscle,12,50,0.032172,68.405277,BK0005;BK0016;BK0028;BK0045;BK0052;BK0083;BK0088;BK0104
probe,14,27,0.037534,68.011734,BK0012;BK0022;BK0096;BK0103;BK0147;BK0258;BK0270;BK0324
available,16,17,0.042895,67.96684,BK0020;BK0077;BK0093;BK0099;BK0128;BK0132;BK0154;BK0159
led,16,17,0.042895,67.96684,BK0003;BK0008;BK0016;BK0049;BK0100;BK0148;BK0149;BK0160
support,16,17,0.042895,67.96684,BK0014;BK0016;BK0019;BK0080;BK0086;BK0092;BK0098;BK0122
work,16,17,0.042895,67.96684,BK0051;BK0106;BK0108;BK0111;BK0169;BK0178;BK0183;BK0222
enriched,15,21,0.040214,67.853429,BK0005;BK0016;BK0017;BK0020;BK0027;BK0068;BK0079;BK0102
single,15,20,0.040214,66.891474,BK0006;BK0073;BK0099;BK0101;BK0102;BK0120;BK0125;BK0140
component,16,16,0.042895,66.7188,BK0069;BK0089;BK0092;BK0106;BK0113;BK0123;BK0131;BK0171
define,16,16,0.042895,66.7188,BK0003;BK0004;BK0039;BK0057;BK0097;BK0115;BK0131;BK0143
insights,16,16,0.042895,66.7188,BK0008;BK0011;BK0021;BK0024;BK0029;BK0042;BK0057;BK0070
propose,16,16,0.042895,66.7188,BK0011;BK0089;BK0100;BK0120;BK0132;BK0164;BK0184;BK0224
review,16,16,0.042895,66.7188,BK0013;BK0028;BK0054;BK0067;BK0091;BK0169;BK0174;BK0179
presentation,14,25,0.037534,66.568425,BK0053;BK0058;BK0062;BK0097;BK0176;BK0204;BK0215;BK0218
outcome,14,23,0.037534,65.013987,BK0015;BK0023;BK0038;BK0070;BK0081;BK0093;BK0116;BK0138
phase,14,23,0.037534,65.013987,BK0014;BK0057;BK0081;BK0088;BK0107;BK0110;BK0136;BK0146
promote,15,18,0.040214,64.828921,BK0024;BK0048;BK0094;BK0119;BK0142;BK0146;BK0170;BK0183
acids,14,22,0.037534,64.189475,BK0001;BK0002;BK0008;BK0033;BK0043;BK0094;BK0166;BK0174
syndrome,14,22,0.037534,64.189475,BK0024;BK0050;BK0068;BK0071;BK0080;BK0122;BK0128;BK0129
defined,15,17,0.040214,63.718913,BK0080;BK0085;BK0102;BK0149;BK0172;BK0176;BK0186;BK0190
efficient,15,17,0.040214,63.718913,BK0040;BK0072;BK0090;BK0147;BK0157;BK0178;BK0204;BK0226
forms,15,17,0.040214,63.718913,BK0042;BK0048;BK0107;BK0110;BK0144;BK0168;BK0191;BK0201
induce,15,17,0.040214,63.718913,BK0058;BK0059;BK0087;BK0102;BK0105;BK0116;BK0131;BK0151
line,15,17,0.040214,63.718913,BK0030;BK0042;BK0062;BK0063;BK0092;BK0095;BK0125;BK0159
relevant,15,17,0.040214,63.718913,BK0027;BK0031;BK0056;BK0109;BK0124;BK0153;BK0175;BK0177
specifically,15,17,0.040214,63.718913,BK0020;BK0079;BK0115;BK0126;BK0175;BK0180;BK0224;BK0256
cancers,14,21,0.037534,63.329867,BK0019;BK0025;BK0037;BK0059;BK0065;BK0077;BK0113;BK0155
suppressor,14,21,0.037534,63.329867,BK0007;BK0024;BK0155;BK0162;BK0165;BK0192;BK0261;BK0280
analyzed,15,16,0.040214,62.548875,BK0023;BK0063;BK0095;BK0114;BK0116;BK0132;BK0139;BK0140
expressing,15,16,0.040214,62.548875,BK0005;BK0064;BK0079;BK0101;BK0104;BK0129;BK0208;BK0211
largely,15,16,0.040214,62.548875,BK0014;BK0048;BK0084;BK0123;BK0131;BK0137;BK0177;BK0184
moreover,15,16,0.040214,62.548875,BK0008;BK0026;BK0044;BK0083;BK0086;BK0096;BK0100;BK0148
often,15,16,0.040214,62.548875,BK0016;BK0021;BK0028;BK0062;BK0084;BK0091;BK0114;BK0135
species,15,16,0.040214,62.548875,BK0013;BK0064;BK0078;BK0097;BK0109;BK0141;BK0148;BK0172
assembly,14,20,0.037534,62.432043,BK0004;BK0019;BK0052;BK0053;BK0064;BK0115;BK0147;BK0194
isolated,14,20,0.037534,62.432043,BK0081;BK0113;BK0120;BK0210;BK0214;BK0235;BK0254;BK0260
proteolytic,13,25,0.034853,61.813538,BK0047;BK0049;BK0064;BK0186;BK0242;BK0285;BK0298;BK0323
composition,14,19,0.037534,61.492444,BK0005;BK0020;BK0021;BK0086;BK0098;BK0102;BK0129;BK0149
disorders,14,19,0.037534,61.492444,BK0013;BK0017;BK0018;BK0028;BK0042;BK0090;BK0103;BK0120
synthesis,14,19,0.037534,61.492444,BK0063;BK0094;BK0105;BK0148;BK0201;BK0208;BK0227;BK0263
ability,15,15,0.040214,61.311943,BK0013;BK0071;BK0117;BK0162;BK0184;BK0218;BK0228;BK0232
contributes,15,15,0.040214,61.311943,BK0032;BK0047;BK0058;BK0064;BK0086;BK0115;BK0136;BK0165
established,15,15,0.040214,61.311943,BK0031;BK0037;BK0046;BK0047;BK0073;BK0076;BK0096;BK0108
play,15,15,0.040214,61.311943,BK0015;BK0070;BK0084;BK0105;BK0114;BK0135;BK0138;BK0220
yet,15,15,0.040214,61.311943,BK0045;BK0066;BK0073;BK0110;BK0119;BK0127;BK0138;BK0156
cohort,13,24,0.034853,61.105716,BK0003;BK0014;BK0023;BK0037;BK0077;BK0093;BK0116;BK0122
kidneys,12,32,0.032172,61.049554,BK0008;BK0032;BK0047;BK0049;BK0052;BK0070;BK0075;BK0116
hif,11,44,0.029491,60.759182,BK0268;BK0273;BK0277;BK0279;BK0286;BK0287;BK0288;BK0315
applied,14,18,0.037534,60.506993,BK0046;BK0051;BK0093;BK0109;BK0114;BK0124;BK0129;BK0174
residue,14,18,0.037534,60.506993,BK0073;BK0096;BK0141;BK0143;BK0223;BK0225;BK0273;BK0278
methylation,11,42,0.029491,60.053748,BK0059;BK0084;BK0169;BK0180;BK0201;BK0205;BK0233;BK0252
tcr,11,42,0.029491,60.053748,BK0007;BK0015;BK0034;BK0102;BK0155;BK0341;BK0366;BK0367
compounds,13,22,0.034853,59.604513,BK0056;BK0087;BK0105;BK0109;BK0156;BK0165;BK0166;BK0227
binds,14,17,0.037534,59.470985,BK0018;BK0042;BK0064;BK0144;BK0193;BK0194;BK0224;BK0228
characterization,14,17,0.037534,59.470985,BK0006;BK0030;BK0031;BK0042;BK0058;BK0081;BK0105;BK0113
chronic,14,17,0.037534,59.470985,BK0007;BK0017;BK0043;BK0062;BK0078;BK0111;BK0120;BK0136
features,14,17,0.037534,59.470985,BK0003;BK0008;BK0039;BK0042;BK0060;BK0083;BK0111;BK0128
sequences,14,17,0.037534,59.470985,BK0099;BK0111;BK0131;BK0176;BK0185;BK0188;BK0199;BK0204
workflow,14,17,0.037534,59.470985,BK0005;BK0031;BK0039;BK0043;BK0046;BK0051;BK0056;BK0085
epitopes,12,29,0.032172,59.450356,BK0040;BK0053;BK0066;BK0080;BK0125;BK0131;BK0181;BK0215
cytotoxic,13,21,0.034853,58.806305,BK0015;BK0062;BK0089;BK0090;BK0176;BK0204;BK0218;BK0289
individuals,13,21,0.034853,58.806305,BK0014;BK0021;BK0037;BK0080;BK0108;BK0111;BK0131;BK0198
performance,13,21,0.034853,58.806305,BK0037;BK0086;BK0093;BK0106;BK0124;BK0132;BK0239;BK0241
signature,13,21,0.034853,58.806305,BK0003;BK0037;BK0038;BK0055;BK0061;BK0068;BK0137;BK0138
systemic,13,21,0.034853,58.806305,BK0047;BK0051;BK0086;BK0088;BK0116;BK0148;BK0149;BK0171
tumour,13,21,0.034853,58.806305,BK0039;BK0048;BK0062;BK0119;BK0126;BK0165;BK0200;BK0229
differential,14,16,0.037534,58.37895,BK0011;BK0055;BK0059;BK0068;BK0085;BK0086;BK0124;BK0215
importance,14,16,0.037534,58.37895,BK0020;BK0036;BK0042;BK0084;BK0113;BK0125;BK0138;BK0156
murine,14,16,0.037534,58.37895,BK0001;BK0055;BK0076;BK0112;BK0113;BK0123;BK0148;BK0175
screen,14,16,0.037534,58.37895,BK0025;BK0026;BK0045;BK0077;BK0107;BK0170;BK0196;BK0199
therapy,14,16,0.037534,58.37895,BK0065;BK0090;BK0095;BK0122;BK0132;BK0148;BK0164;BK0172
cytoplasmic,13,20,0.034853,57.972611,BK0010;BK0016;BK0020;BK0044;BK0063;BK0085;BK0160;BK0209
differentiation,13,20,0.034853,57.972611,BK0045;BK0072;BK0077;BK0083;BK0167;BK0231;BK0240;BK0246
proteasomal,13,20,0.034853,57.972611,BK0040;BK0045;BK0104;BK0126;BK0193;BK0215;BK0265;BK0272
turnover,13,20,0.034853,57.972611,BK0002;BK0028;BK0029;BK0042;BK0072;BK0091;BK0174;BK0177
downstream,14,15,0.037534,57.22448,BK0034;BK0106;BK0119;BK0129;BK0133;BK0141;BK0142;BK0167
phosphorylated,14,15,0.037534,57.22448,BK0057;BK0110;BK0122;BK0168;BK0178;BK0182;BK0187;BK0212
responsible,14,15,0.037534,57.22448,BK0115;BK0119;BK0135;BK0168;BK0178;BK0202;BK0215;BK0232
resulted,14,15,0.037534,57.22448,BK0052;BK0076;BK0093;BK0094;BK0142;BK0149;BK0158;BK0160
subsequent,14,15,0.037534,57.22448,BK0015;BK0025;BK0053;BK0063;BK0074;BK0090;BK0159;BK0269
complement,13,19,0.034853,57.100126,BK0049;BK0068;BK0070;BK0136;BK0186;BK0241;BK0260;BK0263
immunity,13,18,0.034853,56.185065,BK0007;BK0022;BK0034;BK0050;BK0062;BK0072;BK0080;BK0101
manner,14,14,0.037534,56.0,BK0012;BK0194;BK0208;BK0209;BK0223;BK0224;BK0225;BK0228
need,14,14,0.037534,56.0,BK0039;BK0100;BK0113;BK0132;BK0148;BK0172;BK0179;BK0197
objective,14,14,0.037534,56.0,BK0051;BK0057;BK0081;BK0122;BK0128;BK0129;BK0139;BK0151
occurs,14,14,0.037534,56.0,BK0002;BK0146;BK0200;BK0216;BK0232;BK0245;BK0250;BK0264
possible,14,14,0.037534,56.0,BK0114;BK0149;BK0161;BK0196;BK0236;BK0240;BK0242;BK0254
purified,14,14,0.037534,56.0,BK0058;BK0176;BK0265;BK0269;BK0273;BK0282;BK0304;BK0311
since,14,14,0.037534,56.0,BK0096;BK0103;BK0129;BK0164;BK0168;BK0173;BK0215;BK0289
subunit,14,14,0.037534,56.0,BK0115;BK0131;BK0134;BK0178;BK0194;BK0199;BK0220;BK0223
domains,13,17,0.034853,55.223058,BK0018;BK0096;BK0157;BK0188;BK0190;BK0224;BK0231;BK0249
enzymatic,13,17,0.034853,55.223058,BK0009;BK0045;BK0046;BK0103;BK0141;BK0163;BK0187;BK0208
ratio,13,17,0.034853,55.223058,BK0020;BK0023;BK0027;BK0058;BK0063;BK0082;BK0093;BK0122
hypoxia,11,29,0.029491,54.496159,BK0095;BK0164;BK0197;BK0208;BK0209;BK0268;BK0273;BK0277
deficiency,13,16,0.034853,54.209025,BK0024;BK0050;BK0061;BK0065;BK0117;BK0148;BK0202;BK0237
members,13,16,0.034853,54.209025,BK0018;BK0031;BK0033;BK0041;BK0105;BK0143;BK0246;BK0256
p53,10,40,0.02681,53.923174,BK0155;BK0165;BK0203;BK0211;BK0244;BK0253;BK0261;BK0278
validation,12,20,0.032172,53.513179,BK0005;BK0037;BK0038;BK0093;BK0124;BK0150;BK0157;BK0166
years,12,20,0.032172,53.513179,BK0015;BK0139;BK0154;BK0171;BK0172;BK0173;BK0181;BK0199
cd8,11,27,0.029491,53.437791,BK0007;BK0040;BK0066;BK0080;BK0125;BK0289;BK0349;BK0367
chain,13,15,0.034853,53.137017,BK0005;BK0073;BK0081;BK0094;BK0115;BK0122;BK0147;BK0194
profile,13,15,0.034853,53.137017,BK0029;BK0030;BK0035;BK0043;BK0066;BK0101;BK0103;BK0116
putative,13,15,0.034853,53.137017,BK0061;BK0100;BK0113;BK0119;BK0168;BK0169;BK0212;BK0221
sensitive,13,15,0.034853,53.137017,BK0063;BK0065;BK0092;BK0093;BK0174;BK0207;BK0229;BK0268
innate,12,19,0.032172,52.707809,BK0009;BK0061;BK0062;BK0072;BK0085;BK0097;BK0163;BK0170
abundant,13,14,0.034853,52.0,BK0064;BK0070;BK0083;BK0113;BK0114;BK0125;BK0140;BK0150
lack,13,14,0.034853,52.0,BK0037;BK0040;BK0048;BK0064;BK0084;BK0119;BK0185;BK0267
lymphocytes,13,14,0.034853,52.0,BK0034;BK0062;BK0089;BK0170;BK0176;BK0182;BK0218;BK0300
recognized,13,14,0.034853,52.0,BK0051;BK0095;BK0103;BK0110;BK0123;BK0131;BK0153;BK0253
systems,13,14,0.034853,52.0,BK0017;BK0025;BK0057;BK0072;BK0146;BK0190;BK0222;BK0238
techniques,13,14,0.034853,52.0,BK0001;BK0002;BK0008;BK0014;BK0062;BK0091;BK0116;BK0145
understand,13,14,0.034853,52.0,BK0048;BK0050;BK0091;BK0095;BK0124;BK0137;BK0168;BK0174
reticulum,12,18,0.032172,51.863137,BK0027;BK0053;BK0055;BK0079;BK0085;BK0117;BK0218;BK0228
endoplasmic,12,17,0.032172,50.97513,BK0027;BK0053;BK0055;BK0079;BK0085;BK0117;BK0218;BK0228
additional,13,13,0.034853,50.789578,BK0016;BK0033;BK0094;BK0105;BK0115;BK0173;BK0185;BK0226
facilitate,13,13,0.034853,50.789578,BK0010;BK0037;BK0147;BK0171;BK0205;BK0212;BK0254;BK0256
genomic,13,13,0.034853,50.789578,BK0011;BK0048;BK0077;BK0084;BK0099;BK0119;BK0126;BK0142
information,13,13,0.034853,50.789578,BK0025;BK0103;BK0124;BK0134;BK0149;BK0173;BK0185;BK0254
integrated,13,13,0.034853,50.789578,BK0006;BK0013;BK0018;BK0032;BK0042;BK0051;BK0084;BK0095
obtained,13,13,0.034853,50.789578,BK0006;BK0051;BK0120;BK0129;BK0186;BK0198;BK0199;BK0230
studied,13,13,0.034853,50.789578,BK0036;BK0073;BK0080;BK0113;BK0125;BK0163;BK0218;BK0285
tested,13,13,0.034853,50.789578,BK0038;BK0063;BK0120;BK0128;BK0131;BK0181;BK0218;BK0227
male,11,22,0.029491,50.434588,BK0021;BK0023;BK0064;BK0086;BK0098;BK0106;BK0114;BK0135
bound,12,16,0.032172,50.0391,BK0128;BK0155;BK0167;BK0176;BK0188;BK0218;BK0250;BK0259
embryonic,12,16,0.032172,50.0391,BK0005;BK0084;BK0100;BK0127;BK0167;BK0180;BK0190;BK0231
lines,12,16,0.032172,50.0391,BK0050;BK0113;BK0125;BK0201;BK0229;BK0244;BK0260;BK0322
recombinant,12,16,0.032172,50.0391,BK0044;BK0096;BK0168;BK0198;BK0218;BK0234;BK0270;BK0289
upregulation,12,16,0.032172,50.0391,BK0014;BK0020;BK0036;BK0082;BK0088;BK0095;BK0112;BK0158
donor,11,21,0.029491,49.759182,BK0008;BK0014;BK0047;BK0052;BK0070;BK0116;BK0140;BK0197
antibodies,11,20,0.029491,49.053748,BK0002;BK0128;BK0151;BK0155;BK0181;BK0217;BK0218;BK0249
reproductive,11,20,0.029491,49.053748,BK0011;BK0021;BK0064;BK0078;BK0086;BK0106;BK0114;BK0135
efficiency,12,15,0.032172,49.049554,BK0006;BK0016;BK0098;BK0223;BK0226;BK0289;BK0308;BK0357
ligand,12,15,0.032172,49.049554,BK0006;BK0102;BK0235;BK0260;BK0305;BK0314;BK0357;BK0361
tools,12,15,0.032172,49.049554,BK0006;BK0046;BK0056;BK0219;BK0239;BK0249;BK0324;BK0336
aberrant,12,14,0.032172,48.0,BK0028;BK0050;BK0058;BK0079;BK0083;BK0126;BK0153;BK0168
described,12,14,0.032172,48.0,BK0063;BK0079;BK0117;BK0118;BK0120;BK0183;BK0227;BK0235
limited,12,14,0.032172,48.0,BK0008;BK0016;BK0023;BK0034;BK0076;BK0116;BK0148;BK0159
markers,12,14,0.032172,48.0,BK0032;BK0039;BK0055;BK0093;BK0101;BK0123;BK0124;BK0186
promotes,12,14,0.032172,48.0,BK0009;BK0019;BK0034;BK0071;BK0117;BK0123;BK0170;BK0191
properties,12,14,0.032172,48.0,BK0006;BK0060;BK0144;BK0166;BK0227;BK0248;BK0252;BK0269
proposed,12,14,0.032172,48.0,BK0052;BK0202;BK0206;BK0231;BK0241;BK0242;BK0268;BK0271
release,12,14,0.032172,48.0,BK0051;BK0064;BK0078;BK0149;BK0168;BK0192;BK0198;BK0226
stimulation,12,14,0.032172,48.0,BK0007;BK0009;BK0029;BK0044;BK0055;BK0098;BK0108;BK0130
translation,12,14,0.032172,48.0,BK0016;BK0017;BK0068;BK0074;BK0079;BK0143;BK0153;BK0205
cyclin,8,57,0.021448,47.061144,BK0019;BK0026;BK0107;BK0146;BK0233;BK0244;BK0280;BK0353
contain,12,13,0.032172,46.882687,BK0019;BK0103;BK0145;BK0201;BK0215;BK0244;BK0250;BK0263
contrast,12,13,0.032172,46.882687,BK0023;BK0040;BK0073;BK0116;BK0129;BK0213;BK0221;BK0223
establish,12,13,0.032172,46.882687,BK0016;BK0017;BK0048;BK0129;BK0153;BK0162;BK0175;BK0216
impact,12,13,0.032172,46.882687,BK0014;BK0023;BK0040;BK0049;BK0113;BK0141;BK0166;BK0183
lead,12,13,0.032172,46.882687,BK0022;BK0028;BK0083;BK0088;BK0154;BK0197;BK0210;BK0242
maintaining,12,13,0.032172,46.882687,BK0028;BK0046;BK0109;BK0110;BK0113;BK0117;BK0118;BK0183
sample,11,17,0.029491,46.727203,BK0006;BK0056;BK0114;BK0116;BK0159;BK0189;BK0207;BK0248
transport,11,17,0.029491,46.727203,BK0001;BK0017;BK0020;BK0022;BK0079;BK0092;BK0118;BK0308
als,8,52,0.021448,46.0391,BK0020;BK0027;BK0057;BK0063;BK0068;BK0079;BK0082;BK0122
quality,11,16,0.029491,45.869175,BK0047;BK0070;BK0074;BK0085;BK0116;BK0215;BK0227;BK0230
sclerosis,11,16,0.029491,45.869175,BK0020;BK0022;BK0027;BK0057;BK0063;BK0068;BK0079;BK0082
stem,11,16,0.029491,45.869175,BK0004;BK0084;BK0127;BK0167;BK0180;BK0190;BK0200;BK0231
transfer,11,16,0.029491,45.869175,BK0021;BK0086;BK0089;BK0106;BK0140;BK0159;BK0250;BK0261
acetylation,10,22,0.02681,45.849625,BK0084;BK0104;BK0121;BK0153;BK0169;BK0175;BK0196;BK0221
collagen,10,22,0.02681,45.849625,BK0108;BK0123;BK0150;BK0185;BK0199;BK0242;BK0321;BK0328
characterize,12,12,0.032172,45.688259,BK0001;BK0013;BK0184;BK0208;BK0239;BK0246;BK0250;BK0255
comparison,12,12,0.032172,45.688259,BK0018;BK0038;BK0086;BK0163;BK0217;BK0227;BK0255;BK0313
importantly,12,12,0.032172,45.688259,BK0016;BK0032;BK0083;BK0104;BK0130;BK0176;BK0191;BK0237
links,12,12,0.032172,45.688259,BK0043;BK0090;BK0097;BK0151;BK0167;BK0182;BK0194;BK0214
rapidly,12,12,0.032172,45.688259,BK0008;BK0064;BK0089;BK0092;BK0093;BK0098;BK0100;BK0220
reactive,12,12,0.032172,45.688259,BK0018;BK0078;BK0097;BK0141;BK0148;BK0197;BK0200;BK0302
requires,12,12,0.032172,45.688259,BK0070;BK0073;BK0074;BK0086;BK0163;BK0216;BK0226;BK0230
treated,12,12,0.032172,45.688259,BK0077;BK0093;BK0100;BK0164;BK0181;BK0212;BK0236;BK0259
underlying,12,12,0.032172,45.688259,BK0011;BK0013;BK0124;BK0137;BK0146;BK0182;BK0184;BK0198
whose,12,12,0.032172,45.688259,BK0045;BK0085;BK0114;BK0117;BK0118;BK0158;BK0163;BK0199
affinity,11,15,0.029491,44.962091,BK0041;BK0046;BK0115;BK0157;BK0165;BK0217;BK0225;BK0322
mitochondria,11,15,0.029491,44.962091,BK0042;BK0092;BK0148;BK0200;BK0203;BK0250;BK0300;BK0303
rate,11,15,0.029491,44.962091,BK0008;BK0027;BK0036;BK0076;BK0100;BK0122;BK0154;BK0230
isg15,9,28,0.024129,44.162015,BK0009;BK0044;BK0045;BK0054;BK0058;BK0062;BK0213;BK0317
change,11,14,0.029491,44.0,BK0057;BK0077;BK0095;BK0106;BK0108;BK0209;BK0241;BK0281
eukaryotic,11,14,0.029491,44.0,BK0072;BK0090;BK0099;BK0117;BK0149;BK0169;BK0223;BK0226
evaluation,11,14,0.029491,44.0,BK0015;BK0116;BK0173;BK0204;BK0227;BK0241;BK0251;BK0267
management,11,14,0.029491,44.0,BK0008;BK0037;BK0077;BK0093;BK0124;BK0149;BK0154;BK0172
neurodegenerative,11,14,0.029491,44.0,BK0013;BK0016;BK0025;BK0042;BK0057;BK0082;BK0122;BK0210
pathology,11,14,0.029491,44.0,BK0005;BK0016;BK0020;BK0039;BK0063;BK0068;BK0079;BK0090
research,11,14,0.029491,44.0,BK0013;BK0023;BK0051;BK0124;BK0135;BK0174;BK0238;BK0248
robust,11,14,0.029491,44.0,BK0006;BK0019;BK0031;BK0079;BK0092;BK0120;BK0124;BK0166
sequencing,11,14,0.029491,44.0,BK0002;BK0011;BK0016;BK0077;BK0099;BK0111;BK0163;BK0341
antibody,10,19,0.02681,43.923174,BK0031;BK0080;BK0125;BK0151;BK0155;BK0181;BK0217;BK0236
glucose,10,19,0.02681,43.923174,BK0075;BK0093;BK0095;BK0112;BK0138;BK0160;BK0171;BK0247
drosophila,9,26,0.024129,43.266194,BK0021;BK0064;BK0086;BK0098;BK0106;BK0114;BK0177;BK0189
alternative,11,13,0.029491,42.975797,BK0095;BK0104;BK0161;BK0224;BK0244;BK0245;BK0313;BK0315
discover,11,13,0.029491,42.975797,BK0041;BK0051;BK0093;BK0099;BK0124;BK0127;BK0132;BK0190
histocompatibility,11,13,0.029491,42.975797,BK0053;BK0218;BK0275;BK0314;BK0324;BK0325;BK0326;BK0341
necessary,11,13,0.029491,42.975797,BK0146;BK0153;BK0178;BK0209;BK0274;BK0281;BK0289;BK0299
tool,11,13,0.029491,42.975797,BK0013;BK0037;BK0156;BK0174;BK0176;BK0222;BK0255;BK0274
affect,11,12,0.029491,41.880904,BK0029;BK0040;BK0064;BK0084;BK0111;BK0115;BK0149;BK0213
affected,11,12,0.029491,41.880904,BK0008;BK0045;BK0079;BK0153;BK0162;BK0168;BK0186;BK0300
assessment,11,12,0.029491,41.880904,BK0003;BK0070;BK0077;BK0116;BK0257;BK0272;BK0299;BK0367
global,11,12,0.029491,41.880904,BK0055;BK0059;BK0065;BK0076;BK0105;BK0118;BK0141;BK0153
improve,11,12,0.029491,41.880904,BK0057;BK0069;BK0114;BK0149;BK0159;BK0186;BK0219;BK0222
induces,11,12,0.029491,41.880904,BK0019;BK0036;BK0061;BK0064;BK0126;BK0142;BK0168;BK0202
notably,11,12,0.029491,41.880904,BK0001;BK0008;BK0019;BK0029;BK0041;BK0047;BK0078;BK0104
overexpression,11,12,0.029491,41.880904,BK0036;BK0083;BK0100;BK0158;BK0191;BK0201;BK0247;BK0306
physiology,11,12,0.029491,41.880904,BK0001;BK0028;BK0045;BK0064;BK0109;BK0114;BK0117;BK0120
presented,11,12,0.029491,41.880904,BK0113;BK0125;BK0138;BK0155;BK0176;BK0186;BK0218;BK0227
proteomes,11,12,0.029491,41.880904,BK0039;BK0088;BK0104;BK0114;BK0116;BK0120;BK0145;BK0159
screening,11,12,0.029491,41.880904,BK0003;BK0025;BK0061;BK0131;BK0157;BK0185;BK0201;BK0211
source,11,12,0.029491,41.880904,BK0051;BK0082;BK0125;BK0145;BK0149;BK0163;BK0186;BK0202
taken,11,12,0.029491,41.880904,BK0052;BK0070;BK0079;BK0114;BK0130;BK0148;BK0163;BK0171
widespread,11,12,0.029491,41.880904,BK0002;BK0013;BK0064;BK0084;BK0086;BK0141;BK0246;BK0250
mhc,10,16,0.02681,41.69925,BK0010;BK0155;BK0275;BK0341;BK0349;BK0357;BK0361;BK0365
min,10,16,0.02681,41.69925,BK0032;BK0049;BK0070;BK0088;BK0136;BK0149;BK0182;BK0186
arthritis,10,15,0.02681,40.874628,BK0123;BK0151;BK0172;BK0175;BK0181;BK0206;BK0255;BK0311
bacterial,10,15,0.02681,40.874628,BK0050;BK0093;BK0097;BK0101;BK0131;BK0219;BK0227;BK0267
epigenetic,10,15,0.02681,40.874628,BK0048;BK0084;BK0096;BK0121;BK0156;BK0169;BK0174;BK0190
biology,11,11,0.029491,40.704837,BK0031;BK0039;BK0057;BK0066;BK0072;BK0091;BK0114;BK0153
capable,11,11,0.029491,40.704837,BK0012;BK0039;BK0060;BK0085;BK0110;BK0217;BK0222;BK0317
caused,11,11,0.029491,40.704837,BK0016;BK0040;BK0050;BK0061;BK0083;BK0129;BK0209;BK0214
contains,11,11,0.029491,40.704837,BK0071;BK0114;BK0117;BK0173;BK0185;BK0226;BK0306;BK0325
controlled,11,11,0.029491,40.704837,BK0060;BK0067;BK0104;BK0124;BK0152;BK0171;BK0196;BK0260
develop,11,11,0.029491,40.704837,BK0003;BK0066;BK0082;BK0096;BK0113;BK0124;BK0160;BK0246
fundamental,11,11,0.029491,40.704837,BK0001;BK0002;BK0031;BK0101;BK0112;BK0146;BK0226;BK0228
knowledge,11,11,0.029491,40.704837,BK0031;BK0039;BK0052;BK0124;BK0139;BK0172;BK0176;BK0201
link,11,11,0.029491,40.704837,BK0016;BK0055;BK0134;BK0151;BK0178;BK0198;BK0215;BK0223
part,11,11,0.029491,40.704837,BK0118;BK0144;BK0154;BK0238;BK0256;BK0274;BK0276;BK0291
particularly,11,11,0.029491,40.704837,BK0014;BK0028;BK0030;BK0056;BK0090;BK0114;BK0150;BK0209
point,11,11,0.029491,40.704837,BK0015;BK0043;BK0073;BK0163;BK0200;BK0248;BK0250;BK0280
poor,11,11,0.029491,40.704837,BK0037;BK0077;BK0083;BK0106;BK0131;BK0241;BK0244;BK0252
predicted,11,11,0.029491,40.704837,BK0085;BK0086;BK0113;BK0114;BK0225;BK0229;BK0261;BK0263
predominantly,11,11,0.029491,40.704837,BK0028;BK0045;BK0047;BK0075;BK0121;BK0151;BK0186;BK0212
second,11,11,0.029491,40.704837,BK0027;BK0041;BK0094;BK0098;BK0115;BK0166;BK0203;BK0263
signals,11,11,0.029491,40.704837,BK0054;BK0073;BK0190;BK0193;BK0208;BK0210;BK0220;BK0263
strong,11,11,0.029491,40.704837,BK0058;BK0062;BK0065;BK0080;BK0109;BK0113;BK0140;BK0215
surprisingly,11,11,0.029491,40.704837,BK0036;BK0045;BK0058;BK0095;BK0098;BK0150;BK0218;BK0220
lipid,9,20,0.024129,40.134885,BK0050;BK0064;BK0070;BK0078;BK0094;BK0102;BK0117;BK0208
analysed,10,14,0.02681,40.0,BK0070;BK0150;BK0181;BK0186;BK0206;BK0236;BK0271;BK0294
variant,10,14,0.02681,40.0,BK0016;BK0121;BK0122;BK0163;BK0218;BK0231;BK0273;BK0290
children,8,29,0.021448,39.63357,BK0048;BK0137;BK0138;BK0139;BK0219;BK0238;BK0239;BK0266
ctl,8,29,0.021448,39.63357,BK0215;BK0289;BK0361;BK0367;BK0368;BK0369;BK0370;BK0371
vascular,9,19,0.024129,39.530857,BK0078;BK0137;BK0148;BK0149;BK0164;BK0198;BK0236;BK0305
free,10,13,0.02681,39.068906,BK0028;BK0058;BK0094;BK0117;BK0149;BK0171;BK0220;BK0269
instability,10,13,0.02681,39.068906,BK0090;BK0110;BK0119;BK0126;BK0142;BK0146;BK0202;BK0212
knockdown,10,13,0.02681,39.068906,BK0073;BK0148;BK0177;BK0211;BK0225;BK0228;BK0293;BK0306
plasmodium,10,13,0.02681,39.068906,BK0012;BK0120;BK0138;BK0219;BK0239;BK0266;BK0366;BK0367
signal,10,13,0.02681,39.068906,BK0067;BK0099;BK0108;BK0182;BK0192;BK0228;BK0253;BK0268
diagnostic,9,17,0.024129,38.231348,BK0027;BK0038;BK0093;BK0138;BK0154;BK0239;BK0257;BK0266
network,9,17,0.024129,38.231348,BK0027;BK0031;BK0038;BK0045;BK0068;BK0079;BK0162;BK0182
oxidative,9,17,0.024129,38.231348,BK0032;BK0036;BK0078;BK0079;BK0097;BK0197;BK0198;BK0203
porcine,9,17,0.024129,38.231348,BK0032;BK0049;BK0052;BK0055;BK0129;BK0140;BK0260;BK0261
renal,9,17,0.024129,38.231348,BK0032;BK0049;BK0052;BK0189;BK0229;BK0237;BK0254;BK0271
comprehensive,10,12,0.02681,38.073549,BK0011;BK0021;BK0023;BK0031;BK0103;BK0113;BK0171;BK0208
crystal,10,12,0.02681,38.073549,BK0025;BK0144;BK0189;BK0193;BK0195;BK0213;BK0273;BK0275
inhibiting,10,12,0.02681,38.073549,BK0041;BK0112;BK0155;BK0244;BK0268;BK0277;BK0316;BK0327
modulates,10,12,0.02681,38.073549,BK0034;BK0112;BK0141;BK0223;BK0224;BK0268;BK0306;BK0318
motifs,10,12,0.02681,38.073549,BK0019;BK0071;BK0157;BK0193;BK0205;BK0213;BK0226;BK0275
natural,10,12,0.02681,38.073549,BK0010;BK0051;BK0065;BK0111;BK0125;BK0187;BK0256;BK0327
oxoglutarate,10,12,0.02681,38.073549,BK0143;BK0223;BK0224;BK0225;BK0226;BK0245;BK0264;BK0270
oxygen,10,12,0.02681,38.073549,BK0078;BK0097;BK0120;BK0141;BK0148;BK0197;BK0200;BK0223
liver,8,25,0.021448,38.0391,BK0113;BK0123;BK0129;BK0171;BK0206;BK0221;BK0241;BK0267
autophagy,8,24,0.021448,37.603518,BK0017;BK0092;BK0200;BK0232;BK0247;BK0300;BK0354;BK0355
infections,9,16,0.024129,37.529325,BK0009;BK0038;BK0044;BK0058;BK0093;BK0154;BK0227;BK0230
action,10,11,0.02681,37.004397,BK0007;BK0018;BK0087;BK0098;BK0121;BK0133;BK0175;BK0298
animals,10,11,0.02681,37.004397,BK0114;BK0135;BK0140;BK0201;BK0223;BK0260;BK0261;BK0288
characteristics,10,11,0.02681,37.004397,BK0047;BK0051;BK0056;BK0093;BK0114;BK0154;BK0173;BK0238
defective,10,11,0.02681,37.004397,BK0005;BK0024;BK0050;BK0069;BK0097;BK0117;BK0184;BK0192
inducible,10,11,0.02681,37.004397,BK0016;BK0112;BK0197;BK0261;BK0273;BK0277;BK0284;BK0287
like,10,11,0.02681,37.004397,BK0024;BK0044;BK0064;BK0169;BK0199;BK0287;BK0317;BK0322
nature,10,11,0.02681,37.004397,BK0006;BK0042;BK0109;BK0131;BK0168;BK0169;BK0182;BK0313
negative,10,11,0.02681,37.004397,BK0024;BK0062;BK0077;BK0113;BK0132;BK0133;BK0147;BK0279
potent,10,11,0.02681,37.004397,BK0025;BK0032;BK0096;BK0098;BK0103;BK0105;BK0156;BK0163
produced,10,11,0.02681,37.004397,BK0021;BK0098;BK0168;BK0215;BK0217;BK0261;BK0329;BK0353
protective,10,11,0.02681,37.004397,BK0015;BK0034;BK0049;BK0072;BK0078;BK0080;BK0131;BK0133
selected,10,11,0.02681,37.004397,BK0093;BK0116;BK0164;BK0165;BK0186;BK0218;BK0239;BK0282
tumors,10,11,0.02681,37.004397,BK0024;BK0059;BK0111;BK0113;BK0125;BK0179;BK0211;BK0287
viability,10,11,0.02681,37.004397,BK0032;BK0086;BK0107;BK0117;BK0142;BK0153;BK0167;BK0223
yeast,10,11,0.02681,37.004397,BK0099;BK0144;BK0205;BK0213;BK0225;BK0276;BK0296;BK0347
antigens,9,15,0.024129,36.787166,BK0125;BK0128;BK0131;BK0132;BK0155;BK0330;BK0333;BK0349
cytokine,9,15,0.024129,36.787166,BK0058;BK0102;BK0112;BK0133;BK0175;BK0196;BK0291;BK0298
structures,9,15,0.024129,36.787166,BK0001;BK0022;BK0039;BK0041;BK0060;BK0110;BK0165;BK0168
vaccine,9,15,0.024129,36.787166,BK0040;BK0053;BK0080;BK0131;BK0176;BK0204;BK0217;BK0289
pigs,7,34,0.018767,36.189475,BK0052;BK0129;BK0135;BK0171;BK0260;BK0261;BK0267
aggregation,8,21,0.021448,36.188496,BK0005;BK0013;BK0016;BK0028;BK0087;BK0153;BK0168;BK0228
lung,8,21,0.021448,36.188496,BK0003;BK0019;BK0025;BK0029;BK0037;BK0050;BK0076;BK0206
cytosolic,9,14,0.024129,36.0,BK0009;BK0075;BK0160;BK0325;BK0349;BK0357;BK0361;BK0364
lateral,9,14,0.024129,36.0,BK0020;BK0027;BK0057;BK0063;BK0068;BK0079;BK0082;BK0122
peripheral,9,14,0.024129,36.0,BK0050;BK0155;BK0164;BK0259;BK0260;BK0303;BK0312;BK0330
allow,10,10,0.02681,35.849625,BK0095;BK0146;BK0204;BK0207;BK0252;BK0261;BK0313;BK0350
candidates,10,10,0.02681,35.849625,BK0114;BK0124;BK0131;BK0169;BK0186;BK0241;BK0257;BK0272
covalently,10,10,0.02681,35.849625,BK0044;BK0073;BK0096;BK0250;BK0307;BK0324;BK0341;BK0346
dynamic,10,10,0.02681,35.849625,BK0006;BK0010;BK0105;BK0118;BK0121;BK0165;BK0211;BK0228
effector,10,10,0.02681,35.849625,BK0034;BK0080;BK0097;BK0118;BK0119;BK0155;BK0214;BK0232
exploited,10,10,0.02681,35.849625,BK0040;BK0059;BK0069;BK0077;BK0090;BK0170;BK0248;BK0298
finally,10,10,0.02681,35.849625,BK0019;BK0022;BK0042;BK0060;BK0061;BK0095;BK0150;BK0221
fully,10,10,0.02681,35.849625,BK0021;BK0086;BK0100;BK0136;BK0138;BK0220;BK0244;BK0248
functionally,10,10,0.02681,35.849625,BK0027;BK0068;BK0069;BK0098;BK0162;BK0175;BK0187;BK0229
generally,10,10,0.02681,35.849625,BK0086;BK0106;BK0113;BK0187;BK0204;BK0216;BK0280;BK0289
localization,10,10,0.02681,35.849625,BK0005;BK0022;BK0083;BK0155;BK0157;BK0170;BK0177;BK0205
mainly,10,10,0.02681,35.849625,BK0026;BK0091;BK0129;BK0137;BK0201;BK0206;BK0212;BK0260
methodology,10,10,0.02681,35.849625,BK0027;BK0035;BK0046;BK0056;BK0063;BK0125;BK0128;BK0207
modulate,10,10,0.02681,35.849625,BK0029;BK0048;BK0062;BK0133;BK0163;BK0221;BK0245;BK0273
promoting,10,10,0.02681,35.849625,BK0034;BK0064;BK0069;BK0106;BK0123;BK0126;BK0160;BK0183
represent,10,10,0.02681,35.849625,BK0073;BK0076;BK0077;BK0174;BK0186;BK0238;BK0256;BK0285
selectively,10,10,0.02681,35.849625,BK0019;BK0046;BK0157;BK0163;BK0188;BK0194;BK0240;BK0247
striking,10,10,0.02681,35.849625,BK0020;BK0107;BK0148;BK0246;BK0272;BK0277;BK0287;BK0308
subjected,10,10,0.02681,35.849625,BK0032;BK0051;BK0052;BK0113;BK0136;BK0210;BK0243;BK0255
value,10,10,0.02681,35.849625,BK0005;BK0008;BK0027;BK0032;BK0093;BK0138;BK0219;BK0257
variants,10,10,0.02681,35.849625,BK0011;BK0015;BK0017;BK0054;BK0066;BK0201;BK0275;BK0368
wide,10,10,0.02681,35.849625,BK0048;BK0060;BK0096;BK0132;BK0136;BK0155;BK0187;BK0207
cd4,8,20,0.021448,35.675453,BK0015;BK0080;BK0131;BK0170;BK0176;BK0183;BK0217;BK0341
urine,8,20,0.021448,35.675453,BK0008;BK0049;BK0075;BK0166;BK0171;BK0254;BK0281;BK0292
csf,7,32,0.018767,35.61224,BK0027;BK0038;BK0068;BK0082;BK0093;BK0122;BK0145
seminal,7,32,0.018767,35.61224,BK0021;BK0064;BK0086;BK0098;BK0106;BK0114;BK0242
amyotrophic,9,13,0.024129,35.162015,BK0020;BK0027;BK0057;BK0063;BK0068;BK0079;BK0082;BK0122
dynamics,9,13,0.024129,35.162015,BK0018;BK0022;BK0023;BK0066;BK0099;BK0121;BK0188;BK0243
dysfunction,9,13,0.024129,35.162015,BK0011;BK0013;BK0016;BK0047;BK0068;BK0173;BK0197;BK0263
hypoxic,9,13,0.024129,35.162015,BK0095;BK0209;BK0223;BK0245;BK0268;BK0286;BK0288;BK0315
lesions,9,13,0.024129,35.162015,BK0024;BK0069;BK0078;BK0113;BK0178;BK0191;BK0202;BK0236
prior,9,13,0.024129,35.162015,BK0039;BK0051;BK0052;BK0053;BK0088;BK0186;BK0231;BK0298
reaction,9,13,0.024129,35.162015,BK0006;BK0043;BK0063;BK0137;BK0239;BK0250;BK0278;BK0288
selection,9,13,0.024129,35.162015,BK0003;BK0037;BK0038;BK0072;BK0106;BK0107;BK0124;BK0149
viruses,9,13,0.024129,35.162015,BK0001;BK0054;BK0058;BK0157;BK0217;BK0219;BK0289;BK0323
endothelial,8,18,0.021448,34.575425,BK0031;BK0138;BK0148;BK0164;BK0236;BK0263;BK0305;BK0312
metastasis,8,18,0.021448,34.575425,BK0025;BK0113;BK0123;BK0191;BK0209;BK0244;BK0302;BK0321
prolyl,8,18,0.021448,34.575425,BK0223;BK0225;BK0268;BK0277;BK0287;BK0288;BK0316;BK0327
activated,9,12,0.024129,34.266194,BK0112;BK0191;BK0214;BK0261;BK0298;BK0317;BK0332;BK0358
deubiquitinase,9,12,0.024129,34.266194,BK0035;BK0042;BK0044;BK0073;BK0077;BK0097;BK0115;BK0147
energy,9,12,0.024129,34.266194,BK0008;BK0095;BK0136;BK0188;BK0281;BK0282;BK0312;BK0316
immunoblotting,9,12,0.024129,34.266194,BK0035;BK0047;BK0116;BK0145;BK0186;BK0206;BK0309;BK0321
oxygenase,9,12,0.024129,34.266194,BK0140;BK0143;BK0223;BK0224;BK0225;BK0226;BK0245;BK0264
quantification,9,12,0.024129,34.266194,BK0043;BK0057;BK0063;BK0122;BK0145;BK0174;BK0274;BK0281
removal,9,12,0.024129,34.266194,BK0073;BK0120;BK0142;BK0147;BK0169;BK0177;BK0300;BK0318
dendritic,8,16,0.021448,33.3594,BK0102;BK0163;BK0170;BK0214;BK0260;BK0300;BK0326;BK0349
machine,8,16,0.021448,33.3594,BK0003;BK0008;BK0032;BK0037;BK0038;BK0049;BK0070;BK0075
conducted,9,11,0.024129,33.303957,BK0011;BK0023;BK0050;BK0095;BK0137;BK0138;BK0212;BK0219
differentially,9,11,0.024129,33.303957,BK0029;BK0138;BK0164;BK0189;BK0210;BK0241;BK0281;BK0316
diversity,9,11,0.024129,33.303957,BK0091;BK0101;BK0120;BK0187;BK0248;BK0249;BK0289;BK0311
emerging,9,11,0.024129,33.303957,BK0066;BK0067;BK0113;BK0144;BK0182;BK0256;BK0283;BK0323
gel,9,11,0.024129,33.303957,BK0128;BK0189;BK0206;BK0308;BK0312;BK0329;BK0333;BK0337
generate,9,11,0.024129,33.303957,BK0021;BK0058;BK0063;BK0064;BK0072;BK0099;BK0169;BK0220
inhibited,9,11,0.024129,33.303957,BK0084;BK0105;BK0170;BK0198;BK0259;BK0302;BK0334;BK0349
interactors,9,11,0.024129,33.303957,BK0029;BK0031;BK0068;BK0085;BK0121;BK0134;BK0143;BK0242
late,9,11,0.024129,33.303957,BK0037;BK0118;BK0168;BK0172;BK0185;BK0199;BK0258;BK0338
regulators,9,11,0.024129,33.303957,BK0007;BK0045;BK0055;BK0097;BK0175;BK0208;BK0242;BK0259
released,9,11,0.024129,33.303957,BK0051;BK0064;BK0082;BK0089;BK0220;BK0263;BK0274;BK0297
signatures,9,11,0.024129,33.303957,BK0003;BK0005;BK0015;BK0048;BK0050;BK0052;BK0063;BK0137
towards,9,11,0.024129,33.303957,BK0006;BK0053;BK0066;BK0156;BK0213;BK0283;BK0317;BK0323
cytotoxicity,8,15,0.021448,32.699703,BK0015;BK0034;BK0184;BK0251;BK0334;BK0367;BK0368;BK0369
downregulation,8,15,0.021448,32.699703,BK0023;BK0082;BK0101;BK0158;BK0253;BK0302;BK0308;BK0326
affecting,9,10,0.024129,32.264663,BK0028;BK0029;BK0032;BK0111;BK0116;BK0167;BK0174;BK0257
agents,9,10,0.024129,32.264663,BK0077;BK0103;BK0184;BK0189;BK0196;BK0283;BK0310;BK0334
allowed,9,10,0.024129,32.264663,BK0046;BK0096;BK0243;BK0254;BK0258;BK0357;BK0359;BK0364
assay,9,10,0.024129,32.264663,BK0003;BK0031;BK0063;BK0151;BK0231;BK0269;BK0281;BK0305
better,9,10,0.024129,32.264663,BK0034;BK0075;BK0145;BK0174;BK0182;BK0210;BK0218;BK0242
capacity,9,10,0.024129,32.264663,BK0102;BK0103;BK0126;BK0163;BK0211;BK0228;BK0297;BK0302
concentrations,9,10,0.024129,32.264663,BK0124;BK0129;BK0156;BK0171;BK0236;BK0298;BK0314;BK0334
developing,9,10,0.024129,32.264663,BK0018;BK0053;BK0095;BK0132;BK0136;BK0214;BK0246;BK0289
drugs,9,10,0.024129,32.264663,BK0002;BK0032;BK0087;BK0090;BK0155;BK0195;BK0211;BK0283
effective,9,10,0.024129,32.264663,BK0032;BK0042;BK0054;BK0120;BK0137;BK0178;BK0236;BK0283
entry,9,10,0.024129,32.264663,BK0067;BK0098;BK0170;BK0183;BK0244;BK0248;BK0295;BK0306
gamma,9,10,0.024129,32.264663,BK0072;BK0080;BK0112;BK0126;BK0131;BK0187;BK0198;BK0290
humans,9,10,0.024129,32.264663,BK0051;BK0129;BK0149;BK0171;BK0185;BK0198;BK0223;BK0264
influence,9,10,0.024129,32.264663,BK0011;BK0021;BK0118;BK0162;BK0211;BK0295;BK0298;BK0351
kinases,9,10,0.024129,32.264663,BK0031;BK0060;BK0067;BK0107;BK0256;BK0280;BK0290;BK0320
machinery,9,10,0.024129,32.264663,BK0012;BK0054;BK0074;BK0092;BK0108;BK0179;BK0264;BK0282
potency,9,10,0.024129,32.264663,BK0018;BK0025;BK0035;BK0042;BK0046;BK0056;BK0132;BK0272
region,9,10,0.024129,32.264663,BK0038;BK0131;BK0183;BK0193;BK0215;BK0217;BK0273;BK0289
secretion,9,10,0.024129,32.264663,BK0009;BK0062;BK0079;BK0098;BK0160;BK0163;BK0220;BK0291
stage,9,10,0.024129,32.264663,BK0037;BK0070;BK0081;BK0130;BK0258;BK0263;BK0300;BK0323
states,9,10,0.024129,32.264663,BK0006;BK0017;BK0025;BK0084;BK0087;BK0101;BK0148;BK0275
susceptible,9,10,0.024129,32.264663,BK0047;BK0062;BK0095;BK0131;BK0162;BK0174;BK0190;BK0201
transient,9,10,0.024129,32.264663,BK0006;BK0010;BK0013;BK0034;BK0073;BK0088;BK0129;BK0214
colorectal,8,14,0.021448,32.0,BK0029;BK0036;BK0062;BK0113;BK0123;BK0208;BK0252;BK0322
coverage,8,14,0.021448,32.0,BK0131;BK0132;BK0159;BK0199;BK0222;BK0313;BK0321;BK0337
derivative,8,14,0.021448,32.0,BK0133;BK0280;BK0318;BK0363;BK0366;BK0367;BK0368;BK0369
insulin,8,14,0.021448,32.0,BK0086;BK0129;BK0160;BK0171;BK0299;BK0303;BK0308;BK0347
metabolites,8,14,0.021448,32.0,BK0017;BK0023;BK0109;BK0112;BK0208;BK0248;BK0257;BK0271
resistance,8,14,0.021448,32.0,BK0062;BK0077;BK0140;BK0247;BK0251;BK0261;BK0265;BK0334
invasion,7,21,0.018767,31.664934,BK0101;BK0113;BK0209;BK0211;BK0242;BK0302;BK0306
donors,8,13,0.021448,31.255125,BK0014;BK0020;BK0075;BK0080;BK0131;BK0160;BK0197;BK0259
repeat,8,13,0.021448,31.255125,BK0048;BK0082;BK0192;BK0273;BK0279;BK0286;BK0316;BK0327
reversible,8,13,0.021448,31.255125,BK0033;BK0118;BK0138;BK0169;BK0211;BK0227;BK0285;BK0323
rheumatoid,8,13,0.021448,31.255125,BK0123;BK0151;BK0172;BK0181;BK0206;BK0255;BK0311;BK0312
accompanied,9,9,0.024129,31.134885,BK0065;BK0110;BK0121;BK0135;BK0148;BK0150;BK0174;BK0214
act,9,9,0.024129,31.134885,BK0084;BK0108;BK0119;BK0193;BK0223;BK0224;BK0229;BK0262
activate,9,9,0.024129,31.134885,BK0155;BK0163;BK0240;BK0268;BK0289;BK0301;BK0311;BK0349
additionally,9,9,0.024129,31.134885,BK0002;BK0012;BK0025;BK0027;BK0045;BK0086;BK0123;BK0142
address,9,9,0.024129,31.134885,BK0031;BK0084;BK0086;BK0186;BK0200;BK0221;BK0286;BK0348
allows,9,9,0.024129,31.134885,BK0159;BK0185;BK0192;BK0227;BK0296;BK0297;BK0339;BK0356
animal,9,9,0.024129,31.134885,BK0017;BK0129;BK0137;BK0199;BK0246;BK0251;BK0264;BK0267
certain,9,9,0.024129,31.134885,BK0041;BK0100;BK0144;BK0157;BK0196;BK0240;BK0254;BK0286
crucial,9,9,0.024129,31.134885,BK0009;BK0013;BK0026;BK0114;BK0131;BK0133;BK0216;BK0237
culture,9,9,0.024129,31.134885,BK0051;BK0160;BK0168;BK0202;BK0243;BK0261;BK0272;BK0316
depends,9,9,0.024129,31.134885,BK0107;BK0123;BK0215;BK0234;BK0295;BK0325;BK0357;BK0365
discussed,9,9,0.024129,31.134885,BK0067;BK0169;BK0174;BK0227;BK0248;BK0256;BK0295;BK0337
elucidate,9,9,0.024129,31.134885,BK0026;BK0042;BK0104;BK0148;BK0151;BK0214;BK0242;BK0334
emerged,9,9,0.024129,31.134885,BK0004;BK0013;BK0067;BK0124;BK0133;BK0157;BK0179;BK0313
exhibited,9,9,0.024129,31.134885,BK0014;BK0135;BK0151;BK0158;BK0196;BK0217;BK0261;BK0368
feature,9,9,0.024129,31.134885,BK0003;BK0038;BK0079;BK0169;BK0209;BK0255;BK0257;BK0314
fold,9,9,0.024129,31.134885,BK0156;BK0223;BK0273;BK0304;BK0321;BK0327;BK0337;BK0343
indicates,9,9,0.024129,31.134885,BK0023;BK0060;BK0222;BK0263;BK0299;BK0316;BK0338;BK0372
interest,9,9,0.024129,31.134885,BK0002;BK0034;BK0053;BK0120;BK0174;BK0223;BK0271;BK0316
investigation,9,9,0.024129,31.134885,BK0055;BK0081;BK0149;BK0150;BK0156;BK0164;BK0241;BK0271
involving,9,9,0.024129,31.134885,BK0008;BK0091;BK0104;BK0122;BK0143;BK0183;BK0277;BK0312
microscopy,9,9,0.024129,31.134885,BK0005;BK0017;BK0022;BK0041;BK0089;BK0102;BK0145;BK0168
modulation,9,9,0.024129,31.134885,BK0017;BK0141;BK0166;BK0179;BK0211;BK0306;BK0310;BK0333
phenotypes,9,9,0.024129,31.134885,BK0011;BK0021;BK0039;BK0052;BK0077;BK0098;BK0117;BK0201
physiological,9,9,0.024129,31.134885,BK0021;BK0025;BK0034;BK0134;BK0185;BK0189;BK0221;BK0242
possibly,9,9,0.024129,31.134885,BK0002;BK0075;BK0129;BK0212;BK0237;BK0245;BK0275;BK0331
precise,9,9,0.024129,31.134885,BK0029;BK0042;BK0133;BK0145;BK0146;BK0176;BK0222;BK0260
produce,9,9,0.024129,31.134885,BK0064;BK0071;BK0129;BK0139;BK0145;BK0172;BK0199;BK0271
products,9,9,0.024129,31.134885,BK0071;BK0163;BK0164;BK0198;BK0325;BK0336;BK0348;BK0357
step,9,9,0.024129,31.134885,BK0094;BK0095;BK0242;BK0250;BK0272;BK0300;BK0310;BK0331
toward,9,9,0.024129,31.134885,BK0018;BK0034;BK0057;BK0058;BK0128;BK0197;BK0227;BK0255
variety,9,9,0.024129,31.134885,BK0120;BK0157;BK0168;BK0227;BK0252;BK0274;BK0305;BK0321
bone,8,12,0.021448,30.458839,BK0098;BK0111;BK0154;BK0185;BK0199;BK0227;BK0300;BK0342
extracts,8,12,0.021448,30.458839,BK0046;BK0207;BK0234;BK0258;BK0270;BK0339;BK0346;BK0350
living,8,12,0.021448,30.458839,BK0014;BK0047;BK0228;BK0256;BK0339;BK0340;BK0364;BK0369
origin,8,12,0.021448,30.458839,BK0113;BK0145;BK0196;BK0199;BK0219;BK0255;BK0323;BK0345
side,8,12,0.021448,30.458839,BK0002;BK0091;BK0187;BK0193;BK0234;BK0313;BK0351;BK0360
calcium,8,11,0.021448,29.603518,BK0045;BK0085;BK0189;BK0214;BK0281;BK0308;BK0367;BK0368
conformational,8,11,0.021448,29.603518,BK0006;BK0060;BK0183;BK0273;BK0285;BK0327;BK0358;BK0360
deacetylase,8,11,0.021448,29.603518,BK0084;BK0104;BK0158;BK0196;BK0221;BK0232;BK0344;BK0347
engagement,8,11,0.021448,29.603518,BK0042;BK0046;BK0056;BK0105;BK0122;BK0165;BK0368;BK0370
fibroblasts,8,11,0.021448,29.603518,BK0140;BK0148;BK0218;BK0260;BK0265;BK0269;BK0322;BK0372
fragment,8,11,0.021448,29.603518,BK0025;BK0063;BK0089;BK0240;BK0274;BK0298;BK0313;BK0338
hydroxylase,8,11,0.021448,29.603518,BK0225;BK0245;BK0268;BK0277;BK0286;BK0288;BK0316;BK0327
mortality,8,11,0.021448,29.603518,BK0003;BK0023;BK0034;BK0037;BK0093;BK0124;BK0136;BK0137
mrna,8,11,0.021448,29.603518,BK0083;BK0104;BK0221;BK0224;BK0225;BK0308;BK0329;BK0331
neuronal,8,11,0.021448,29.603518,BK0013;BK0017;BK0020;BK0028;BK0128;BK0177;BK0210;BK0362
pathogens,8,11,0.021448,29.603518,BK0097;BK0125;BK0176;BK0204;BK0306;BK0323;BK0361;BK0371
preparation,8,11,0.021448,29.603518,BK0006;BK0056;BK0159;BK0161;BK0189;BK0207;BK0227;BK0248
quantitation,8,11,0.021448,29.603518,BK0063;BK0109;BK0116;BK0204;BK0243;BK0274;BK0297;BK0298
upregulated,8,11,0.021448,29.603518,BK0020;BK0027;BK0055;BK0078;BK0113;BK0158;BK0247;BK0303
breast,7,16,0.018767,29.189475,BK0025;BK0077;BK0103;BK0132;BK0155;BK0159;BK0209
cytoskeletal,7,16,0.018767,29.189475,BK0047;BK0070;BK0083;BK0168;BK0209;BK0273;BK0308
ischemia,7,16,0.018767,29.189475,BK0049;BK0052;BK0075;BK0247;BK0299;BK0332;BK0335
approximately,8,10,0.021448,28.6797,BK0056;BK0077;BK0199;BK0239;BK0266;BK0303;BK0316;BK0338
circulating,8,10,0.021448,28.6797,BK0138;BK0164;BK0198;BK0210;BK0217;BK0263;BK0298;BK0332
diagnosis,8,10,0.021448,28.6797,BK0081;BK0093;BK0111;BK0174;BK0219;BK0241;BK0254;BK0257
dysregulated,8,10,0.021448,28.6797,BK0019;BK0050;BK0079;BK0101;BK0155;BK0160;BK0237;BK0259
exchange,8,10,0.021448,28.6797,BK0013;BK0018;BK0022;BK0042;BK0172;BK0230;BK0294;BK0333
general,8,10,0.021448,28.6797,BK0032;BK0087;BK0109;BK0153;BK0170;BK0200;BK0256;BK0272
motif,8,10,0.021448,28.6797,BK0010;BK0026;BK0115;BK0194;BK0203;BK0215;BK0226;BK0286
neurodegeneration,8,10,0.021448,28.6797,BK0013;BK0017;BK0079;BK0103;BK0210;BK0234;BK0309;BK0362
resolution,8,10,0.021448,28.6797,BK0014;BK0024;BK0074;BK0090;BK0103;BK0166;BK0337;BK0358
suppression,8,10,0.021448,28.6797,BK0015;BK0052;BK0077;BK0223;BK0244;BK0247;BK0259;BK0344
ubiquitylated,8,10,0.021448,28.6797,BK0033;BK0108;BK0216;BK0272;BK0293;BK0296;BK0304;BK0318
whole,8,10,0.021448,28.6797,BK0086;BK0145;BK0163;BK0204;BK0333;BK0337;BK0340;BK0350
reperfusion,7,15,0.018767,28.61224,BK0049;BK0052;BK0075;BK0088;BK0136;BK0332;BK0335
ups,7,15,0.018767,28.61224,BK0012;BK0028;BK0045;BK0141;BK0153;BK0283;BK0304
fih,6,25,0.016086,28.529325,BK0268;BK0273;BK0279;BK0286;BK0316;BK0327
usp7,6,25,0.016086,28.529325,BK0165;BK0227;BK0251;BK0253;BK0272;BK0331
adult,7,14,0.018767,28.0,BK0021;BK0023;BK0128;BK0129;BK0246;BK0304;BK0329
cerebral,7,14,0.018767,28.0,BK0020;BK0047;BK0116;BK0137;BK0138;BK0145;BK0362
end,7,14,0.018767,28.0,BK0026;BK0069;BK0119;BK0178;BK0182;BK0205;BK0358
surgery,7,14,0.018767,28.0,BK0023;BK0051;BK0081;BK0198;BK0230;BK0292;BK0335
tumours,7,14,0.018767,28.0,BK0011;BK0029;BK0048;BK0076;BK0209;BK0229;BK0271
challenging,8,9,0.021448,27.675453,BK0013;BK0046;BK0056;BK0107;BK0109;BK0114;BK0174;BK0313
encoding,8,9,0.021448,27.675453,BK0017;BK0028;BK0029;BK0215;BK0237;BK0271;BK0326;BK0373
explored,8,9,0.021448,27.675453,BK0049;BK0060;BK0062;BK0088;BK0120;BK0160;BK0182;BK0198
exposure,8,9,0.021448,27.675453,BK0015;BK0053;BK0173;BK0193;BK0201;BK0209;BK0244;BK0310
increasing,8,9,0.021448,27.675453,BK0124;BK0166;BK0171;BK0227;BK0248;BK0277;BK0314;BK0361
initial,8,9,0.021448,27.675453,BK0015;BK0047;BK0074;BK0122;BK0130;BK0310;BK0332;BK0349
intact,8,9,0.021448,27.675453,BK0006;BK0087;BK0118;BK0157;BK0207;BK0298;BK0346;BK0351
least,8,9,0.021448,27.675453,BK0085;BK0086;BK0111;BK0124;BK0199;BK0260;BK0341;BK0359
mode,8,9,0.021448,27.675453,BK0018;BK0022;BK0025;BK0048;BK0143;BK0213;BK0233;BK0339
pathogenic,8,9,0.021448,27.675453,BK0011;BK0016;BK0022;BK0050;BK0061;BK0128;BK0218;BK0311
presenting,8,9,0.021448,27.675453,BK0019;BK0102;BK0149;BK0236;BK0244;BK0292;BK0357;BK0361
status,8,9,0.021448,27.675453,BK0010;BK0124;BK0173;BK0206;BK0223;BK0271;BK0327;BK0354
transporter,8,9,0.021448,27.675453,BK0001;BK0017;BK0022;BK0095;BK0134;BK0189;BK0325;BK0349
useful,8,9,0.021448,27.675453,BK0134;BK0181;BK0196;BK0227;BK0270;BK0274;BK0284;BK0309
aging,7,13,0.018767,27.348234,BK0086;BK0184;BK0212;BK0228;BK0293;BK0304;BK0347
deep,7,13,0.018767,27.348234,BK0035;BK0038;BK0039;BK0046;BK0103;BK0159;BK0188
storage,7,13,0.018767,27.348234,BK0050;BK0064;BK0094;BK0098;BK0120;BK0186;BK0343
asparaginyl,6,21,0.016086,27.141372,BK0268;BK0277;BK0279;BK0286;BK0316;BK0327
ejaculate,6,21,0.016086,27.141372,BK0021;BK0064;BK0086;BK0098;BK0106;BK0114
catalyzes,7,12,0.018767,26.651484,BK0143;BK0223;BK0225;BK0226;BK0273;BK0286;BK0327
checkpoint,7,12,0.018767,26.651484,BK0019;BK0050;BK0107;BK0132;BK0146;BK0179;BK0320
endosomal,7,12,0.018767,26.651484,BK0010;BK0020;BK0115;BK0118;BK0170;BK0177;BK0331
mild,7,12,0.018767,26.651484,BK0015;BK0065;BK0080;BK0113;BK0235;BK0239;BK0292
able,8,8,0.021448,26.575425,BK0116;BK0131;BK0218;BK0220;BK0241;BK0252;BK0254;BK0306
accordingly,8,8,0.021448,26.575425,BK0022;BK0092;BK0126;BK0175;BK0177;BK0210;BK0282;BK0304
acts,8,8,0.021448,26.575425,BK0050;BK0133;BK0147;BK0155;BK0192;BK0279;BK0291;BK0296
affects,8,8,0.021448,26.575425,BK0141;BK0168;BK0223;BK0255;BK0260;BK0291;BK0310;BK0319
allowing,8,8,0.021448,26.575425,BK0026;BK0054;BK0130;BK0222;BK0249;BK0258;BK0297;BK0346
along,8,8,0.021448,26.575425,BK0006;BK0018;BK0023;BK0106;BK0123;BK0129;BK0174;BK0275
characteristic,8,8,0.021448,26.575425,BK0123;BK0145;BK0202;BK0219;BK0257;BK0261;BK0275;BK0372
classical,8,8,0.021448,26.575425,BK0010;BK0053;BK0056;BK0070;BK0112;BK0119;BK0155;BK0174
collectively,8,8,0.021448,26.575425,BK0031;BK0058;BK0085;BK0118;BK0121;BK0142;BK0210;BK0246
combining,8,8,0.021448,26.575425,BK0003;BK0052;BK0106;BK0144;BK0149;BK0220;BK0243;BK0251
complexity,8,8,0.021448,26.575425,BK0002;BK0031;BK0066;BK0091;BK0118;BK0204;BK0227;BK0295
coupled,8,8,0.021448,26.575425,BK0006;BK0077;BK0109;BK0214;BK0270;BK0282;BK0312;BK0337
defining,8,8,0.021448,26.575425,BK0020;BK0117;BK0121;BK0152;BK0176;BK0180;BK0186;BK0333
drive,8,8,0.021448,26.575425,BK0016;BK0019;BK0041;BK0048;BK0050;BK0079;BK0123;BK0212
dual,8,8,0.021448,26.575425,BK0010;BK0019;BK0041;BK0065;BK0191;BK0203;BK0263;BK0277
efficiently,8,8,0.021448,26.575425,BK0135;BK0140;BK0215;BK0327;BK0331;BK0344;BK0364;BK0370
enable,8,8,0.021448,26.575425,BK0054;BK0059;BK0106;BK0113;BK0143;BK0187;BK0256;BK0327
enhance,8,8,0.021448,26.575425,BK0014;BK0142;BK0164;BK0302;BK0304;BK0305;BK0346;BK0364
exposed,8,8,0.021448,26.575425,BK0131;BK0160;BK0212;BK0260;BK0303;BK0326;BK0332;BK0342
extent,8,8,0.021448,26.575425,BK0125;BK0166;BK0286;BK0316;BK0327;BK0342;BK0353;BK0364
help,8,8,0.021448,26.575425,BK0013;BK0038;BK0063;BK0150;BK0168;BK0183;BK0186;BK0219
impacts,8,8,0.021448,26.575425,BK0011;BK0086;BK0098;BK0200;BK0232;BK0242;BK0252;BK0280
indicated,8,8,0.021448,26.575425,BK0018;BK0044;BK0162;BK0298;BK0317;BK0352;BK0353;BK0366
made,8,8,0.021448,26.575425,BK0053;BK0095;BK0096;BK0163;BK0278;BK0302;BK0314;BK0348
mechanistic,8,8,0.021448,26.575425,BK0016;BK0024;BK0042;BK0057;BK0118;BK0129;BK0214;BK0287
now,8,8,0.021448,26.575425,BK0087;BK0103;BK0134;BK0269;BK0285;BK0293;BK0295;BK0349
occur,8,8,0.021448,26.575425,BK0110;BK0137;BK0153;BK0162;BK0184;BK0205;BK0231;BK0254
reduction,8,8,0.021448,26.575425,BK0061;BK0150;BK0207;BK0273;BK0299;BK0304;BK0343;BK0353
restricted,8,8,0.021448,26.575425,BK0103;BK0231;BK0255;BK0289;BK0312;BK0325;BK0350;BK0367
significance,8,8,0.021448,26.575425,BK0052;BK0077;BK0123;BK0137;BK0220;BK0256;BK0288;BK0371
stable,8,8,0.021448,26.575425,BK0030;BK0071;BK0074;BK0121;BK0202;BK0211;BK0225;BK0316
still,8,8,0.021448,26.575425,BK0021;BK0061;BK0065;BK0071;BK0110;BK0112;BK0331;BK0365
subsequently,8,8,0.021448,26.575425,BK0003;BK0027;BK0236;BK0265;BK0313;BK0322;BK0332;BK0343
substantially,8,8,0.021448,26.575425,BK0123;BK0128;BK0204;BK0205;BK0277;BK0322;BK0370;BK0372
tightly,8,8,0.021448,26.575425,BK0006;BK0018;BK0062;BK0285;BK0286;BK0343;BK0349;BK0359
ultimately,8,8,0.021448,26.575425,BK0038;BK0049;BK0077;BK0106;BK0183;BK0201;BK0232;BK0254
clones,6,18,0.016086,25.931569,BK0341;BK0368;BK0369;BK0370;BK0372;BK0373
competition,6,18,0.016086,25.931569,BK0021;BK0103;BK0105;BK0106;BK0286;BK0314
channel,7,11,0.018767,25.903078,BK0045;BK0101;BK0134;BK0214;BK0303;BK0358;BK0360
correlation,7,11,0.018767,25.903078,BK0027;BK0047;BK0068;BK0245;BK0321;BK0369;BK0371
experimental,7,11,0.018767,25.903078,BK0032;BK0081;BK0113;BK0122;BK0137;BK0152;BK0202
ligands,7,11,0.018767,25.903078,BK0062;BK0102;BK0246;BK0305;BK0314;BK0341;BK0357
maturation,7,11,0.018767,25.903078,BK0028;BK0045;BK0072;BK0102;BK0170;BK0250;BK0349
respiratory,7,11,0.018767,25.903078,BK0080;BK0112;BK0124;BK0148;BK0219;BK0267;BK0282
perfusion,6,17,0.016086,25.487565,BK0008;BK0032;BK0049;BK0070;BK0075;BK0263
cerebrospinal,7,10,0.018767,25.094738,BK0027;BK0038;BK0082;BK0093;BK0122;BK0145;BK0171
concentration,7,10,0.018767,25.094738,BK0081;BK0082;BK0099;BK0128;BK0138;BK0239;BK0281
deficient,7,10,0.018767,25.094738,BK0024;BK0119;BK0200;BK0202;BK0237;BK0261;BK0271
hydroxylases,7,10,0.018767,25.094738,BK0143;BK0223;BK0225;BK0268;BK0287;BK0288;BK0315
immunotherapy,7,10,0.018767,25.094738,BK0007;BK0034;BK0053;BK0062;BK0132;BK0155;BK0333
initiation,7,10,0.018767,25.094738,BK0045;BK0079;BK0126;BK0149;BK0202;BK0310;BK0349
interplay,7,10,0.018767,25.094738,BK0067;BK0097;BK0175;BK0232;BK0233;BK0280;BK0320
malignant,7,10,0.018767,25.094738,BK0048;BK0065;BK0100;BK0124;BK0174;BK0317;BK0345
repertoire,7,10,0.018767,25.094738,BK0131;BK0176;BK0218;BK0263;BK0272;BK0330;BK0341
risk,7,10,0.018767,25.094738,BK0055;BK0074;BK0106;BK0138;BK0151;BK0206;BK0254
scf,7,10,0.018767,25.094738,BK0004;BK0026;BK0107;BK0126;BK0192;BK0276;BK0353
serine,7,10,0.018767,25.094738,BK0006;BK0168;BK0202;BK0242;BK0253;BK0280;BK0348
skeletal,7,10,0.018767,25.094738,BK0111;BK0206;BK0255;BK0257;BK0304;BK0329;BK0351
subjects,7,10,0.018767,25.094738,BK0149;BK0206;BK0210;BK0239;BK0241;BK0254;BK0308
vinyl,7,10,0.018767,25.094738,BK0317;BK0354;BK0357;BK0358;BK0360;BK0363;BK0364
aged,6,16,0.016086,25.01955,BK0063;BK0150;BK0173;BK0286;BK0304;BK0329
splicing,6,16,0.016086,25.01955,BK0011;BK0205;BK0224;BK0245;BK0315;BK0353
adaptor,7,9,0.018767,24.216021,BK0010;BK0048;BK0115;BK0196;BK0220;BK0265;BK0285
cytokines,7,9,0.018767,24.216021,BK0058;BK0061;BK0062;BK0163;BK0220;BK0342;BK0361
distribution,7,9,0.018767,24.216021,BK0082;BK0162;BK0222;BK0245;BK0295;BK0297;BK0345
extensive,7,9,0.018767,24.216021,BK0038;BK0108;BK0111;BK0113;BK0120;BK0273;BK0275
fatty,7,9,0.018767,24.216021,BK0043;BK0070;BK0094;BK0136;BK0166;BK0208;BK0248
framework,7,9,0.018767,24.216021,BK0006;BK0028;BK0037;BK0103;BK0120;BK0274;BK0336
hydroxylated,7,9,0.018767,24.216021,BK0187;BK0225;BK0273;BK0279;BK0316;BK0327;BK0328
immunodominant,7,9,0.018767,24.216021,BK0015;BK0066;BK0080;BK0181;BK0215;BK0218;BK0341
involves,7,9,0.018767,24.216021,BK0020;BK0133;BK0205;BK0232;BK0250;BK0263;BK0301
ligases,7,9,0.018767,24.216021,BK0033;BK0048;BK0074;BK0085;BK0126;BK0192;BK0278
lipids,7,9,0.018767,24.216021,BK0002;BK0043;BK0136;BK0166;BK0208;BK0248;BK0355
marked,7,9,0.018767,24.216021,BK0036;BK0095;BK0148;BK0150;BK0166;BK0186;BK0304
native,7,9,0.018767,24.216021,BK0006;BK0022;BK0134;BK0144;BK0199;BK0290;BK0343
organ,7,9,0.018767,24.216021,BK0052;BK0116;BK0129;BK0171;BK0173;BK0197;BK0263
proximity,7,9,0.018767,24.216021,BK0003;BK0029;BK0030;BK0031;BK0039;BK0212;BK0223
readily,7,9,0.018767,24.216021,BK0073;BK0182;BK0187;BK0204;BK0218;BK0322;BK0364
spectrum,7,9,0.018767,24.216021,BK0020;BK0093;BK0132;BK0166;BK0171;BK0213;BK0217
studying,7,9,0.018767,24.216021,BK0035;BK0081;BK0082;BK0147;BK0171;BK0247;BK0346
women,7,9,0.018767,24.216021,BK0011;BK0078;BK0081;BK0154;BK0230;BK0263;BK0292
neurons,6,14,0.016086,24.0,BK0079;BK0082;BK0177;BK0210;BK0247;BK0362
hdac,5,25,0.013405,23.774438,BK0084;BK0158;BK0196;BK0232;BK0251
sperm,5,25,0.013405,23.774438,BK0064;BK0086;BK0098;BK0106;BK0114
malaria,5,24,0.013405,23.502199,BK0137;BK0138;BK0219;BK0239;BK0266
coli,6,13,0.016086,23.441344,BK0006;BK0163;BK0264;BK0337;BK0343;BK0354
macrophages,6,13,0.016086,23.441344,BK0050;BK0058;BK0061;BK0112;BK0133;BK0298
repressive,6,13,0.016086,23.441344,BK0059;BK0167;BK0180;BK0190;BK0231;BK0262
adults,7,8,0.018767,23.253497,BK0021;BK0093;BK0111;BK0137;BK0139;BK0173;BK0246
advances,7,8,0.018767,23.253497,BK0053;BK0057;BK0125;BK0283;BK0336;BK0340;BK0348
amounts,7,8,0.018767,23.253497,BK0094;BK0112;BK0168;BK0197;BK0250;BK0263;BK0274
antigenic,7,8,0.018767,23.253497,BK0062;BK0176;BK0204;BK0312;BK0324;BK0361;BK0366
application,7,8,0.018767,23.253497,BK0057;BK0114;BK0145;BK0186;BK0204;BK0256;BK0364
collision,7,8,0.018767,23.253497,BK0074;BK0281;BK0282;BK0309;BK0312;BK0316;BK0321
compound,7,8,0.018767,23.253497,BK0042;BK0056;BK0092;BK0227;BK0257;BK0324;BK0364
conjugation,7,8,0.018767,23.253497,BK0009;BK0091;BK0141;BK0212;BK0278;BK0323;BK0354
date,7,8,0.018767,23.253497,BK0031;BK0120;BK0137;BK0185;BK0239;BK0342;BK0364
deubiquitinases,7,8,0.018767,23.253497,BK0028;BK0035;BK0076;BK0077;BK0165;BK0177;BK0194
efficacy,7,8,0.018767,23.253497,BK0007;BK0025;BK0056;BK0134;BK0161;BK0289;BK0290
immunological,7,8,0.018767,23.253497,BK0010;BK0102;BK0103;BK0119;BK0227;BK0263;BK0283
interferon,7,8,0.018767,23.253497,BK0009;BK0043;BK0044;BK0061;BK0062;BK0080;BK0133
kda,7,8,0.018767,23.253497,BK0090;BK0168;BK0224;BK0303;BK0363;BK0372;BK0373
krebs,7,8,0.018767,23.253497,BK0160;BK0166;BK0208;BK0229;BK0237;BK0271;BK0287
mediates,7,8,0.018767,23.253497,BK0021;BK0031;BK0158;BK0175;BK0196;BK0211;BK0245
member,7,8,0.018767,23.253497,BK0004;BK0033;BK0246;BK0252;BK0291;BK0306;BK0322
much,7,8,0.018767,23.253497,BK0002;BK0006;BK0028;BK0086;BK0113;BK0199;BK0361
organs,7,8,0.018767,23.253497,BK0046;BK0064;BK0088;BK0140;BK0171;BK0206;BK0260
panel,7,8,0.018767,23.253497,BK0037;BK0056;BK0217;BK0227;BK0292;BK0341;BK0359
polypeptides,7,8,0.018767,23.253497,BK0213;BK0220;BK0286;BK0325;BK0354;BK0356;BK0363
prospectively,7,8,0.018767,23.253497,BK0023;BK0051;BK0124;BK0138;BK0239;BK0266;BK0271
reporter,7,8,0.018767,23.253497,BK0096;BK0164;BK0224;BK0246;BK0296;BK0315;BK0340
sensing,7,8,0.018767,23.253497,BK0009;BK0061;BK0062;BK0097;BK0130;BK0170;BK0314
size,7,8,0.018767,23.253497,BK0082;BK0116;BK0145;BK0148;BK0210;BK0358;BK0364
triggered,7,8,0.018767,23.253497,BK0058;BK0065;BK0097;BK0170;BK0186;BK0198;BK0341
ubiquitinated,7,8,0.018767,23.253497,BK0055;BK0069;BK0177;BK0232;BK0249;BK0313;BK0338
validate,7,8,0.018767,23.253497,BK0012;BK0124;BK0137;BK0176;BK0219;BK0220;BK0241
worldwide,7,8,0.018767,23.253497,BK0003;BK0034;BK0037;BK0093;BK0124;BK0239;BK0241
hla,5,23,0.013405,23.219281,BK0010;BK0125;BK0176;BK0204;BK0312
epithelial,6,12,0.016086,22.84413,BK0101;BK0123;BK0211;BK0322;BK0330;BK0345
joint,6,12,0.016086,22.84413,BK0024;BK0154;BK0172;BK0227;BK0230;BK0311
metastatic,6,12,0.016086,22.84413,BK0113;BK0123;BK0191;BK0209;BK0211;BK0321
monocytes,6,12,0.016086,22.84413,BK0050;BK0078;BK0259;BK0300;BK0306;BK0312
recombination,6,12,0.016086,22.84413,BK0026;BK0071;BK0119;BK0158;BK0216;BK0261
polycomb,5,21,0.013405,22.61781,BK0167;BK0180;BK0190;BK0231;BK0262
infected,6,11,0.016086,22.202638,BK0089;BK0137;BK0176;BK0204;BK0254;BK0282
melanogaster,6,11,0.016086,22.202638,BK0021;BK0064;BK0086;BK0098;BK0106;BK0114
neurological,6,11,0.016086,22.202638,BK0017;BK0038;BK0090;BK0137;BK0138;BK0145
retention,6,11,0.016086,22.202638,BK0130;BK0142;BK0154;BK0172;BK0222;BK0230
achieve,7,7,0.018767,22.189475,BK0003;BK0073;BK0084;BK0159;BK0190;BK0222;BK0337
alter,7,7,0.018767,22.189475,BK0016;BK0040;BK0066;BK0079;BK0148;BK0361;BK0370
area,7,7,0.018767,22.189475,BK0051;BK0093;BK0219;BK0256;BK0257;BK0294;BK0295
aspects,7,7,0.018767,22.189475,BK0001;BK0112;BK0117;BK0179;BK0238;BK0267;BK0309
attractive,7,7,0.018767,22.189475,BK0043;BK0055;BK0131;BK0155;BK0281;BK0323;BK0338
biopsies,7,7,0.018767,22.189475,BK0047;BK0051;BK0061;BK0070;BK0075;BK0116;BK0150
cascade,7,7,0.018767,22.189475,BK0009;BK0062;BK0137;BK0138;BK0170;BK0209;BK0247
clinically,7,7,0.018767,22.189475,BK0034;BK0124;BK0175;BK0195;BK0219;BK0283;BK0329
complete,7,7,0.018767,22.189475,BK0030;BK0053;BK0119;BK0286;BK0341;BK0352;BK0373
conclude,7,7,0.018767,22.189475,BK0075;BK0144;BK0221;BK0313;BK0351;BK0364;BK0366
consequence,7,7,0.018767,22.189475,BK0126;BK0184;BK0223;BK0319;BK0320;BK0336;BK0349
consequences,7,7,0.018767,22.189475,BK0016;BK0086;BK0171;BK0233;BK0242;BK0250;BK0263
contributing,7,7,0.018767,22.189475,BK0014;BK0034;BK0040;BK0066;BK0075;BK0078;BK0184
conventional,7,7,0.018767,22.189475,BK0033;BK0062;BK0116;BK0251;BK0316;BK0334;BK0337
core,7,7,0.018767,22.189475,BK0082;BK0089;BK0119;BK0130;BK0142;BK0274;BK0297
defense,7,7,0.018767,22.189475,BK0014;BK0054;BK0058;BK0176;BK0220;BK0298;BK0303
detect,7,7,0.018767,22.189475,BK0002;BK0039;BK0099;BK0103;BK0257;BK0313;BK0356
discovered,7,7,0.018767,22.189475,BK0051;BK0055;BK0149;BK0199;BK0265;BK0338;BK0348
drives,7,7,0.018767,22.189475,BK0007;BK0010;BK0058;BK0059;BK0231;BK0287;BK0301
focus,7,7,0.018767,22.189475,BK0021;BK0057;BK0169;BK0174;BK0217;BK0256;BK0260
frequently,7,7,0.018767,22.189475,BK0163;BK0174;BK0184;BK0205;BK0232;BK0252;BK0314
hallmark,7,7,0.018767,22.189475,BK0016;BK0020;BK0025;BK0028;BK0049;BK0063;BK0203
heavy,7,7,0.018767,22.189475,BK0005;BK0011;BK0063;BK0070;BK0122;BK0257;BK0335
highlighting,7,7,0.018767,22.189475,BK0004;BK0007;BK0012;BK0016;BK0021;BK0062;BK0148
highlights,7,7,0.018767,22.189475,BK0005;BK0048;BK0077;BK0079;BK0080;BK0289;BK0311
hypothesis,7,7,0.018767,22.189475,BK0038;BK0063;BK0083;BK0254;BK0312;BK0330;BK0371
independently,7,7,0.018767,22.189475,BK0027;BK0084;BK0100;BK0221;BK0232;BK0241;BK0358
influences,7,7,0.018767,22.189475,BK0011;BK0196;BK0215;BK0232;BK0238;BK0252;BK0280
inhibit,7,7,0.018767,22.189475,BK0019;BK0165;BK0195;BK0227;BK0259;BK0298;BK0302
inhibits,7,7,0.018767,22.189475,BK0061;BK0076;BK0101;BK0118;BK0251;BK0265;BK0309
insight,7,7,0.018767,22.189475,BK0006;BK0025;BK0095;BK0178;BK0267;BK0322;BK0364
intervention,7,7,0.018767,22.189475,BK0007;BK0017;BK0052;BK0054;BK0081;BK0270;BK0292
interventions,7,7,0.018767,22.189475,BK0061;BK0086;BK0108;BK0137;BK0173;BK0186;BK0283
introduction,7,7,0.018767,22.189475,BK0002;BK0003;BK0057;BK0206;BK0248;BK0263;BK0340
light,7,7,0.018767,22.189475,BK0013;BK0053;BK0175;BK0189;BK0282;BK0320;BK0344
little,7,7,0.018767,22.189475,BK0042;BK0045;BK0172;BK0282;BK0324;BK0333;BK0345
main,7,7,0.018767,22.189475,BK0054;BK0081;BK0098;BK0174;BK0193;BK0292;BK0333
majority,7,7,0.018767,22.189475,BK0052;BK0127;BK0137;BK0205;BK0289;BK0324;BK0334
measured,7,7,0.018767,22.189475,BK0021;BK0082;BK0084;BK0149;BK0211;BK0236;BK0351
newly,7,7,0.018767,22.189475,BK0077;BK0117;BK0158;BK0201;BK0251;BK0293;BK0348
possibility,7,7,0.018767,22.189475,BK0108;BK0150;BK0153;BK0199;BK0252;BK0316;BK0369
profound,7,7,0.018767,22.189475,BK0201;BK0202;BK0229;BK0263;BK0353;BK0364;BK0371
promising,7,7,0.018767,22.189475,BK0007;BK0012;BK0028;BK0037;BK0076;BK0155;BK0239
protocols,7,7,0.018767,22.189475,BK0046;BK0052;BK0109;BK0120;BK0150;BK0152;BK0166
question,7,7,0.018767,22.189475,BK0015;BK0084;BK0090;BK0177;BK0221;BK0315;BK0332
reactivity,7,7,0.018767,22.189475,BK0128;BK0132;BK0181;BK0235;BK0317;BK0341;BK0358
relationship,7,7,0.018767,22.189475,BK0073;BK0100;BK0154;BK0168;BK0206;BK0221;BK0373
serve,7,7,0.018767,22.189475,BK0025;BK0117;BK0163;BK0181;BK0208;BK0271;BK0322
short,7,7,0.018767,22.189475,BK0016;BK0019;BK0073;BK0104;BK0178;BK0364;BK0373
standard,7,7,0.018767,22.189475,BK0002;BK0035;BK0159;BK0166;BK0189;BK0266;BK0274
steps,7,7,0.018767,22.189475,BK0030;BK0208;BK0224;BK0249;BK0300;BK0307;BK0310
strongly,7,7,0.018767,22.189475,BK0177;BK0198;BK0246;BK0275;BK0331;BK0366;BK0371
suitable,7,7,0.018767,22.189475,BK0002;BK0006;BK0132;BK0156;BK0266;BK0270;BK0337
synthesized,7,7,0.018767,22.189475,BK0201;BK0204;BK0218;BK0293;BK0331;BK0343;BK0363
therapeutics,7,7,0.018767,22.189475,BK0013;BK0028;BK0080;BK0132;BK0210;BK0211;BK0283
therapies,7,7,0.018767,22.189475,BK0012;BK0034;BK0048;BK0095;BK0247;BK0251;BK0342
times,7,7,0.018767,22.189475,BK0008;BK0056;BK0111;BK0186;BK0188;BK0222;BK0337
transcriptomic,7,7,0.018767,22.189475,BK0015;BK0050;BK0061;BK0078;BK0095;BK0114;BK0214
treating,7,7,0.018767,22.189475,BK0022;BK0024;BK0153;BK0227;BK0239;BK0283;BK0344
treatments,7,7,0.018767,22.189475,BK0032;BK0034;BK0037;BK0172;BK0173;BK0283;BK0322
utility,7,7,0.018767,22.189475,BK0093;BK0116;BK0251;BK0313;BK0337;BK0346;BK0356
utilized,7,7,0.018767,22.189475,BK0102;BK0166;BK0176;BK0196;BK0258;BK0272;BK0299
widely,7,7,0.018767,22.189475,BK0090;BK0125;BK0155;BK0205;BK0285;BK0319;BK0362
rats,5,19,0.013405,21.961587,BK0221;BK0304;BK0329;BK0347;BK0351
diabetes,5,18,0.013405,21.60964,BK0160;BK0171;BK0198;BK0221;BK0227
fumarate,5,18,0.013405,21.60964,BK0160;BK0229;BK0237;BK0271;BK0287
actin,6,10,0.016086,21.509775,BK0047;BK0072;BK0083;BK0209;BK0260;BK0308
ion,6,10,0.016086,21.509775,BK0017;BK0020;BK0159;BK0189;BK0333;BK0337
iron,6,10,0.016086,21.509775,BK0078;BK0237;BK0277;BK0286;BK0314;BK0329
oxygenases,6,10,0.016086,21.509775,BK0169;BK0223;BK0226;BK0270;BK0277;BK0288
positive,6,10,0.016086,21.509775,BK0020;BK0077;BK0094;BK0128;BK0240;BK0298
protocol,6,10,0.016086,21.509775,BK0030;BK0120;BK0174;BK0266;BK0299;BK0364
prostate,5,17,0.013405,21.239638,BK0064;BK0211;BK0302;BK0321;BK0325
usp18,5,16,0.013405,20.849625,BK0009;BK0044;BK0045;BK0054;BK0062
agent,6,9,0.016086,20.75659,BK0009;BK0131;BK0155;BK0173;BK0272;BK0334
autoimmunity,6,9,0.016086,20.75659,BK0125;BK0206;BK0240;BK0255;BK0309;BK0330
carcinoma,6,9,0.016086,20.75659,BK0062;BK0065;BK0076;BK0195;BK0241;BK0302
failure,6,9,0.016086,20.75659,BK0032;BK0090;BK0150;BK0154;BK0172;BK0325
lactate,6,9,0.016086,20.75659,BK0008;BK0093;BK0100;BK0166;BK0197;BK0239
macrophage,6,9,0.016086,20.75659,BK0050;BK0058;BK0112;BK0122;BK0124;BK0133
months,6,9,0.016086,20.75659,BK0051;BK0129;BK0139;BK0154;BK0304;BK0329
older,6,9,0.016086,20.75659,BK0086;BK0111;BK0139;BK0150;BK0188;BK0197
separation,6,9,0.016086,20.75659,BK0109;BK0166;BK0222;BK0248;BK0337;BK0352
silencing,6,9,0.016086,20.75659,BK0153;BK0164;BK0167;BK0180;BK0218;BK0262
termination,6,9,0.016086,20.75659,BK0067;BK0070;BK0099;BK0223;BK0225;BK0226
translocation,6,9,0.016086,20.75659,BK0149;BK0182;BK0198;BK0228;BK0317;BK0367
transplantation,6,9,0.016086,20.75659,BK0008;BK0052;BK0116;BK0197;BK0254;BK0299
tyrosine,6,9,0.016086,20.75659,BK0090;BK0096;BK0310;BK0322;BK0351;BK0367
undergoing,6,9,0.016086,20.75659,BK0008;BK0014;BK0023;BK0198;BK0292;BK0294
pain,5,15,0.013405,20.437314,BK0011;BK0017;BK0078;BK0134;BK0292
prc1,5,15,0.013405,20.437314,BK0167;BK0180;BK0190;BK0231;BK0262
ankyrin,5,14,0.013405,20.0,BK0273;BK0279;BK0286;BK0316;BK0327
falciparum,5,14,0.013405,20.0,BK0012;BK0138;BK0219;BK0239;BK0266
succination,5,14,0.013405,20.0,BK0160;BK0229;BK0237;BK0271;BK0287
cerevisiae,6,8,0.016086,19.931569,BK0099;BK0205;BK0223;BK0225;BK0276;BK0296
collected,6,8,0.016086,19.931569,BK0014;BK0023;BK0049;BK0051;BK0173;BK0199
commonly,6,8,0.016086,19.931569,BK0093;BK0173;BK0195;BK0200;BK0361;BK0364
composed,6,8,0.016086,19.931569,BK0098;BK0135;BK0217;BK0371;BK0372;BK0373
correlates,6,8,0.016086,19.931569,BK0051;BK0058;BK0131;BK0237;BK0250;BK0317
deletion,6,8,0.016086,19.931569,BK0062;BK0076;BK0095;BK0160;BK0223;BK0246
homology,6,8,0.016086,19.931569,BK0012;BK0144;BK0181;BK0215;BK0338;BK0359
inducing,6,8,0.016086,19.931569,BK0036;BK0048;BK0065;BK0125;BK0247;BK0347
intermediate,6,8,0.016086,19.931569,BK0148;BK0158;BK0229;BK0235;BK0250;BK0358
mapping,6,8,0.016086,19.931569,BK0002;BK0017;BK0039;BK0085;BK0134;BK0313
migration,6,8,0.016086,19.931569,BK0113;BK0123;BK0124;BK0126;BK0164;BK0209
optimized,6,8,0.016086,19.931569,BK0080;BK0113;BK0207;BK0222;BK0239;BK0266
pathogen,6,8,0.016086,19.931569,BK0038;BK0053;BK0120;BK0131;BK0151;BK0323
pathophysiology,6,8,0.016086,19.931569,BK0067;BK0129;BK0137;BK0189;BK0236;BK0263
proteasomes,6,8,0.016086,19.931569,BK0138;BK0283;BK0304;BK0342;BK0364;BK0365
secondary,6,8,0.016086,19.931569,BK0063;BK0098;BK0170;BK0236;BK0260;BK0267
synthase,6,8,0.016086,19.931569,BK0070;BK0112;BK0117;BK0141;BK0203;BK0303
dcs,5,13,0.013405,19.534453,BK0163;BK0170;BK0259;BK0298;BK0326
body,5,12,0.013405,19.036775,BK0005;BK0129;BK0171;BK0177;BK0291
female,5,12,0.013405,19.036775,BK0021;BK0064;BK0098;BK0114;BK0171
hiv,5,12,0.013405,19.036775,BK0173;BK0259;BK0289;BK0298;BK0326
interactome,5,12,0.013405,19.036775,BK0031;BK0044;BK0073;BK0079;BK0232
translational,5,12,0.013405,19.036775,BK0078;BK0135;BK0223;BK0225;BK0226
ubl,5,12,0.013405,19.036775,BK0002;BK0323;BK0336;BK0348;BK0354
accessible,6,7,0.016086,19.01955,BK0159;BK0187;BK0193;BK0200;BK0207;BK0364
activating,6,7,0.016086,19.01955,BK0012;BK0029;BK0191;BK0334;BK0347;BK0355
advanced,6,7,0.016086,19.01955,BK0002;BK0046;BK0057;BK0062;BK0103;BK0209
analytical,6,7,0.016086,19.01955,BK0002;BK0091;BK0109;BK0176;BK0199;BK0222
availability,6,7,0.016086,19.01955,BK0003;BK0092;BK0117;BK0141;BK0267;BK0297
balance,6,7,0.016086,19.01955,BK0008;BK0028;BK0136;BK0141;BK0148;BK0208
cascades,6,7,0.016086,19.01955,BK0029;BK0070;BK0129;BK0191;BK0242;BK0255
characterise,6,7,0.016086,19.01955,BK0003;BK0046;BK0126;BK0180;BK0182;BK0263
conformation,6,7,0.016086,19.01955,BK0060;BK0147;BK0168;BK0183;BK0195;BK0358
consequently,6,7,0.016086,19.01955,BK0024;BK0062;BK0072;BK0076;BK0265;BK0269
dehydrogenase,6,7,0.016086,19.01955,BK0044;BK0075;BK0100;BK0229;BK0239;BK0303
depth,6,7,0.016086,19.01955,BK0027;BK0046;BK0103;BK0125;BK0145;BK0159
deubiquitylation,6,7,0.016086,19.01955,BK0092;BK0118;BK0216;BK0253;BK0293;BK0331
dysregulation,6,7,0.016086,19.01955,BK0025;BK0028;BK0047;BK0083;BK0174;BK0287
electrophoresis,6,7,0.016086,19.01955,BK0128;BK0206;BK0312;BK0329;BK0337;BK0352
enhances,6,7,0.016086,19.01955,BK0009;BK0062;BK0145;BK0162;BK0265;BK0301
evolution,6,7,0.016086,19.01955,BK0015;BK0098;BK0106;BK0246;BK0323;BK0371
feedback,6,7,0.016086,19.01955,BK0094;BK0133;BK0240;BK0242;BK0285;BK0291
fusion,6,7,0.016086,19.01955,BK0030;BK0159;BK0183;BK0286;BK0308;BK0317
homolog,6,7,0.016086,19.01955,BK0158;BK0192;BK0223;BK0315;BK0358;BK0363
inactivation,6,7,0.016086,19.01955,BK0069;BK0076;BK0225;BK0261;BK0268;BK0287
influencing,6,7,0.016086,19.01955,BK0021;BK0208;BK0215;BK0252;BK0281;BK0351
lethal,6,7,0.016086,19.01955,BK0131;BK0135;BK0200;BK0267;BK0362;BK0365
loop,6,7,0.016086,19.01955,BK0104;BK0133;BK0195;BK0242;BK0291;BK0302
maintenance,6,7,0.016086,19.01955,BK0028;BK0045;BK0072;BK0212;BK0331;BK0362
markedly,6,7,0.016086,19.01955,BK0113;BK0129;BK0144;BK0177;BK0239;BK0301
modifies,6,7,0.016086,19.01955,BK0044;BK0133;BK0177;BK0224;BK0287;BK0363
organisation,6,7,0.016086,19.01955,BK0011;BK0039;BK0085;BK0126;BK0150;BK0209
otub1,4,25,0.010724,19.01955,BK0211;BK0213;BK0306;BK0317
rates,6,7,0.016086,19.01955,BK0136;BK0154;BK0205;BK0337;BK0351;BK0365
reduces,6,7,0.016086,19.01955,BK0032;BK0061;BK0123;BK0177;BK0232;BK0242
scaffold,6,7,0.016086,19.01955,BK0018;BK0025;BK0108;BK0110;BK0227;BK0336
shared,6,7,0.016086,19.01955,BK0016;BK0033;BK0151;BK0255;BK0289;BK0323
success,6,7,0.016086,19.01955,BK0021;BK0064;BK0086;BK0124;BK0154;BK0172
tag,6,7,0.016086,19.01955,BK0002;BK0038;BK0096;BK0144;BK0258;BK0270
unlike,6,7,0.016086,19.01955,BK0119;BK0163;BK0177;BK0193;BK0255;BK0364
vesicle,6,7,0.016086,19.01955,BK0020;BK0050;BK0079;BK0082;BK0145;BK0242
workflows,6,7,0.016086,19.01955,BK0002;BK0006;BK0013;BK0125;BK0248;BK0274
ankylosing,5,11,0.013405,18.502199,BK0218;BK0255;BK0257;BK0275;BK0312
atp,5,11,0.013405,18.502199,BK0136;BK0160;BK0203;BK0290;BK0303
digestion,5,11,0.013405,18.502199,BK0002;BK0150;BK0282;BK0299;BK0352
disruption,5,11,0.013405,18.502199,BK0096;BK0110;BK0137;BK0149;BK0328
fraction,5,11,0.013405,18.502199,BK0016;BK0020;BK0056;BK0222;BK0357
fragments,5,11,0.013405,18.502199,BK0047;BK0063;BK0090;BK0186;BK0298
learning,5,11,0.013405,18.502199,BK0003;BK0037;BK0038;BK0139;BK0238
males,5,11,0.013405,18.502199,BK0021;BK0064;BK0086;BK0106;BK0114
redox,5,11,0.013405,18.502199,BK0148;BK0208;BK0229;BK0308;BK0329
spondylitis,5,11,0.013405,18.502199,BK0218;BK0255;BK0257;BK0275;BK0312
sfps,4,21,0.010724,18.094248,BK0021;BK0098;BK0106;BK0114
access,6,6,0.016086,18.0,BK0137;BK0161;BK0187;BK0248;BK0297;BK0360
activator,6,6,0.016086,18.0,BK0041;BK0203;BK0296;BK0302;BK0312;BK0320
adjacent,6,6,0.016086,18.0,BK0005;BK0113;BK0123;BK0132;BK0140;BK0344
alone,6,6,0.016086,18.0,BK0041;BK0220;BK0251;BK0334;BK0358;BK0360
appears,6,6,0.016086,18.0,BK0152;BK0296;BK0305;BK0338;BK0343;BK0364
applications,6,6,0.016086,18.0,BK0174;BK0227;BK0295;BK0336;BK0337;BK0346
attachment,6,6,0.016086,18.0,BK0091;BK0108;BK0250;BK0258;BK0323;BK0340
budding,6,6,0.016086,18.0,BK0060;BK0099;BK0102;BK0276;BK0296;BK0331
catalyzed,6,6,0.016086,18.0,BK0250;BK0273;BK0277;BK0309;BK0315;BK0343
cavity,6,6,0.016086,18.0,BK0078;BK0163;BK0183;BK0307;BK0358;BK0366
challenge,6,6,0.016086,18.0,BK0043;BK0105;BK0217;BK0220;BK0289;BK0309
clearly,6,6,0.016086,18.0,BK0116;BK0171;BK0291;BK0321;BK0323;BK0369
closely,6,6,0.016086,18.0,BK0025;BK0143;BK0168;BK0223;BK0267;BK0366
comparative,6,6,0.016086,18.0,BK0085;BK0120;BK0177;BK0274;BK0281;BK0286
complementary,6,6,0.016086,18.0,BK0024;BK0112;BK0114;BK0182;BK0311;BK0366
concomitant,6,6,0.016086,18.0,BK0045;BK0104;BK0117;BK0148;BK0276;BK0306
considered,6,6,0.016086,18.0,BK0025;BK0131;BK0204;BK0227;BK0283;BK0316
corresponding,6,6,0.016086,18.0,BK0149;BK0163;BK0209;BK0316;BK0342;BK0363
depend,6,6,0.016086,18.0,BK0045;BK0077;BK0080;BK0100;BK0215;BK0260
disorder,6,6,0.016086,18.0,BK0013;BK0111;BK0129;BK0263;BK0283;BK0335
double,6,6,0.016086,18.0,BK0024;BK0036;BK0071;BK0130;BK0278;BK0358
elusive,6,6,0.016086,18.0,BK0033;BK0046;BK0048;BK0142;BK0149;BK0202
employed,6,6,0.016086,18.0,BK0137;BK0204;BK0205;BK0214;BK0257;BK0286
example,6,6,0.016086,18.0,BK0032;BK0084;BK0087;BK0125;BK0165;BK0257
existence,6,6,0.016086,18.0,BK0033;BK0044;BK0090;BK0183;BK0328;BK0372
existing,6,6,0.016086,18.0,BK0037;BK0099;BK0116;BK0267;BK0271;BK0274
extend,6,6,0.016086,18.0,BK0048;BK0201;BK0331;BK0337;BK0347;BK0358
fate,6,6,0.016086,18.0,BK0091;BK0179;BK0212;BK0313;BK0323;BK0340
glycoprotein,6,6,0.016086,18.0,BK0150;BK0183;BK0186;BK0220;BK0303;BK0352
health,6,6,0.016086,18.0,BK0055;BK0076;BK0101;BK0124;BK0189;BK0219
hypothesized,6,6,0.016086,18.0,BK0047;BK0178;BK0222;BK0247;BK0271;BK0330
iii,6,6,0.016086,18.0,BK0024;BK0051;BK0071;BK0106;BK0159;BK0200
increasingly,6,6,0.016086,18.0,BK0153;BK0155;BK0174;BK0175;BK0176;BK0340
instead,6,6,0.016086,18.0,BK0024;BK0058;BK0107;BK0199;BK0217;BK0321
knockout,6,6,0.016086,18.0,BK0009;BK0036;BK0073;BK0129;BK0260;BK0269
length,6,6,0.016086,18.0,BK0023;BK0139;BK0166;BK0218;BK0275;BK0291
lysates,6,6,0.016086,18.0,BK0044;BK0222;BK0284;BK0337;BK0354;BK0355
marker,6,6,0.016086,18.0,BK0077;BK0078;BK0145;BK0150;BK0239;BK0292
mechanistically,6,6,0.016086,18.0,BK0019;BK0069;BK0110;BK0142;BK0175;BK0262
mediator,6,6,0.016086,18.0,BK0064;BK0110;BK0112;BK0134;BK0141;BK0310
methodologies,6,6,0.016086,18.0,BK0002;BK0011;BK0056;BK0109;BK0174;BK0182
modulating,6,6,0.016086,18.0,BK0009;BK0064;BK0085;BK0208;BK0213;BK0298
negatively,6,6,0.016086,18.0,BK0009;BK0027;BK0032;BK0092;BK0164;BK0273
nucleus,6,6,0.016086,18.0,BK0083;BK0168;BK0182;BK0192;BK0300;BK0353
objectives,6,6,0.016086,18.0,BK0005;BK0093;BK0124;BK0181;BK0263;BK0312
observe,6,6,0.016086,18.0,BK0004;BK0048;BK0084;BK0101;BK0146;BK0180
opportunities,6,6,0.016086,18.0,BK0018;BK0021;BK0048;BK0061;BK0067;BK0077
otherwise,6,6,0.016086,18.0,BK0008;BK0165;BK0247;BK0276;BK0308;BK0365
parameters,6,6,0.016086,18.0,BK0056;BK0066;BK0124;BK0129;BK0164;BK0339
pattern,6,6,0.016086,18.0,BK0045;BK0054;BK0186;BK0201;BK0329;BK0345
per,6,6,0.016086,18.0,BK0021;BK0032;BK0046;BK0076;BK0131;BK0172
points,6,6,0.016086,18.0,BK0054;BK0067;BK0174;BK0185;BK0295;BK0298
powerful,6,6,0.016086,18.0,BK0013;BK0118;BK0125;BK0255;BK0256;BK0312
prevents,6,6,0.016086,18.0,BK0026;BK0101;BK0157;BK0191;BK0265;BK0280
proper,6,6,0.016086,18.0,BK0026;BK0083;BK0192;BK0228;BK0285;BK0291
receptors,6,6,0.016086,18.0,BK0155;BK0183;BK0193;BK0301;BK0327;BK0341
reflect,6,6,0.016086,18.0,BK0020;BK0139;BK0210;BK0252;BK0267;BK0354
reflects,6,6,0.016086,18.0,BK0002;BK0145;BK0252;BK0280;BK0320;BK0330
representing,6,6,0.016086,18.0,BK0131;BK0166;BK0179;BK0199;BK0329;BK0331
spectrometric,6,6,0.016086,18.0,BK0115;BK0143;BK0168;BK0223;BK0234;BK0322
state,6,6,0.016086,18.0,BK0022;BK0183;BK0223;BK0260;BK0269;BK0280
stroke,6,6,0.016086,18.0,BK0017;BK0023;BK0197;BK0247;BK0294;BK0335
successful,6,6,0.016086,18.0,BK0154;BK0155;BK0186;BK0251;BK0289;BK0333
successfully,6,6,0.016086,18.0,BK0013;BK0027;BK0081;BK0313;BK0337;BK0348
terminus,6,6,0.016086,18.0,BK0042;BK0168;BK0226;BK0234;BK0344;BK0359
thought,6,6,0.016086,18.0,BK0078;BK0150;BK0172;BK0206;BK0220;BK0347
transition,6,6,0.016086,18.0,BK0123;BK0146;BK0183;BK0185;BK0199;BK0277
trials,6,6,0.016086,18.0,BK0057;BK0122;BK0124;BK0129;BK0148;BK0342
triggers,6,6,0.016086,18.0,BK0019;BK0058;BK0183;BK0240;BK0251;BK0319
unbiased,6,6,0.016086,18.0,BK0027;BK0039;BK0121;BK0196;BK0220;BK0308
uncover,6,6,0.016086,18.0,BK0026;BK0031;BK0048;BK0101;BK0130;BK0141
whilst,6,6,0.016086,18.0,BK0020;BK0028;BK0046;BK0068;BK0082;BK0136
ischemic,5,10,0.013405,17.924813,BK0052;BK0136;BK0247;BK0270;BK0332
mating,5,10,0.013405,17.924813,BK0021;BK0064;BK0086;BK0106;BK0114
metabolite,5,10,0.013405,17.924813,BK0023;BK0133;BK0136;BK0166;BK0257
ard,4,19,0.010724,17.56927,BK0273;BK0286;BK0316;BK0327
citrullination,4,19,0.010724,17.56927,BK0123;BK0175;BK0181;BK0206
hif1,4,19,0.010724,17.56927,BK0095;BK0160;BK0208;BK0209
acquisition,5,9,0.013405,17.297158,BK0003;BK0027;BK0038;BK0046;BK0333
apoptotic,5,9,0.013405,17.297158,BK0203;BK0233;BK0259;BK0310;BK0347
autoantibodies,5,9,0.013405,17.297158,BK0128;BK0181;BK0255;BK0311;BK0330
compartment,5,9,0.013405,17.297158,BK0118;BK0161;BK0300;BK0325;BK0341
days,5,9,0.013405,17.297158,BK0088;BK0154;BK0172;BK0298;BK0308
developmental,5,9,0.013405,17.297158,BK0021;BK0127;BK0242;BK0300;BK0305
driver,5,9,0.013405,17.297158,BK0011;BK0023;BK0036;BK0048;BK0090
external,5,9,0.013405,17.297158,BK0003;BK0124;BK0166;BK0295;BK0343
gas,5,9,0.013405,17.297158,BK0006;BK0008;BK0109;BK0166;BK0174
isgylation,5,9,0.013405,17.297158,BK0009;BK0044;BK0054;BK0058;BK0062
ovarian,5,9,0.013405,17.297158,BK0191;BK0211;BK0213;BK0306;BK0348
photoreactive,5,9,0.013405,17.297158,BK0270;BK0366;BK0367;BK0368;BK0369
subtypes,5,9,0.013405,17.297158,BK0005;BK0017;BK0101;BK0217;BK0254
cyld,4,18,0.010724,17.287712,BK0054;BK0147;BK0194;BK0301
bortezomib,4,17,0.010724,16.99171,BK0251;BK0334;BK0339;BK0342
citrullinated,4,16,0.010724,16.6797,BK0151;BK0175;BK0181;BK0206
adaptation,5,8,0.013405,16.60964,BK0095;BK0117;BK0182;BK0230;BK0308
autoantigens,5,8,0.013405,16.60964,BK0128;BK0206;BK0255;BK0311;BK0371
case,5,8,0.013405,16.60964,BK0173;BK0191;BK0271;BK0273;BK0371
conjugated,5,8,0.013405,16.60964,BK0009;BK0058;BK0115;BK0212;BK0366
demethylases,5,8,0.013405,16.60964,BK0105;BK0143;BK0156;BK0169;BK0309
encoded,5,8,0.013405,16.60964,BK0020;BK0168;BK0323;BK0338;BK0366
fractions,5,8,0.013405,16.60964,BK0020;BK0063;BK0120;BK0311;BK0333
frequency,5,8,0.013405,16.60964,BK0099;BK0131;BK0139;BK0368;BK0370
glycolytic,5,8,0.013405,16.60964,BK0058;BK0100;BK0112;BK0197;BK0200
gradient,5,8,0.013405,16.60964,BK0106;BK0122;BK0166;BK0222;BK0337
immunodeficiency,5,8,0.013405,16.60964,BK0125;BK0183;BK0204;BK0298;BK0326
isolation,5,8,0.013405,16.60964,BK0109;BK0120;BK0186;BK0290;BK0299
ligation,5,8,0.013405,16.60964,BK0031;BK0307;BK0340;BK0351;BK0359
metabolomics,5,8,0.013405,16.60964,BK0008;BK0166;BK0171;BK0208;BK0248
modules,5,8,0.013405,16.60964,BK0004;BK0027;BK0068;BK0157;BK0373
pancreatic,5,8,0.013405,16.60964,BK0029;BK0140;BK0160;BK0201;BK0303
partners,5,8,0.013405,16.60964,BK0203;BK0220;BK0228;BK0246;BK0317
polymerase,5,8,0.013405,16.60964,BK0157;BK0293;BK0313;BK0318;BK0343
transplant,5,8,0.013405,16.60964,BK0032;BK0052;BK0070;BK0088;BK0254
vimentin,5,8,0.013405,16.60964,BK0151;BK0181;BK0206;BK0308;BK0322
year,5,8,0.013405,16.60964,BK0023;BK0070;BK0076;BK0173;BK0239
p97,4,14,0.010724,16.0,BK0055;BK0069;BK0090;BK0228
abnormal,5,7,0.013405,15.849625,BK0011;BK0063;BK0150;BK0153;BK0361
anemia,5,7,0.013405,15.849625,BK0120;BK0130;BK0239;BK0270;BK0300
berghei,5,7,0.013405,15.849625,BK0137;BK0366;BK0367;BK0368;BK0369
classes,5,7,0.013405,15.849625,BK0098;BK0166;BK0227;BK0248;BK0256
conjugating,5,7,0.013405,15.849625,BK0012;BK0141;BK0152;BK0354;BK0355
fast,5,7,0.013405,15.849625,BK0046;BK0051;BK0100;BK0207;BK0337
fibrosis,5,7,0.013405,15.849625,BK0005;BK0032;BK0050;BK0052;BK0267
glycolysis,5,7,0.013405,15.849625,BK0095;BK0112;BK0136;BK0166;BK0208
grafts,5,7,0.013405,15.849625,BK0032;BK0047;BK0049;BK0052;BK0070
hydratase,5,7,0.013405,15.849625,BK0160;BK0229;BK0237;BK0271;BK0287
ifn,5,7,0.013405,15.849625,BK0009;BK0062;BK0072;BK0112;BK0131
inhibitory,5,7,0.013405,15.849625,BK0042;BK0124;BK0298;BK0302;BK0321
linear,5,7,0.013405,15.849625,BK0019;BK0115;BK0147;BK0194;BK0222
median,5,7,0.013405,15.849625,BK0023;BK0159;BK0172;BK0181;BK0230
networks,5,7,0.013405,15.849625,BK0003;BK0039;BK0045;BK0100;BK0249
polypeptide,5,7,0.013405,15.849625,BK0091;BK0220;BK0317;BK0359;BK0373
rat,5,7,0.013405,15.849625,BK0128;BK0136;BK0210;BK0221;BK0351
remodeling,5,7,0.013405,15.849625,BK0014;BK0028;BK0059;BK0112;BK0362
ribosomal,5,7,0.013405,15.849625,BK0074;BK0223;BK0225;BK0226;BK0264
sodium,5,7,0.013405,15.849625,BK0134;BK0189;BK0210;BK0337;BK0352
sulfone,5,7,0.013405,15.849625,BK0354;BK0358;BK0360;BK0363;BK0364
supported,5,7,0.013405,15.849625,BK0011;BK0102;BK0116;BK0309;BK0371
synthetic,5,7,0.013405,15.849625,BK0107;BK0148;BK0156;BK0256;BK0340
technology,5,7,0.013405,15.849625,BK0039;BK0103;BK0129;BK0263;BK0316
trafficking,5,7,0.013405,15.849625,BK0010;BK0050;BK0115;BK0177;BK0308
vaccines,5,7,0.013405,15.849625,BK0080;BK0125;BK0131;BK0215;BK0371
yield,5,7,0.013405,15.849625,BK0145;BK0150;BK0201;BK0205;BK0299
ancient,4,13,0.010724,15.627562,BK0111;BK0185;BK0199;BK0323
ecm,4,13,0.010724,15.627562,BK0113;BK0137;BK0150;BK0242
muscles,4,13,0.010724,15.627562,BK0083;BK0104;BK0304;BK0351
myeloma,4,13,0.010724,15.627562,BK0251;BK0334;BK0339;BK0342
pad4,4,13,0.010724,15.627562,BK0123;BK0175;BK0181;BK0206
usp30,3,33,0.008043,15.387849,BK0018;BK0042;BK0092
cortex,4,12,0.010724,15.22942,BK0020;BK0063;BK0171;BK0362
transgenic,4,12,0.010724,15.22942,BK0140;BK0171;BK0242;BK0260
accessibility,5,6,0.013405,15.0,BK0048;BK0059;BK0084;BK0179;BK0317
according,5,6,0.013405,15.0,BK0081;BK0154;BK0166;BK0230;BK0351
augments,5,6,0.013405,15.0,BK0162;BK0175;BK0203;BK0233;BK0320
break,5,6,0.013405,15.0,BK0026;BK0090;BK0110;BK0119;BK0142
crude,5,6,0.013405,15.0,BK0103;BK0270;BK0339;BK0346;BK0355
damaged,5,6,0.013405,15.0,BK0042;BK0092;BK0201;BK0233;BK0300
decrease,5,6,0.013405,15.0,BK0023;BK0076;BK0160;BK0223;BK0367
deleted,5,6,0.013405,15.0,BK0095;BK0200;BK0208;BK0245;BK0358
differed,5,6,0.013405,15.0,BK0122;BK0304;BK0312;BK0343;BK0369
discrimination,5,6,0.013405,15.0,BK0070;BK0124;BK0125;BK0159;BK0364
displayed,5,6,0.013405,15.0,BK0129;BK0195;BK0200;BK0303;BK0368
dominant,5,6,0.013405,15.0,BK0010;BK0015;BK0066;BK0188;BK0278
driving,5,6,0.013405,15.0,BK0005;BK0013;BK0062;BK0175;BK0191
environment,5,6,0.013405,15.0,BK0021;BK0029;BK0163;BK0256;BK0360
escherichia,5,6,0.013405,15.0,BK0163;BK0264;BK0337;BK0343;BK0354
experience,5,6,0.013405,15.0,BK0008;BK0106;BK0173;BK0230;BK0299
facilitates,5,6,0.013405,15.0,BK0101;BK0142;BK0162;BK0193;BK0320
folding,5,6,0.013405,15.0,BK0013;BK0072;BK0153;BK0228;BK0303
hence,5,6,0.013405,15.0,BK0004;BK0197;BK0212;BK0230;BK0370
hydrolase,5,6,0.013405,15.0,BK0025;BK0027;BK0082;BK0142;BK0354
incorporated,5,6,0.013405,15.0,BK0099;BK0125;BK0201;BK0305;BK0351
infectious,5,6,0.013405,15.0,BK0009;BK0125;BK0249;BK0283;BK0323
inform,5,6,0.013405,15.0,BK0046;BK0068;BK0111;BK0125;BK0204
interacting,5,6,0.013405,15.0,BK0020;BK0031;BK0054;BK0224;BK0323
intrinsic,5,6,0.013405,15.0,BK0013;BK0065;BK0071;BK0291;BK0323
limiting,5,6,0.013405,15.0,BK0007;BK0094;BK0099;BK0117;BK0200
malignancies,5,6,0.013405,15.0,BK0029;BK0196;BK0200;BK0283;BK0334
mediators,5,6,0.013405,15.0,BK0051;BK0163;BK0170;BK0180;BK0321
medium,5,6,0.013405,15.0,BK0120;BK0189;BK0302;BK0321;BK0351
metabolomic,5,6,0.013405,15.0,BK0095;BK0100;BK0136;BK0197;BK0257
methyl,5,6,0.013405,15.0,BK0166;BK0169;BK0317;BK0357;BK0364
modeling,5,6,0.013405,15.0,BK0038;BK0135;BK0144;BK0185;BK0366
mutants,5,6,0.013405,15.0,BK0029;BK0048;BK0073;BK0168;BK0267
novo,5,6,0.013405,15.0,BK0149;BK0201;BK0204;BK0220;BK0231
open,5,6,0.013405,15.0,BK0051;BK0209;BK0275;BK0352;BK0373
otu,5,6,0.013405,15.0,BK0073;BK0115;BK0211;BK0348;BK0359
pharmacological,5,6,0.013405,15.0,BK0043;BK0103;BK0108;BK0283;BK0316
preserved,5,6,0.013405,15.0,BK0111;BK0171;BK0178;BK0188;BK0367
proximal,5,6,0.013405,15.0,BK0147;BK0193;BK0281;BK0301;BK0352
recovery,5,6,0.013405,15.0,BK0014;BK0080;BK0109;BK0120;BK0131
relative,5,6,0.013405,15.0,BK0129;BK0183;BK0195;BK0274;BK0303
resection,5,6,0.013405,15.0,BK0026;BK0069;BK0071;BK0178;BK0216
series,5,6,0.013405,15.0,BK0172;BK0178;BK0271;BK0321;BK0353
supporting,5,6,0.013405,15.0,BK0114;BK0139;BK0213;BK0315;BK0328
toxicity,5,6,0.013405,15.0,BK0087;BK0161;BK0177;BK0184;BK0303
trigger,5,6,0.013405,15.0,BK0006;BK0047;BK0092;BK0202;BK0240
variable,5,6,0.013405,15.0,BK0070;BK0088;BK0096;BK0186;BK0254
variation,5,6,0.013405,15.0,BK0186;BK0221;BK0281;BK0282;BK0294
nitric,4,11,0.010724,14.801759,BK0112;BK0141;BK0148;BK0288
oxide,4,11,0.010724,14.801759,BK0112;BK0141;BK0148;BK0288
ubls,4,11,0.010724,14.801759,BK0323;BK0336;BK0348;BK0354
abnormalities,5,5,0.013405,14.036775,BK0064;BK0111;BK0173;BK0267;BK0276
adaptive,5,5,0.013405,14.036775,BK0066;BK0072;BK0106;BK0259;BK0356
adverse,5,5,0.013405,14.036775,BK0032;BK0047;BK0161;BK0195;BK0201
bacteria,5,5,0.013405,14.036775,BK0101;BK0163;BK0250;BK0323;BK0343
become,5,5,0.013405,14.036775,BK0086;BK0174;BK0209;BK0321;BK0331
best,5,5,0.013405,14.036775,BK0114;BK0140;BK0219;BK0230;BK0266
bond,5,5,0.013405,14.036775,BK0033;BK0042;BK0090;BK0143;BK0313
canonical,5,5,0.013405,14.036775,BK0002;BK0009;BK0012;BK0044;BK0327
capture,5,5,0.013405,14.036775,BK0006;BK0012;BK0013;BK0102;BK0182
characterisation,5,5,0.013405,14.036775,BK0003;BK0053;BK0092;BK0120;BK0283
clear,5,5,0.013405,14.036775,BK0109;BK0230;BK0234;BK0278;BK0371
cleave,5,5,0.013405,14.036775,BK0024;BK0179;BK0213;BK0317;BK0338
coagulation,5,5,0.013405,14.036775,BK0049;BK0136;BK0137;BK0138;BK0186
coincides,5,5,0.013405,14.036775,BK0101;BK0153;BK0233;BK0252;BK0344
comprising,5,5,0.013405,14.036775,BK0024;BK0048;BK0119;BK0122;BK0292
concept,5,5,0.013405,14.036775,BK0095;BK0148;BK0230;BK0256;BK0356
confirm,5,5,0.013405,14.036775,BK0114;BK0128;BK0150;BK0185;BK0358
conjugates,5,5,0.013405,14.036775,BK0009;BK0278;BK0307;BK0317;BK0345
considerable,5,5,0.013405,14.036775,BK0076;BK0120;BK0222;BK0223;BK0227
consistently,5,5,0.013405,14.036775,BK0008;BK0122;BK0138;BK0214;BK0294
coordinate,5,5,0.013405,14.036775,BK0024;BK0101;BK0146;BK0175;BK0253
counterparts,5,5,0.013405,14.036775,BK0113;BK0323;BK0356;BK0364;BK0372
crystallographic,5,5,0.013405,14.036775,BK0143;BK0279;BK0327;BK0360;BK0366
designed,5,5,0.013405,14.036775,BK0052;BK0105;BK0124;BK0147;BK0346
detectable,5,5,0.013405,14.036775,BK0147;BK0248;BK0322;BK0333;BK0338
determinants,5,5,0.013405,14.036775,BK0068;BK0101;BK0128;BK0247;BK0311
difficult,5,5,0.013405,14.036775,BK0019;BK0099;BK0161;BK0236;BK0316
discuss,5,5,0.013405,14.036775,BK0060;BK0066;BK0238;BK0283;BK0361
display,5,5,0.013405,14.036775,BK0061;BK0144;BK0201;BK0246;BK0267
disrupts,5,5,0.013405,14.036775,BK0059;BK0079;BK0126;BK0175;BK0344
downregulates,5,5,0.013405,14.036775,BK0126;BK0164;BK0203;BK0232;BK0233
effectively,5,5,0.013405,14.036775,BK0065;BK0178;BK0201;BK0231;BK0334
elements,5,5,0.013405,14.036775,BK0084;BK0092;BK0127;BK0182;BK0262
enables,5,5,0.013405,14.036775,BK0010;BK0126;BK0140;BK0254;BK0256
enabling,5,5,0.013405,14.036775,BK0002;BK0041;BK0120;BK0133;BK0195
estimated,5,5,0.013405,14.036775,BK0008;BK0114;BK0199;BK0219;BK0373
exclusive,5,5,0.013405,14.036775,BK0098;BK0121;BK0180;BK0213;BK0229
exhibit,5,5,0.013405,14.036775,BK0015;BK0037;BK0050;BK0123;BK0211
expansion,5,5,0.013405,14.036775,BK0016;BK0082;BK0205;BK0298;BK0356
express,5,5,0.013405,14.036775,BK0077;BK0094;BK0260;BK0322;BK0367
failed,5,5,0.013405,14.036775,BK0124;BK0163;BK0247;BK0289;BK0302
fractionation,5,5,0.013405,14.036775,BK0016;BK0020;BK0038;BK0120;BK0282
hereditary,5,5,0.013405,14.036775,BK0174;BK0229;BK0237;BK0271;BK0314
identifier,5,5,0.013405,14.036775,BK0020;BK0038;BK0093;BK0128;BK0132
improvement,5,5,0.013405,14.036775,BK0088;BK0217;BK0222;BK0236;BK0308
inactive,5,5,0.013405,14.036775,BK0060;BK0180;BK0192;BK0225;BK0358
integrity,5,5,0.013405,14.036775,BK0101;BK0113;BK0118;BK0216;BK0293
interact,5,5,0.013405,14.036775,BK0021;BK0071;BK0216;BK0268;BK0359
interface,5,5,0.013405,14.036775,BK0019;BK0115;BK0175;BK0297;BK0327
involvement,5,5,0.013405,14.036775,BK0028;BK0055;BK0113;BK0321;BK0361
label,5,5,0.013405,14.036775,BK0147;BK0149;BK0171;BK0256;BK0340
latter,5,5,0.013405,14.036775,BK0098;BK0129;BK0174;BK0248;BK0260
limitations,5,5,0.013405,14.036775,BK0037;BK0109;BK0159;BK0248;BK0254
longer,5,5,0.013405,14.036775,BK0008;BK0188;BK0218;BK0299;BK0365
lymphocyte,5,5,0.013405,14.036775,BK0317;BK0361;BK0369;BK0370;BK0371
mapped,5,5,0.013405,14.036775,BK0047;BK0085;BK0151;BK0181;BK0366
material,5,5,0.013405,14.036775,BK0103;BK0109;BK0174;BK0201;BK0343
means,5,5,0.013405,14.036775,BK0006;BK0038;BK0044;BK0126;BK0351
mediating,5,5,0.013405,14.036775,BK0130;BK0167;BK0195;BK0276;BK0317
modifier,5,5,0.013405,14.036775,BK0009;BK0044;BK0058;BK0152;BK0317
modulators,5,5,0.013405,14.036775,BK0023;BK0085;BK0096;BK0223;BK0283
moieties,5,5,0.013405,14.036775,BK0094;BK0169;BK0193;BK0234;BK0366
offers,5,5,0.013405,14.036775,BK0021;BK0048;BK0082;BK0131;BK0174
operating,5,5,0.013405,14.036775,BK0051;BK0093;BK0169;BK0219;BK0257
organisms,5,5,0.013405,14.036775,BK0012;BK0180;BK0205;BK0304;BK0346
partner,5,5,0.013405,14.036775,BK0038;BK0107;BK0158;BK0162;BK0194
place,5,5,0.013405,14.036775,BK0026;BK0140;BK0220;BK0226;BK0369
pooled,5,5,0.013405,14.036775,BK0081;BK0129;BK0186;BK0241;BK0281
position,5,5,0.013405,14.036775,BK0183;BK0206;BK0218;BK0279;BK0360
precursor,5,5,0.013405,14.036775,BK0159;BK0187;BK0274;BK0313;BK0321
precursors,5,5,0.013405,14.036775,BK0053;BK0174;BK0208;BK0215;BK0218
predict,5,5,0.013405,14.036775,BK0003;BK0038;BK0070;BK0086;BK0124
prevent,5,5,0.013405,14.036775,BK0041;BK0107;BK0260;BK0314;BK0365
primarily,5,5,0.013405,14.036775,BK0014;BK0025;BK0064;BK0172;BK0255
proteomexchange,5,5,0.013405,14.036775,BK0020;BK0038;BK0093;BK0128;BK0132
quantified,5,5,0.013405,14.036775,BK0006;BK0008;BK0027;BK0114;BK0281
recruited,5,5,0.013405,14.036775,BK0051;BK0130;BK0178;BK0194;BK0276
relevance,5,5,0.013405,14.036775,BK0007;BK0016;BK0043;BK0048;BK0137
relies,5,5,0.013405,14.036775,BK0114;BK0201;BK0290;BK0325;BK0336
rely,5,5,0.013405,14.036775,BK0072;BK0100;BK0257;BK0340;BK0361
reports,5,5,0.013405,14.036775,BK0074;BK0169;BK0173;BK0279;BK0332
resistant,5,5,0.013405,14.036775,BK0201;BK0251;BK0302;BK0334;BK0353
saccharomyces,5,5,0.013405,14.036775,BK0099;BK0205;BK0223;BK0225;BK0296
scope,5,5,0.013405,14.036775,BK0085;BK0116;BK0120;BK0256;BK0279
screened,5,5,0.013405,14.036775,BK0181;BK0189;BK0195;BK0255;BK0282
seen,5,5,0.013405,14.036775,BK0064;BK0169;BK0241;BK0312;BK0362
shed,5,5,0.013405,14.036775,BK0013;BK0175;BK0282;BK0320;BK0344
suboptimal,5,5,0.013405,14.036775,BK0047;BK0070;BK0120;BK0171;BK0219
superoxide,5,5,0.013405,14.036775,BK0020;BK0044;BK0148;BK0198;BK0308
supports,5,5,0.013405,14.036775,BK0065;BK0082;BK0119;BK0182;BK0251
sustained,5,5,0.013405,14.036775,BK0094;BK0192;BK0241;BK0254;BK0368
symptoms,5,5,0.013405,14.036775,BK0135;BK0154;BK0173;BK0267;BK0292
technique,5,5,0.013405,14.036775,BK0013;BK0114;BK0132;BK0254;BK0372
tolerance,5,5,0.013405,14.036775,BK0117;BK0160;BK0247;BK0330;BK0333
transmembrane,5,5,0.013405,14.036775,BK0020;BK0085;BK0117;BK0134;BK0189
trap,5,5,0.013405,14.036775,BK0235;BK0258;BK0307;BK0337;BK0354
turn,5,5,0.013405,14.036775,BK0130;BK0167;BK0215;BK0238;BK0368
typically,5,5,0.013405,14.036775,BK0045;BK0048;BK0149;BK0313;BK0368
undergo,5,5,0.013405,14.036775,BK0005;BK0006;BK0047;BK0049;BK0131
unexpectedly,5,5,0.013405,14.036775,BK0180;BK0201;BK0231;BK0262;BK0273
usp5,5,5,0.013405,14.036775,BK0028;BK0055;BK0147;BK0345;BK0354
valuable,5,5,0.013405,14.036775,BK0021;BK0031;BK0056;BK0135;BK0354
ways,5,5,0.013405,14.036775,BK0091;BK0247;BK0283;BK0285;BK0323
wider,5,5,0.013405,14.036775,BK0082;BK0125;BK0148;BK0196;BK0242
xenografts,5,5,0.013405,14.036775,BK0019;BK0076;BK0155;BK0211;BK0260
killing,4,9,0.010724,13.837726,BK0069;BK0089;BK0097;BK0367
module,4,9,0.010724,13.837726,BK0027;BK0041;BK0068;BK0107
myeloid,4,9,0.010724,13.837726,BK0043;BK0062;BK0097;BK0200
nucleic,4,9,0.010724,13.837726,BK0033;BK0068;BK0254;BK0255
pig,4,9,0.010724,13.837726,BK0140;BK0171;BK0260;BK0267
sera,4,9,0.010724,13.837726,BK0128;BK0181;BK0210;BK0257
jmjd6,3,21,0.008043,13.570686,BK0224;BK0245;BK0315
otulin,3,20,0.008043,13.378295,BK0115;BK0147;BK0194
agonists,4,8,0.010724,13.287712,BK0240;BK0368;BK0369;BK0370
deconjugating,4,8,0.010724,13.287712,BK0152;BK0283;BK0354;BK0355
flanking,4,8,0.010724,13.287712,BK0040;BK0215;BK0289;BK0307
gradients,4,8,0.010724,13.287712,BK0095;BK0101;BK0222;BK0337
integrative,4,8,0.010724,13.287712,BK0011;BK0031;BK0052;BK0182
mitosis,4,8,0.010724,13.287712,BK0026;BK0071;BK0110;BK0146
motor,4,8,0.010724,13.287712,BK0020;BK0079;BK0122;BK0170
parasite,4,8,0.010724,13.287712,BK0012;BK0137;BK0239;BK0266
pipeline,4,8,0.010724,13.287712,BK0037;BK0051;BK0274;BK0297
promoter,4,8,0.010724,13.287712,BK0221;BK0260;BK0296;BK0343
ptms,4,8,0.010724,13.287712,BK0054;BK0067;BK0285;BK0337
usp,4,8,0.010724,13.287712,BK0165;BK0194;BK0216;BK0345
usp14,4,8,0.010724,13.287712,BK0028;BK0087;BK0304;BK0363
endometriosis,3,19,0.008043,13.176952,BK0078;BK0081;BK0292
erap1,3,18,0.008043,12.965784,BK0053;BK0218;BK0275
exosomes,3,18,0.008043,12.965784,BK0081;BK0210;BK0305
pabpn1,3,17,0.008043,12.743783,BK0016;BK0083;BK0104
alanine,4,7,0.010724,12.6797,BK0016;BK0168;BK0338;BK0353
arrays,4,7,0.010724,12.6797,BK0006;BK0126;BK0164;BK0255
atypical,4,7,0.010724,12.6797,BK0039;BK0073;BK0111;BK0180
bodies,4,7,0.010724,12.6797,BK0168;BK0177;BK0326;BK0362
extraction,4,7,0.010724,12.6797,BK0109;BK0145;BK0166;BK0189
fork,4,7,0.010724,12.6797,BK0071;BK0099;BK0178;BK0184
fractionated,4,7,0.010724,12.6797,BK0063;BK0222;BK0294;BK0333
intensity,4,7,0.010724,12.6797,BK0017;BK0106;BK0274;BK0294
optimization,4,7,0.010724,12.6797,BK0025;BK0052;BK0222;BK0337
p300,4,7,0.010724,12.6797,BK0153;BK0203;BK0277;BK0320
secreted,4,7,0.010724,12.6797,BK0036;BK0064;BK0163;BK0220
cord,3,16,0.008043,12.509775,BK0020;BK0063;BK0164
prc2,3,15,0.008043,12.262389,BK0180;BK0190;BK0231
strap,3,15,0.008043,12.262389,BK0203;BK0265;BK0320
base,4,6,0.010724,12.0,BK0178;BK0202;BK0293;BK0318
ber,3,14,0.008043,12.0,BK0202;BK0293;BK0318
carrying,4,6,0.010724,12.0,BK0135;BK0261;BK0317;BK0331
citrulline,4,6,0.010724,12.0,BK0059;BK0123;BK0175;BK0206
cofactor,4,6,0.010724,12.0,BK0112;BK0141;BK0203;BK0320
day,4,6,0.010724,12.0,BK0023;BK0046;BK0172;BK0308
delivery,4,6,0.010724,12.0,BK0032;BK0204;BK0300;BK0349
division,4,6,0.010724,12.0,BK0024;BK0100;BK0110;BK0146
escape,4,6,0.010724,12.0,BK0040;BK0053;BK0066;BK0361
families,4,6,0.010724,12.0,BK0316;BK0346;BK0348;BK0352
granule,4,6,0.010724,12.0,BK0079;BK0225;BK0308;BK0362
homozygous,4,6,0.010724,12.0,BK0180;BK0246;BK0261;BK0267
isoforms,4,6,0.010724,12.0,BK0094;BK0103;BK0159;BK0353
leukemia,4,6,0.010724,12.0,BK0001;BK0009;BK0200;BK0321
lysosomal,4,6,0.010724,12.0,BK0177;BK0300;BK0356;BK0362
mean,4,6,0.010724,12.0,BK0154;BK0197;BK0257;BK0294
methylated,4,6,0.010724,12.0,BK0187;BK0205;BK0252;BK0280
mimic,4,6,0.010724,12.0,BK0122;BK0155;BK0164;BK0256
oncogenic,4,6,0.010724,12.0,BK0029;BK0165;BK0208;BK0261
pji,3,14,0.008043,12.0,BK0154;BK0172;BK0230
preservation,4,6,0.010724,12.0,BK0008;BK0049;BK0075;BK0188
prognosis,4,6,0.010724,12.0,BK0034;BK0113;BK0124;BK0172
promoters,4,6,0.010724,12.0,BK0127;BK0167;BK0175;BK0262
proteostasis,4,6,0.010724,12.0,BK0005;BK0028;BK0072;BK0153
regression,4,6,0.010724,12.0,BK0023;BK0076;BK0124;BK0241
synaptic,4,6,0.010724,12.0,BK0020;BK0028;BK0034;BK0102
throughput,4,6,0.010724,12.0,BK0046;BK0056;BK0120;BK0337
transferred,4,6,0.010724,12.0,BK0021;BK0064;BK0106;BK0114
transmission,4,6,0.010724,12.0,BK0028;BK0168;BK0170;BK0253
notch,3,13,0.008043,11.720672,BK0305;BK0316;BK0327
forks,3,12,0.008043,11.422065,BK0071;BK0090;BK0178
hlrcc,3,12,0.008043,11.422065,BK0229;BK0237;BK0271
accurate,4,5,0.010724,11.22942,BK0111;BK0124;BK0146;BK0274
activates,4,5,0.010724,11.22942,BK0133;BK0194;BK0253;BK0296
added,4,5,0.010724,11.22942,BK0114;BK0187;BK0210;BK0299
administered,4,5,0.010724,11.22942,BK0019;BK0032;BK0173;BK0299
administration,4,5,0.010724,11.22942,BK0049;BK0201;BK0299;BK0339
angiogenesis,4,5,0.010724,11.22942,BK0011;BK0164;BK0242;BK0305
arrest,4,5,0.010724,11.22942,BK0162;BK0225;BK0280;BK0319
attenuate,4,5,0.010724,11.22942,BK0049;BK0088;BK0240;BK0260
auxiliary,4,5,0.010724,11.22942,BK0168;BK0224;BK0278;BK0315
carried,4,5,0.010724,11.22942,BK0064;BK0263;BK0282;BK0365
catalyses,4,5,0.010724,11.22942,BK0169;BK0245;BK0279;BK0315
causing,4,5,0.010724,11.22942,BK0047;BK0054;BK0104;BK0347
center,4,5,0.010724,11.22942,BK0081;BK0223;BK0292;BK0302
circumsporozoite,4,5,0.010724,11.22942,BK0366;BK0367;BK0368;BK0369
complications,4,5,0.010724,11.22942,BK0023;BK0171;BK0198;BK0267
confidence,4,5,0.010724,11.22942,BK0114;BK0172;BK0219;BK0239
cyclins,4,5,0.010724,11.22942,BK0019;BK0026;BK0107;BK0179
cytoskeleton,4,5,0.010724,11.22942,BK0047;BK0070;BK0083;BK0209
dissected,4,5,0.010724,11.22942,BK0050;BK0189;BK0206;BK0296
distinguish,4,5,0.010724,11.22942,BK0010;BK0070;BK0185;BK0254
enabled,4,5,0.010724,11.22942,BK0006;BK0038;BK0144;BK0272
excessive,4,5,0.010724,11.22942,BK0019;BK0069;BK0117;BK0291
expanded,4,5,0.010724,11.22942,BK0062;BK0159;BK0256;BK0341
fluorescent,4,5,0.010724,11.22942,BK0106;BK0245;BK0258;BK0364
flux,4,5,0.010724,11.22942,BK0045;BK0085;BK0117;BK0200
governs,4,5,0.010724,11.22942,BK0059;BK0119;BK0232;BK0233
hallmarks,4,5,0.010724,11.22942,BK0171;BK0179;BK0202;BK0304
heterogeneity,4,5,0.010724,11.22942,BK0005;BK0020;BK0036;BK0039
homologous,4,5,0.010724,11.22942,BK0026;BK0071;BK0216;BK0317
hydroxylations,4,5,0.010724,11.22942,BK0273;BK0277;BK0279;BK0315
incorporation,4,5,0.010724,11.22942,BK0099;BK0102;BK0201;BK0305
incubation,4,5,0.010724,11.22942,BK0032;BK0260;BK0321;BK0351
insertion,4,5,0.010724,11.22942,BK0048;BK0117;BK0129;BK0325
instrumentation,4,5,0.010724,11.22942,BK0125;BK0199;BK0222;BK0248
intermediates,4,5,0.010724,11.22942,BK0024;BK0100;BK0112;BK0141
ionizing,4,5,0.010724,11.22942,BK0026;BK0069;BK0142;BK0253
leukocyte,4,5,0.010724,11.22942,BK0010;BK0125;BK0131;BK0204
life,4,5,0.010724,11.22942,BK0021;BK0157;BK0173;BK0362
long,4,5,0.010724,11.22942,BK0094;BK0099;BK0125;BK0172
longitudinal,4,5,0.010724,11.22942,BK0008;BK0015;BK0068;BK0122
mature,4,5,0.010724,11.22942,BK0117;BK0200;BK0300;BK0349
microbial,4,5,0.010724,11.22942,BK0163;BK0283;BK0306;BK0341
modulated,4,5,0.010724,11.22942,BK0061;BK0144;BK0306;BK0318
nervous,4,5,0.010724,11.22942,BK0017;BK0025;BK0093;BK0362
old,4,5,0.010724,11.22942,BK0111;BK0150;BK0304;BK0329
omics,4,5,0.010724,11.22942,BK0052;BK0197;BK0248;BK0249
optimal,4,5,0.010724,11.22942,BK0075;BK0226;BK0275;BK0299
osteoarthritis,4,5,0.010724,11.22942,BK0055;BK0151;BK0181;BK0311
overlapping,4,5,0.010724,11.22942,BK0131;BK0364;BK0372;BK0373
pathologies,4,5,0.010724,11.22942,BK0031;BK0045;BK0153;BK0240
phosphate,4,5,0.010724,11.22942,BK0090;BK0208;BK0229;BK0314
platform,4,5,0.010724,11.22942,BK0031;BK0049;BK0166;BK0294
population,4,5,0.010724,11.22942,BK0200;BK0257;BK0263;BK0294
populations,4,5,0.010724,11.22942,BK0003;BK0014;BK0036;BK0241
predictive,4,5,0.010724,11.22942,BK0038;BK0070;BK0116;BK0219
prominent,4,5,0.010724,11.22942,BK0092;BK0104;BK0169;BK0183
purification,4,5,0.010724,11.22942,BK0144;BK0177;BK0206;BK0346
quantity,4,5,0.010724,11.22942,BK0179;BK0215;BK0274;BK0361
radiation,4,5,0.010724,11.22942,BK0026;BK0069;BK0142;BK0253
radiosensitivity,4,5,0.010724,11.22942,BK0062;BK0065;BK0069;BK0110
rare,4,5,0.010724,11.22942,BK0129;BK0135;BK0161;BK0173
recruits,4,5,0.010724,11.22942,BK0079;BK0127;BK0167;BK0262
remained,4,5,0.010724,11.22942,BK0019;BK0126;BK0173;BK0186
repression,4,5,0.010724,11.22942,BK0162;BK0211;BK0262;BK0276
reprogramming,4,5,0.010724,11.22942,BK0048;BK0174;BK0203;BK0208
resemble,4,5,0.010724,11.22942,BK0129;BK0189;BK0202;BK0267
resolved,4,5,0.010724,11.22942,BK0030;BK0063;BK0074;BK0089
responsiveness,4,5,0.010724,11.22942,BK0131;BK0197;BK0291;BK0317
slices,4,5,0.010724,11.22942,BK0032;BK0039;BK0047;BK0214
somatic,4,5,0.010724,11.22942,BK0086;BK0135;BK0261;BK0267
stabilization,4,5,0.010724,11.22942,BK0075;BK0076;BK0252;BK0253
sufficient,4,5,0.010724,11.22942,BK0117;BK0278;BK0310;BK0365
tail,4,5,0.010724,11.22942,BK0010;BK0055;BK0213;BK0269
technologies,4,5,0.010724,11.22942,BK0002;BK0152;BK0186;BK0197
tomography,4,5,0.010724,11.22942,BK0003;BK0006;BK0089;BK0149
toxic,4,5,0.010724,11.22942,BK0013;BK0094;BK0119;BK0173
transporters,4,5,0.010724,11.22942,BK0001;BK0031;BK0263;BK0361
trypsin,4,5,0.010724,11.22942,BK0150;BK0159;BK0257;BK0294
tumorigenesis,4,5,0.010724,11.22942,BK0048;BK0211;BK0212;BK0249
undertaken,4,5,0.010724,11.22942,BK0151;BK0182;BK0230;BK0320
vesicles,4,5,0.010724,11.22942,BK0064;BK0082;BK0145;BK0263
weak,4,5,0.010724,11.22942,BK0294;BK0367;BK0368;BK0370
cartilage,3,11,0.008043,11.101319,BK0055;BK0150;BK0311
dissociation,3,10,0.008043,10.754888,BK0313;BK0368;BK0370
urinary,3,10,0.008043,10.754888,BK0049;BK0281;BK0292
abpp,3,9,0.008043,10.378295,BK0035;BK0046;BK0056
cpg,3,9,0.008043,10.378295,BK0127;BK0231;BK0262
nrf2,3,9,0.008043,10.378295,BK0133;BK0160;BK0287
pol,3,9,0.008043,10.378295,BK0121;BK0293;BK0318
wasting,3,9,0.008043,10.378295,BK0083;BK0104;BK0304
accumulate,4,4,0.010724,10.33985,BK0024;BK0050;BK0271;BK0300
accurately,4,4,0.010724,10.33985,BK0093;BK0117;BK0124;BK0271
achieved,4,4,0.010724,10.33985,BK0199;BK0222;BK0244;BK0285
adding,4,4,0.010724,10.33985,BK0050;BK0144;BK0172;BK0299
addresses,4,4,0.010724,10.33985,BK0037;BK0159;BK0168;BK0256
adhesion,4,4,0.010724,10.33985,BK0003;BK0078;BK0123;BK0317
almost,4,4,0.010724,10.33985,BK0077;BK0129;BK0140;BK0217
alteration,4,4,0.010724,10.33985,BK0163;BK0197;BK0321;BK0358
altering,4,4,0.010724,10.33985,BK0009;BK0197;BK0218;BK0223
another,4,4,0.010724,10.33985,BK0103;BK0230;BK0327;BK0339
antagonism,4,4,0.010724,10.33985,BK0041;BK0180;BK0369;BK0370
appropriate,4,4,0.010724,10.33985,BK0037;BK0084;BK0124;BK0267
arises,4,4,0.010724,10.33985,BK0016;BK0086;BK0234;BK0313
article,4,4,0.010724,10.33985,BK0117;BK0154;BK0220;BK0256
attached,4,4,0.010724,10.33985,BK0002;BK0060;BK0073;BK0355
attenuated,4,4,0.010724,10.33985,BK0058;BK0075;BK0148;BK0347
basic,4,4,0.010724,10.33985,BK0109;BK0223;BK0280;BK0339
behavior,4,4,0.010724,10.33985,BK0042;BK0059;BK0064;BK0114
beyond,4,4,0.010724,10.33985,BK0020;BK0033;BK0187;BK0305
blocks,4,4,0.010724,10.33985,BK0069;BK0100;BK0178;BK0277
breaks,4,4,0.010724,10.33985,BK0026;BK0158;BK0216;BK0293
called,4,4,0.010724,10.33985,BK0009;BK0054;BK0089;BK0349
capturing,4,4,0.010724,10.33985,BK0006;BK0022;BK0099;BK0316
cardiovascular,4,4,0.010724,10.33985,BK0031;BK0148;BK0227;BK0263
comparable,4,4,0.010724,10.33985,BK0037;BK0042;BK0241;BK0364
compatible,4,4,0.010724,10.33985,BK0035;BK0200;BK0339;BK0357
completely,4,4,0.010724,10.33985,BK0140;BK0184;BK0250;BK0368
complication,4,4,0.010724,10.33985,BK0032;BK0137;BK0138;BK0201
conformations,4,4,0.010724,10.33985,BK0013;BK0022;BK0060;BK0275
consensus,4,4,0.010724,10.33985,BK0199;BK0246;BK0273;BK0316
considerably,4,4,0.010724,10.33985,BK0289;BK0298;BK0364;BK0370
constitutes,4,4,0.010724,10.33985,BK0125;BK0298;BK0310;BK0312
construct,4,4,0.010724,10.33985,BK0030;BK0140;BK0144;BK0260
content,4,4,0.010724,10.33985,BK0081;BK0177;BK0304;BK0356
contributed,4,4,0.010724,10.33985,BK0057;BK0089;BK0249;BK0256
contributions,4,4,0.010724,10.33985,BK0084;BK0098;BK0101;BK0246
coordinated,4,4,0.010724,10.33985,BK0072;BK0121;BK0308;BK0320
curve,4,4,0.010724,10.33985,BK0093;BK0219;BK0257;BK0294
cytometry,4,4,0.010724,10.33985,BK0050;BK0102;BK0140;BK0341
database,4,4,0.010724,10.33985,BK0164;BK0173;BK0176;BK0352
decreases,4,4,0.010724,10.33985,BK0121;BK0133;BK0327;BK0370
defects,4,4,0.010724,10.33985,BK0022;BK0126;BK0201;BK0353
definition,4,4,0.010724,10.33985,BK0176;BK0219;BK0224;BK0348
deiminase,4,4,0.010724,10.33985,BK0123;BK0169;BK0175;BK0206
depleted,4,4,0.010724,10.33985,BK0114;BK0148;BK0257;BK0266
destruction,4,4,0.010724,10.33985,BK0277;BK0328;BK0335;BK0353
detailed,4,4,0.010724,10.33985,BK0035;BK0173;BK0316;BK0373
developments,4,4,0.010724,10.33985,BK0027;BK0057;BK0091;BK0348
differ,4,4,0.010724,10.33985,BK0065;BK0082;BK0221;BK0373
differs,4,4,0.010724,10.33985,BK0051;BK0165;BK0360;BK0372
displays,4,4,0.010724,10.33985,BK0111;BK0147;BK0234;BK0373
dissemination,4,4,0.010724,10.33985,BK0113;BK0168;BK0209;BK0211
donation,4,4,0.010724,10.33985,BK0047;BK0049;BK0070;BK0116
dramatic,4,4,0.010724,10.33985,BK0076;BK0202;BK0236;BK0353
druggable,4,4,0.010724,10.33985,BK0048;BK0060;BK0082;BK0137
electrophilic,4,4,0.010724,10.33985,BK0258;BK0307;BK0354;BK0355
electrospray,4,4,0.010724,10.33985,BK0282;BK0312;BK0333;BK0337
elicit,4,4,0.010724,10.33985,BK0048;BK0125;BK0217;BK0367
elicits,4,4,0.010724,10.33985,BK0014;BK0076;BK0112;BK0332
elucidation,4,4,0.010724,10.33985,BK0125;BK0205;BK0290;BK0322
emerge,4,4,0.010724,10.33985,BK0073;BK0098;BK0179;BK0227
enhancement,4,4,0.010724,10.33985,BK0040;BK0180;BK0250;BK0301
enormous,4,4,0.010724,10.33985,BK0091;BK0283;BK0295;BK0342
ensure,4,4,0.010724,10.33985,BK0090;BK0130;BK0146;BK0339
environmental,4,4,0.010724,10.33985,BK0111;BK0131;BK0169;BK0295
event,4,4,0.010724,10.33985,BK0146;BK0149;BK0310;BK0345
evolutionary,4,4,0.010724,10.33985,BK0012;BK0199;BK0305;BK0356
exclusively,4,4,0.010724,10.33985,BK0041;BK0081;BK0180;BK0246
execution,4,4,0.010724,10.33985,BK0026;BK0030;BK0146;BK0297
exemplified,4,4,0.010724,10.33985,BK0100;BK0166;BK0278;BK0309
exert,4,4,0.010724,10.33985,BK0098;BK0298;BK0330;BK0354
exogenous,4,4,0.010724,10.33985,BK0154;BK0184;BK0202;BK0230
expand,4,4,0.010724,10.33985,BK0176;BK0234;BK0248;BK0279
explain,4,4,0.010724,10.33985,BK0008;BK0064;BK0150;BK0303
exploit,4,4,0.010724,10.33985,BK0048;BK0100;BK0187;BK0306
extract,4,4,0.010724,10.33985,BK0069;BK0103;BK0134;BK0318
extracted,4,4,0.010724,10.33985,BK0052;BK0075;BK0082;BK0145
facilitated,4,4,0.010724,10.33985,BK0050;BK0125;BK0186;BK0260
facilitating,4,4,0.010724,10.33985,BK0117;BK0130;BK0169;BK0207
fewer,4,4,0.010724,10.33985,BK0021;BK0145;BK0209;BK0299
flow,4,4,0.010724,10.33985,BK0088;BK0102;BK0140;BK0341
focused,4,4,0.010724,10.33985,BK0285;BK0324;BK0336;BK0340
forming,4,4,0.010724,10.33985,BK0090;BK0131;BK0164;BK0343
frequent,4,4,0.010724,10.33985,BK0152;BK0172;BK0196;BK0242
gain,4,4,0.010724,10.33985,BK0042;BK0131;BK0222;BK0337
good,4,4,0.010724,10.33985,BK0070;BK0124;BK0172;BK0238
heart,4,4,0.010724,10.33985,BK0022;BK0120;BK0129;BK0206
heat,4,4,0.010724,10.33985,BK0017;BK0303;BK0308;BK0334
heterodimer,4,4,0.010724,10.33985,BK0108;BK0142;BK0167;BK0220
highest,4,4,0.010724,10.33985,BK0039;BK0093;BK0132;BK0299
histones,4,4,0.010724,10.33985,BK0169;BK0295;BK0309;BK0311
homeostatic,4,4,0.010724,10.33985,BK0072;BK0082;BK0085;BK0291
homologue,4,4,0.010724,10.33985,BK0076;BK0306;BK0317;BK0355
hospital,4,4,0.010724,10.33985,BK0023;BK0093;BK0138;BK0292
immunofluorescence,4,4,0.010724,10.33985,BK0005;BK0022;BK0102;BK0140
improves,4,4,0.010724,10.33985,BK0008;BK0051;BK0109;BK0145
improving,4,4,0.010724,10.33985,BK0034;BK0065;BK0093;BK0241
incubated,4,4,0.010724,10.33985,BK0032;BK0303;BK0351;BK0354
ingenuity,4,4,0.010724,10.33985,BK0255;BK0263;BK0282;BK0312
inherent,4,4,0.010724,10.33985,BK0042;BK0052;BK0202;BK0231
interestingly,4,4,0.010724,10.33985,BK0047;BK0182;BK0212;BK0299
ionisation,4,4,0.010724,10.33985,BK0248;BK0282;BK0294;BK0312
isoform,4,4,0.010724,10.33985,BK0011;BK0159;BK0253;BK0288
left,4,4,0.010724,10.33985,BK0015;BK0024;BK0122;BK0294
linkage,4,4,0.010724,10.33985,BK0115;BK0249;BK0313;BK0360
list,4,4,0.010724,10.33985,BK0038;BK0113;BK0128;BK0331
localized,4,4,0.010724,10.33985,BK0005;BK0190;BK0211;BK0273
lymphoma,4,4,0.010724,10.33985,BK0025;BK0196;BK0260;BK0334
magnitude,4,4,0.010724,10.33985,BK0080;BK0088;BK0215;BK0260
maintain,4,4,0.010724,10.33985,BK0110;BK0196;BK0226;BK0228
maintained,4,4,0.010724,10.33985,BK0007;BK0095;BK0171;BK0357
make,4,4,0.010724,10.33985,BK0098;BK0191;BK0346;BK0373
measurements,4,4,0.010724,10.33985,BK0057;BK0239;BK0241;BK0339
mediate,4,4,0.010724,10.33985,BK0097;BK0157;BK0168;BK0178
methyltransferase,4,4,0.010724,10.33985,BK0233;BK0252;BK0280;BK0319
micromolar,4,4,0.010724,10.33985,BK0025;BK0105;BK0156;BK0157
minimal,4,4,0.010724,10.33985,BK0052;BK0116;BK0206;BK0292
mixtures,4,4,0.010724,10.33985,BK0217;BK0337;BK0350;BK0371
modern,4,4,0.010724,10.33985,BK0053;BK0174;BK0185;BK0222
modify,4,4,0.010724,10.33985,BK0067;BK0096;BK0237;BK0346
monitor,4,4,0.010724,10.33985,BK0068;BK0243;BK0286;BK0309
monitoring,4,4,0.010724,10.33985,BK0063;BK0239;BK0241;BK0322
monoclonal,4,4,0.010724,10.33985,BK0155;BK0217;BK0236;BK0335
morbidity,4,4,0.010724,10.33985,BK0011;BK0014;BK0093;BK0136
morphological,4,4,0.010724,10.33985,BK0171;BK0185;BK0197;BK0209
multifunctional,4,4,0.010724,10.33985,BK0061;BK0104;BK0118;BK0275
mutated,4,4,0.010724,10.33985,BK0168;BK0237;BK0302;BK0320
mutually,4,4,0.010724,10.33985,BK0098;BK0121;BK0180;BK0229
needed,4,4,0.010724,10.33985,BK0023;BK0070;BK0093;BK0259
neuroblastoma,4,4,0.010724,10.33985,BK0018;BK0042;BK0092;BK0128
neuron,4,4,0.010724,10.33985,BK0017;BK0079;BK0122;BK0134
nevertheless,4,4,0.010724,10.33985,BK0202;BK0220;BK0304;BK0353
numbers,4,4,0.010724,10.33985,BK0114;BK0210;BK0254;BK0363
numerous,4,4,0.010724,10.33985,BK0150;BK0209;BK0260;BK0285
observation,4,4,0.010724,10.33985,BK0116;BK0223;BK0281;BK0367
occurred,4,4,0.010724,10.33985,BK0172;BK0186;BK0240;BK0298
offer,4,4,0.010724,10.33985,BK0027;BK0029;BK0120;BK0283
offspring,4,4,0.010724,10.33985,BK0098;BK0106;BK0129;BK0295
partially,4,4,0.010724,10.33985,BK0136;BK0204;BK0343;BK0365
past,4,4,0.010724,10.33985,BK0034;BK0152;BK0173;BK0313
perfused,4,4,0.010724,10.33985,BK0049;BK0075;BK0263;BK0299
phenomenon,4,4,0.010724,10.33985,BK0036;BK0100;BK0273;BK0371
photoaffinity,4,4,0.010724,10.33985,BK0367;BK0368;BK0369;BK0370
pivotal,4,4,0.010724,10.33985,BK0192;BK0250;BK0310;BK0362
plasticity,4,4,0.010724,10.33985,BK0013;BK0060;BK0106;BK0220
positions,4,4,0.010724,10.33985,BK0018;BK0195;BK0206;BK0215
preference,4,4,0.010724,10.33985,BK0033;BK0234;BK0317;BK0364
prepared,4,4,0.010724,10.33985,BK0032;BK0263;BK0354;BK0364
presents,4,4,0.010724,10.33985,BK0011;BK0018;BK0125;BK0168
prevented,4,4,0.010724,10.33985,BK0197;BK0239;BK0304;BK0314
preventing,4,4,0.010724,10.33985,BK0042;BK0175;BK0178;BK0198
processed,4,4,0.010724,10.33985,BK0090;BK0215;BK0240;BK0325
promoted,4,4,0.010724,10.33985,BK0004;BK0019;BK0048;BK0117
proportion,4,4,0.010724,10.33985,BK0063;BK0103;BK0218;BK0249
prospective,4,4,0.010724,10.33985,BK0093;BK0219;BK0271;BK0292
proven,4,4,0.010724,10.33985,BK0046;BK0196;BK0229;BK0251
quantify,4,4,0.010724,10.33985,BK0063;BK0239;BK0255;BK0257
radiotherapy,4,4,0.010724,10.33985,BK0062;BK0069;BK0124;BK0158
receiver,4,4,0.010724,10.33985,BK0051;BK0093;BK0219;BK0257
recognize,4,4,0.010724,10.33985,BK0155;BK0231;BK0256;BK0348
referral,4,4,0.010724,10.33985,BK0093;BK0138;BK0154;BK0292
reflecting,4,4,0.010724,10.33985,BK0082;BK0171;BK0186;BK0245
relatively,4,4,0.010724,10.33985,BK0021;BK0108;BK0118;BK0186
remarkably,4,4,0.010724,10.33985,BK0064;BK0111;BK0131;BK0363
replacement,4,4,0.010724,10.33985,BK0008;BK0075;BK0230;BK0318
require,4,4,0.010724,10.33985,BK0039;BK0201;BK0222;BK0267
respiration,4,4,0.010724,10.33985,BK0112;BK0203;BK0250;BK0329
reversed,4,4,0.010724,10.33985,BK0047;BK0104;BK0286;BK0351
senses,4,4,0.010724,10.33985,BK0071;BK0101;BK0142;BK0198
separate,4,4,0.010724,10.33985,BK0046;BK0124;BK0136;BK0337
sets,4,4,0.010724,10.33985,BK0092;BK0274;BK0312;BK0350
shorter,4,4,0.010724,10.33985,BK0113;BK0222;BK0299;BK0364
sirna,4,4,0.010724,10.33985,BK0170;BK0302;BK0310;BK0318
slow,4,4,0.010724,10.33985,BK0042;BK0051;BK0098;BK0368
solid,4,4,0.010724,10.33985,BK0029;BK0065;BK0179;BK0364
spread,4,4,0.010724,10.33985,BK0185;BK0205;BK0298;BK0326
stages,4,4,0.010724,10.33985,BK0056;BK0159;BK0179;BK0209
subgroup,4,4,0.010724,10.33985,BK0151;BK0196;BK0212;BK0252
succinate,4,4,0.010724,10.33985,BK0075;BK0112;BK0148;BK0197
summary,4,4,0.010724,10.33985,BK0015;BK0183;BK0192;BK0300
suppresses,4,4,0.010724,10.33985,BK0041;BK0098;BK0167;BK0175
switch,4,4,0.010724,10.33985,BK0029;BK0060;BK0112;BK0118
switching,4,4,0.010724,10.33985,BK0281;BK0309;BK0312;BK0337
syipsaeki,4,4,0.010724,10.33985,BK0366;BK0367;BK0368;BK0369
termed,4,4,0.010724,10.33985,BK0177;BK0271;BK0286;BK0298
throughout,4,4,0.010724,10.33985,BK0222;BK0262;BK0280;BK0323
tight,4,4,0.010724,10.33985,BK0004;BK0042;BK0101;BK0357
tracking,4,4,0.010724,10.33985,BK0082;BK0106;BK0145;BK0188
transcriptomics,4,4,0.010724,10.33985,BK0015;BK0050;BK0052;BK0103
trapped,4,4,0.010724,10.33985,BK0016;BK0073;BK0250;BK0299
typical,4,4,0.010724,10.33985,BK0083;BK0248;BK0275;BK0292
undergoes,4,4,0.010724,10.33985,BK0202;BK0223;BK0310;BK0315
underpins,4,4,0.010724,10.33985,BK0101;BK0119;BK0149;BK0190
unexpected,4,4,0.010724,10.33985,BK0034;BK0089;BK0262;BK0369
unprecedented,4,4,0.010724,10.33985,BK0159;BK0195;BK0223;BK0273
unusual,4,4,0.010724,10.33985,BK0010;BK0111;BK0187;BK0316
utilizing,4,4,0.010724,10.33985,BK0031;BK0034;BK0118;BK0132
variability,4,4,0.010724,10.33985,BK0014;BK0139;BK0186;BK0198
variations,4,4,0.010724,10.33985,BK0104;BK0245;BK0281;BK0317
vast,4,4,0.010724,10.33985,BK0187;BK0204;BK0205;BK0289
vcp,4,4,0.010724,10.33985,BK0010;BK0055;BK0069;BK0228
visualization,4,4,0.010724,10.33985,BK0096;BK0266;BK0307;BK0354
vulnerable,4,4,0.010724,10.33985,BK0014;BK0197;BK0247;BK0329
weeks,4,4,0.010724,10.33985,BK0051;BK0129;BK0160;BK0189
atm,3,8,0.008043,9.965784,BK0142;BK0265;BK0320
cbp,3,8,0.008043,9.965784,BK0153;BK0277;BK0344
ctls,3,8,0.008043,9.965784,BK0062;BK0089;BK0218
dbd,3,8,0.008043,9.965784,BK0047;BK0070;BK0075
facilities,3,8,0.008043,9.965784,BK0248;BK0274;BK0297
fragmentation,3,8,0.008043,9.965784,BK0002;BK0282;BK0313
iri,3,8,0.008043,9.965784,BK0049;BK0052;BK0136
mdm2,3,8,0.008043,9.965784,BK0165;BK0244;BK0253
spatial,3,8,0.008043,9.965784,BK0005;BK0039;BK0050
specimens,3,8,0.008043,9.965784,BK0185;BK0206;BK0292
sup,3,8,0.008043,9.965784,BK0015;BK0040;BK0080
uchl1,3,8,0.008043,9.965784,BK0025;BK0027;BK0028
aggregates,3,7,0.008043,9.509775,BK0016;BK0057;BK0209
biogenesis,3,7,0.008043,9.509775,BK0117;BK0210;BK0250
cerebellar,3,7,0.008043,9.509775,BK0128;BK0214;BK0362
cytochrome,3,7,0.008043,9.509775,BK0149;BK0250;BK0303
degradome,3,7,0.008043,9.509775,BK0049;BK0186;BK0242
dia,3,7,0.008043,9.509775,BK0027;BK0038;BK0046
extended,3,7,0.008043,9.509775,BK0103;BK0218;BK0364
fh1,3,7,0.008043,9.509775,BK0160;BK0237;BK0271
heme,3,7,0.008043,9.509775,BK0140;BK0163;BK0250
load,3,7,0.008043,9.509775,BK0215;BK0297;BK0329
lysyl,3,7,0.008043,9.509775,BK0143;BK0226;BK0313
nhej,3,7,0.008043,9.509775,BK0026;BK0119;BK0142
prmt5,3,7,0.008043,9.509775,BK0233;BK0252;BK0319
statistical,3,7,0.008043,9.509775,BK0139;BK0238;BK0241
stone,3,7,0.008043,9.509775,BK0189;BK0248;BK0281
surgical,3,7,0.008043,9.509775,BK0014;BK0051;BK0154
weight,3,7,0.008043,9.509775,BK0087;BK0129;BK0343
accuracy,3,6,0.008043,9.0,BK0038;BK0223;BK0339
american,3,6,0.008043,9.0,BK0173;BK0181;BK0199
atrophy,3,6,0.008043,9.0,BK0005;BK0083;BK0362
colonic,3,6,0.008043,9.0,BK0101;BK0123;BK0322
conditioning,3,6,0.008043,9.0,BK0052;BK0088;BK0197
elevation,3,6,0.008043,9.0,BK0149;BK0160;BK0298
escs,3,6,0.008043,9.0,BK0167;BK0180;BK0246
fas,3,6,0.008043,9.0,BK0136;BK0367;BK0369
females,3,6,0.008043,9.0,BK0064;BK0114;BK0173
germline,3,6,0.008043,9.0,BK0086;BK0261;BK0271
hematopoietic,3,6,0.008043,9.0,BK0200;BK0300;BK0345
immunodominance,3,6,0.008043,9.0,BK0066;BK0215;BK0371
inclusions,3,6,0.008043,9.0,BK0020;BK0063;BK0177
islands,3,6,0.008043,9.0,BK0127;BK0231;BK0262
latent,3,6,0.008043,9.0,BK0011;BK0254;BK0261
layers,3,6,0.008043,9.0,BK0183;BK0185;BK0362
lubac,3,6,0.008043,9.0,BK0115;BK0147;BK0194
medical,3,6,0.008043,9.0,BK0124;BK0173;BK0267
memory,3,6,0.008043,9.0,BK0015;BK0080;BK0190
monomer,3,6,0.008043,9.0,BK0220;BK0244;BK0343
oxidation,3,6,0.008043,9.0,BK0148;BK0198;BK0351
parallel,3,6,0.008043,9.0,BK0063;BK0159;BK0189
platelet,3,6,0.008043,9.0,BK0108;BK0138;BK0186
plpro,3,6,0.008043,9.0,BK0033;BK0054;BK0058
prognostic,3,6,0.008043,9.0,BK0027;BK0077;BK0124
promise,3,6,0.008043,9.0,BK0124;BK0145;BK0186
recycling,3,6,0.008043,9.0,BK0101;BK0115;BK0118
regeneration,3,6,0.008043,9.0,BK0005;BK0028;BK0083
ros,3,6,0.008043,9.0,BK0078;BK0141;BK0148
sarcopenia,3,6,0.008043,9.0,BK0028;BK0304;BK0329
sumoylation,3,6,0.008043,9.0,BK0152;BK0212;BK0285
zinc,3,6,0.008043,9.0,BK0189;BK0246;BK0275
hslv,2,17,0.005362,8.495855,BK0358;BK0360
accessory,3,5,0.008043,8.422065,BK0064;BK0098;BK0357
algorithm,3,5,0.008043,8.422065,BK0154;BK0230;BK0352
alkylation,3,5,0.008043,8.422065,BK0133;BK0207;BK0290
aminopeptidase,3,5,0.008043,8.422065,BK0053;BK0218;BK0275
annexin,3,5,0.008043,8.422065,BK0113;BK0149;BK0186
antiviral,3,5,0.008043,8.422065,BK0240;BK0289;BK0298
atf4,3,5,0.008043,8.422065,BK0059;BK0065;BK0334
autoimmune,3,5,0.008043,8.422065,BK0255;BK0330;BK0341
avidity,3,5,0.008043,8.422065,BK0193;BK0368;BK0369
beta1,3,5,0.008043,8.422065,BK0324;BK0342;BK0364
biobank,3,5,0.008043,8.422065,BK0017;BK0023;BK0171
biopsy,3,5,0.008043,8.422065,BK0037;BK0116;BK0166
blocking,3,5,0.008043,8.422065,BK0019;BK0367;BK0368
c18,3,5,0.008043,8.422065,BK0043;BK0294;BK0337
cathepsin,3,5,0.008043,8.422065,BK0100;BK0356;BK0362
cdna,3,5,0.008043,8.422065,BK0329;BK0372;BK0373
complexed,3,5,0.008043,8.422065,BK0311;BK0358;BK0360
datasets,3,5,0.008043,8.422065,BK0031;BK0124;BK0297
disability,3,5,0.008043,8.422065,BK0027;BK0083;BK0329
dsb,3,5,0.008043,8.422065,BK0026;BK0110;BK0142
endosomes,3,5,0.008043,8.422065,BK0010;BK0170;BK0240
excision,3,5,0.008043,8.422065,BK0202;BK0293;BK0318
gambian,3,5,0.008043,8.422065,BK0138;BK0219;BK0239
hand,3,5,0.008043,8.422065,BK0161;BK0195;BK0323
heterozygous,3,5,0.008043,8.422065,BK0129;BK0200;BK0261
insoluble,3,5,0.008043,8.422065,BK0016;BK0020;BK0113
keap1,3,5,0.008043,8.422065,BK0133;BK0229;BK0287
linkages,3,5,0.008043,8.422065,BK0073;BK0234;BK0338
methionine,3,5,0.008043,8.422065,BK0078;BK0147;BK0174
microvesicles,3,5,0.008043,8.422065,BK0102;BK0210;BK0263
mitotic,3,5,0.008043,8.422065,BK0019;BK0110;BK0146
mrn,3,5,0.008043,8.422065,BK0069;BK0158;BK0216
myocardial,3,5,0.008043,8.422065,BK0023;BK0149;BK0335
normalized,3,5,0.008043,8.422065,BK0082;BK0274;BK0281
normothermic,3,5,0.008043,8.422065,BK0008;BK0032;BK0075
nucleation,3,5,0.008043,8.422065,BK0126;BK0231;BK0262
organization,3,5,0.008043,8.422065,BK0083;BK0219;BK0331
otubain,3,5,0.008043,8.422065,BK0213;BK0306;BK0317
phosphatase,3,5,0.008043,8.422065,BK0004;BK0253;BK0265
preliminary,3,5,0.008043,8.422065,BK0116;BK0241;BK0263
remote,3,5,0.008043,8.422065,BK0038;BK0052;BK0088
ribosome,3,5,0.008043,8.422065,BK0074;BK0187;BK0264
serial,3,5,0.008043,8.422065,BK0020;BK0368;BK0370
squamous,3,5,0.008043,8.422065,BK0065;BK0076;BK0195
test,3,5,0.008043,8.422065,BK0037;BK0038;BK0137
tetrahydrobiopterin,3,5,0.008043,8.422065,BK0112;BK0141;BK0148
uptake,3,5,0.008043,8.422065,BK0095;BK0306;BK0308
urea,3,5,0.008043,8.422065,BK0001;BK0008;BK0063
ghr,2,15,0.005362,8.174926,BK0129;BK0291
layer,2,15,0.005362,8.174926,BK0103;BK0183
mmp9,2,15,0.005362,8.174926,BK0149;BK0242
ric,2,15,0.005362,8.174926,BK0052;BK0088
itaconate,2,14,0.005362,8.0,BK0112;BK0133
abolished,3,4,0.008043,7.754888,BK0147;BK0353;BK0368
absolute,3,4,0.008043,7.754888,BK0063;BK0124;BK0274
aconitase,3,4,0.008043,7.754888,BK0229;BK0237;BK0303
alters,3,4,0.008043,7.754888,BK0049;BK0218;BK0237
amplification,3,4,0.008043,7.754888,BK0019;BK0048;BK0092
anticancer,3,4,0.008043,7.754888,BK0155;BK0195;BK0232
antioxidant,3,4,0.008043,7.754888,BK0116;BK0148;BK0287
arterial,3,4,0.008043,7.754888,BK0088;BK0197;BK0198
ataxia,3,4,0.008043,7.754888,BK0128;BK0214;BK0320
beta5,3,4,0.008043,7.754888,BK0324;BK0342;BK0364
bowel,3,4,0.008043,7.754888,BK0061;BK0101;BK0182
breakdown,3,4,0.008043,7.754888,BK0065;BK0101;BK0365
bypass,3,4,0.008043,7.754888,BK0023;BK0095;BK0198
capabilities,3,4,0.008043,7.754888,BK0056;BK0187;BK0337
chromosomal,3,4,0.008043,7.754888,BK0110;BK0135;BK0200
circulation,3,4,0.008043,7.754888,BK0051;BK0149;BK0263
cleft,3,4,0.008043,7.754888,BK0042;BK0102;BK0360
cohorts,3,4,0.008043,7.754888,BK0077;BK0120;BK0181
colitis,3,4,0.008043,7.754888,BK0050;BK0061;BK0182
column,3,4,0.008043,7.754888,BK0166;BK0274;BK0337
constitute,3,4,0.008043,7.754888,BK0125;BK0255;BK0285
contained,3,4,0.008043,7.754888,BK0255;BK0304;BK0369
contribution,3,4,0.008043,7.754888,BK0040;BK0057;BK0370
correlate,3,4,0.008043,7.754888,BK0011;BK0039;BK0257
cysts,3,4,0.008043,7.754888,BK0237;BK0271;BK0287
cytosol,3,4,0.008043,7.754888,BK0325;BK0349;BK0361
deaths,3,4,0.008043,7.754888,BK0137;BK0239;BK0266
degraded,3,4,0.008043,7.754888,BK0073;BK0158;BK0212
deisgylating,3,4,0.008043,7.754888,BK0044;BK0058;BK0062
downregulated,3,4,0.008043,7.754888,BK0020;BK0078;BK0158
easily,3,4,0.008043,7.754888,BK0200;BK0297;BK0313
enolase,3,4,0.008043,7.754888,BK0151;BK0181;BK0206
entire,3,4,0.008043,7.754888,BK0096;BK0103;BK0373
export,3,4,0.008043,7.754888,BK0016;BK0022;BK0320
fidelity,3,4,0.008043,7.754888,BK0119;BK0201;BK0226
filaments,3,4,0.008043,7.754888,BK0072;BK0168;BK0209
fitness,3,4,0.008043,7.754888,BK0021;BK0086;BK0098
gasp,3,4,0.008043,7.754888,BK0159;BK0189;BK0207
grouped,3,4,0.008043,7.754888,BK0140;BK0199;BK0210
hybrid,3,4,0.008043,7.754888,BK0144;BK0180;BK0245
hydrolysis,3,4,0.008043,7.754888,BK0029;BK0194;BK0226
hypothermic,3,4,0.008043,7.754888,BK0032;BK0049;BK0070
idea,3,4,0.008043,7.754888,BK0086;BK0114;BK0139
imaging,3,4,0.008043,7.754888,BK0030;BK0149;BK0258
immediately,3,4,0.008043,7.754888,BK0114;BK0124;BK0325
immunoglobulin,3,4,0.008043,7.754888,BK0070;BK0119;BK0128
immunoprecipitation,3,4,0.008043,7.754888,BK0031;BK0125;BK0128
immunoproteasome,3,4,0.008043,7.754888,BK0324;BK0342;BK0364
impairment,3,4,0.008043,7.754888,BK0225;BK0228;BK0272
inclusion,3,4,0.008043,7.754888,BK0005;BK0122;BK0173
interval,3,4,0.008043,7.754888,BK0093;BK0172;BK0219
intestinal,3,4,0.008043,7.754888,BK0061;BK0101;BK0163
ions,3,4,0.008043,7.754888,BK0274;BK0277;BK0313
ischaemia,3,4,0.008043,7.754888,BK0032;BK0088;BK0136
isolate,3,4,0.008043,7.754888,BK0014;BK0289;BK0372
labeled,3,4,0.008043,7.754888,BK0187;BK0346;BK0363
laparoscopic,3,4,0.008043,7.754888,BK0014;BK0081;BK0292
larger,3,4,0.008043,7.754888,BK0038;BK0120;BK0364
lethality,3,4,0.008043,7.754888,BK0107;BK0133;BK0201
library,3,4,0.008043,7.754888,BK0061;BK0131;BK0195
linker,3,4,0.008043,7.754888,BK0162;BK0193;BK0344
mated,3,4,0.008043,7.754888,BK0021;BK0086;BK0114
methodological,3,4,0.008043,7.754888,BK0031;BK0152;BK0174
month,3,4,0.008043,7.754888,BK0116;BK0122;BK0124
nano,3,4,0.008043,7.754888,BK0031;BK0105;BK0257
naturally,3,4,0.008043,7.754888,BK0186;BK0215;BK0273
necrosis,3,4,0.008043,7.754888,BK0149;BK0260;BK0342
neutral,3,4,0.008043,7.754888,BK0064;BK0240;BK0299
noncanonical,3,4,0.008043,7.754888,BK0041;BK0234;BK0243
normally,3,4,0.008043,7.754888,BK0180;BK0246;BK0364
nucleotides,3,4,0.008043,7.754888,BK0033;BK0166;BK0201
occurring,3,4,0.008043,7.754888,BK0192;BK0273;BK0298
onset,3,4,0.008043,7.754888,BK0027;BK0032;BK0181
optical,3,4,0.008043,7.754888,BK0006;BK0089;BK0149
outer,3,4,0.008043,7.754888,BK0092;BK0139;BK0341
outgrowth,3,4,0.008043,7.754888,BK0068;BK0134;BK0214
paired,3,4,0.008043,7.754888,BK0034;BK0051;BK0064
pancreas,3,4,0.008043,7.754888,BK0171;BK0267;BK0299
partial,3,4,0.008043,7.754888,BK0206;BK0367;BK0369
pbcs,3,4,0.008043,7.754888,BK0367;BK0368;BK0369
physiologically,3,4,0.008043,7.754888,BK0031;BK0278;BK0346
pilot,3,4,0.008043,7.754888,BK0171;BK0241;BK0292
predictors,3,4,0.008043,7.754888,BK0124;BK0172;BK0198
profiled,3,4,0.008043,7.754888,BK0008;BK0103;BK0234
progenitor,3,4,0.008043,7.754888,BK0007;BK0101;BK0200
prompt,3,4,0.008043,7.754888,BK0149;BK0154;BK0233
provoked,3,4,0.008043,7.754888,BK0078;BK0088;BK0202
rather,3,4,0.008043,7.754888,BK0095;BK0134;BK0358
recipients,3,4,0.008043,7.754888,BK0052;BK0204;BK0254
reductase,3,4,0.008043,7.754888,BK0078;BK0149;BK0303
reproduction,3,4,0.008043,7.754888,BK0086;BK0114;BK0135
rnai,3,4,0.008043,7.754888,BK0077;BK0211;BK0310
shrna,3,4,0.008043,7.754888,BK0247;BK0302;BK0331
signs,3,4,0.008043,7.754888,BK0137;BK0173;BK0260
situ,3,4,0.008043,7.754888,BK0006;BK0031;BK0271
software,3,4,0.008043,7.754888,BK0099;BK0263;BK0274
specialized,3,4,0.008043,7.754888,BK0002;BK0119;BK0184
specificities,3,4,0.008043,7.754888,BK0151;BK0339;BK0364
suppress,3,4,0.008043,7.754888,BK0084;BK0247;BK0344
suppressed,3,4,0.008043,7.754888,BK0277;BK0286;BK0328
surveillance,3,4,0.008043,7.754888,BK0010;BK0053;BK0254
susceptibility,3,4,0.008043,7.754888,BK0262;BK0306;BK0321
systematic,3,4,0.008043,7.754888,BK0078;BK0171;BK0246
tagging,3,4,0.008043,7.754888,BK0243;BK0346;BK0356
topoisomerase,3,4,0.008043,7.754888,BK0024;BK0071;BK0090
transferrin,3,4,0.008043,7.754888,BK0308;BK0314;BK0329
transformation,3,4,0.008043,7.754888,BK0200;BK0261;BK0345
trp,3,4,0.008043,7.754888,BK0023;BK0183;BK0214
tubulin,3,4,0.008043,7.754888,BK0081;BK0126;BK0308
twofold,3,4,0.008043,7.754888,BK0108;BK0281;BK0308
variables,3,4,0.008043,7.754888,BK0027;BK0051;BK0124
variance,3,4,0.008043,7.754888,BK0116;BK0289;BK0294
von,3,4,0.008043,7.754888,BK0277;BK0328;BK0373
white,3,4,0.008043,7.754888,BK0022;BK0124;BK0145
yielding,3,4,0.008043,7.754888,BK0006;BK0116;BK0147
aaa,2,12,0.005362,7.61471,BK0051;BK0358
nmp,2,12,0.005362,7.61471,BK0008;BK0075
prb,2,12,0.005362,7.61471,BK0162;BK0280
spinal,2,12,0.005362,7.61471,BK0020;BK0063
airapl,2,11,0.005362,7.400879,BK0193;BK0228
evs,2,11,0.005362,7.400879,BK0082;BK0145
hslu,2,11,0.005362,7.400879,BK0358;BK0360
mre11,2,11,0.005362,7.400879,BK0069;BK0158
dair,2,10,0.005362,7.169925,BK0154;BK0172
thr,2,10,0.005362,7.169925,BK0002;BK0353
aacr,3,3,0.008043,6.965784,BK0155;BK0158;BK0196
ablation,3,3,0.008043,6.965784,BK0167;BK0231;BK0271
abstract,3,3,0.008043,6.965784,BK0067;BK0104;BK0282
accelerate,3,3,0.008043,6.965784,BK0053;BK0156;BK0256
account,3,3,0.008043,6.965784,BK0215;BK0266;BK0291
acquired,3,3,0.008043,6.965784,BK0131;BK0274;BK0323
adducts,3,3,0.008043,6.965784,BK0090;BK0216;BK0355
african,3,3,0.008043,6.965784,BK0219;BK0241;BK0266
ageing,3,3,0.008043,6.965784,BK0028;BK0109;BK0150
aldolase,3,3,0.008043,6.965784,BK0044;BK0095;BK0239
alternatively,3,3,0.008043,6.965784,BK0098;BK0245;BK0373
ameliorate,3,3,0.008043,6.965784,BK0086;BK0197;BK0260
amongst,3,3,0.008043,6.965784,BK0031;BK0182;BK0338
amyloid,3,3,0.008043,6.965784,BK0257;BK0263;BK0298
analogues,3,3,0.008043,6.965784,BK0201;BK0277;BK0290
antagonists,3,3,0.008043,6.965784,BK0041;BK0368;BK0369
antagonizing,3,3,0.008043,6.965784,BK0041;BK0142;BK0233
antibiotics,3,3,0.008043,6.965784,BK0154;BK0172;BK0223
appear,3,3,0.008043,6.965784,BK0159;BK0160;BK0323
apply,3,3,0.008043,6.965784,BK0006;BK0199;BK0238
areas,3,3,0.008043,6.965784,BK0002;BK0038;BK0057
assigned,3,3,0.008043,6.965784,BK0138;BK0359;BK0364
assumed,3,3,0.008043,6.965784,BK0205;BK0289;BK0364
attention,3,3,0.008043,6.965784,BK0179;BK0324;BK0340
attributed,3,3,0.008043,6.965784,BK0052;BK0266;BK0306
avoid,3,3,0.008043,6.965784,BK0140;BK0205;BK0291
axis,3,3,0.008043,6.965784,BK0026;BK0085;BK0192
back,3,3,0.008043,6.965784,BK0007;BK0188;BK0199
basal,3,3,0.008043,6.965784,BK0148;BK0200;BK0322
baseline,3,3,0.008043,6.965784,BK0051;BK0186;BK0294
bearing,3,3,0.008043,6.965784,BK0019;BK0325;BK0332
becoming,3,3,0.008043,6.965784,BK0153;BK0197;BK0238
beneficial,3,3,0.008043,6.965784,BK0083;BK0172;BK0200
benefit,3,3,0.008043,6.965784,BK0172;BK0195;BK0348
biochemically,3,3,0.008043,6.965784,BK0063;BK0220;BK0362
biosynthetic,3,3,0.008043,6.965784,BK0100;BK0117;BK0240
biotinylated,3,3,0.008043,6.965784,BK0030;BK0314;BK0356
block,3,3,0.008043,6.965784,BK0184;BK0242;BK0349
branching,3,3,0.008043,6.965784,BK0073;BK0091;BK0305
burden,3,3,0.008043,6.965784,BK0076;BK0123;BK0189
calculated,3,3,0.008043,6.965784,BK0132;BK0188;BK0372
captured,3,3,0.008043,6.965784,BK0012;BK0029;BK0149
carbon,3,3,0.008043,6.965784,BK0100;BK0187;BK0226
carcinogenesis,3,3,0.008043,6.965784,BK0077;BK0241;BK0261
cargo,3,3,0.008043,6.965784,BK0081;BK0089;BK0115
centre,3,3,0.008043,6.965784,BK0154;BK0165;BK0245
chaperone,3,3,0.008043,6.965784,BK0079;BK0250;BK0360
characterised,3,3,0.008043,6.965784,BK0062;BK0312;BK0322
chemotherapeutic,3,3,0.008043,6.965784,BK0261;BK0272;BK0310
choice,3,3,0.008043,6.965784,BK0069;BK0235;BK0340
chop,3,3,0.008043,6.965784,BK0055;BK0065;BK0317
chromosome,3,3,0.008043,6.965784,BK0024;BK0180;BK0267
circulatory,3,3,0.008043,6.965784,BK0047;BK0049;BK0075
clades,3,3,0.008043,6.965784,BK0185;BK0199;BK0289
clarify,3,3,0.008043,6.965784,BK0063;BK0260;BK0310
clearance,3,3,0.008043,6.965784,BK0050;BK0177;BK0184
cleaves,3,3,0.008043,6.965784,BK0062;BK0184;BK0213
clone,3,3,0.008043,6.965784,BK0331;BK0341;BK0367
close,3,3,0.008043,6.965784,BK0036;BK0317;BK0367
colon,3,3,0.008043,6.965784,BK0061;BK0095;BK0113
comparisons,3,3,0.008043,6.965784,BK0027;BK0116;BK0249
compartments,3,3,0.008043,6.965784,BK0119;BK0240;BK0356
comprises,3,3,0.008043,6.965784,BK0119;BK0193;BK0373
compromised,3,3,0.008043,6.965784,BK0072;BK0280;BK0365
condition,3,3,0.008043,6.965784,BK0078;BK0236;BK0303
confers,3,3,0.008043,6.965784,BK0144;BK0247;BK0305
confirming,3,3,0.008043,6.965784,BK0011;BK0042;BK0200
conjunction,3,3,0.008043,6.965784,BK0107;BK0197;BK0243
conservation,3,3,0.008043,6.965784,BK0289;BK0338;BK0372
contacts,3,3,0.008043,6.965784,BK0144;BK0183;BK0366
contexts,3,3,0.008043,6.965784,BK0120;BK0205;BK0234
continued,3,3,0.008043,6.965784,BK0072;BK0261;BK0357
continues,3,3,0.008043,6.965784,BK0173;BK0254;BK0340
conversely,3,3,0.008043,6.965784,BK0196;BK0306;BK0368
cooperatively,3,3,0.008043,6.965784,BK0071;BK0246;BK0358
correct,3,3,0.008043,6.965784,BK0072;BK0276;BK0281
cortical,3,3,0.008043,6.965784,BK0020;BK0210;BK0362
counteracts,3,3,0.008043,6.965784,BK0066;BK0090;BK0136
crispr,3,3,0.008043,6.965784,BK0026;BK0089;BK0129
critically,3,3,0.008043,6.965784,BK0048;BK0072;BK0370
crosslink,3,3,0.008043,6.965784,BK0130;BK0184;BK0270
cryptic,3,3,0.008043,6.965784,BK0053;BK0098;BK0199
dataset,3,3,0.008043,6.965784,BK0037;BK0038;BK0124
dead,3,3,0.008043,6.965784,BK0052;BK0070;BK0073
defect,3,3,0.008043,6.965784,BK0050;BK0064;BK0184
degrade,3,3,0.008043,6.965784,BK0097;BK0304;BK0365
degree,3,3,0.008043,6.965784,BK0076;BK0106;BK0362
delineate,3,3,0.008043,6.965784,BK0101;BK0197;BK0328
demonstration,3,3,0.008043,6.965784,BK0291;BK0297;BK0359
density,3,3,0.008043,6.965784,BK0021;BK0134;BK0255
depleting,3,3,0.008043,6.965784,BK0059;BK0142;BK0252
deposits,3,3,0.008043,6.965784,BK0191;BK0199;BK0311
deprivation,3,3,0.008043,6.965784,BK0065;BK0210;BK0247
describes,3,3,0.008043,6.965784,BK0145;BK0202;BK0367
destabilizes,3,3,0.008043,6.965784,BK0076;BK0142;BK0165
detecting,3,3,0.008043,6.965784,BK0002;BK0099;BK0103
determinant,3,3,0.008043,6.965784,BK0067;BK0117;BK0126
deubiquitination,3,3,0.008043,6.965784,BK0097;BK0249;BK0317
diabetic,3,3,0.008043,6.965784,BK0160;BK0171;BK0221
diagnosed,3,3,0.008043,6.965784,BK0037;BK0241;BK0251
diminished,3,3,0.008043,6.965784,BK0074;BK0117;BK0175
dioxygenase,3,3,0.008043,6.965784,BK0023;BK0279;BK0315
directed,3,3,0.008043,6.965784,BK0121;BK0215;BK0348
directs,3,3,0.008043,6.965784,BK0126;BK0162;BK0201
discoveries,3,3,0.008043,6.965784,BK0053;BK0205;BK0295
dismutase,3,3,0.008043,6.965784,BK0020;BK0044;BK0308
disrupted,3,3,0.008043,6.965784,BK0016;BK0019;BK0112
divergent,3,3,0.008043,6.965784,BK0020;BK0106;BK0355
dying,3,3,0.008043,6.965784,BK0138;BK0201;BK0259
dysfunctional,3,3,0.008043,6.965784,BK0028;BK0119;BK0142
efforts,3,3,0.008043,6.965784,BK0096;BK0336;BK0342
electron,3,3,0.008043,6.965784,BK0005;BK0145;BK0166
eliminate,3,3,0.008043,6.965784,BK0128;BK0184;BK0304
elucidating,3,3,0.008043,6.965784,BK0029;BK0036;BK0077
encode,3,3,0.008043,6.965784,BK0058;BK0168;BK0249
ends,3,3,0.008043,6.965784,BK0090;BK0142;BK0352
engineered,3,3,0.008043,6.965784,BK0045;BK0135;BK0234
establishing,3,3,0.008043,6.965784,BK0006;BK0113;BK0170
ester,3,3,0.008043,6.965784,BK0033;BK0309;BK0317
even,3,3,0.008043,6.965784,BK0137;BK0202;BK0238
evident,3,3,0.008043,6.965784,BK0123;BK0136;BK0252
except,3,3,0.008043,6.965784,BK0080;BK0351;BK0370
exhibits,3,3,0.008043,6.965784,BK0010;BK0280;BK0338
expected,3,3,0.008043,6.965784,BK0057;BK0322;BK0353
explore,3,3,0.008043,6.965784,BK0032;BK0148;BK0156
extensively,3,3,0.008043,6.965784,BK0036;BK0073;BK0322
extremely,3,3,0.008043,6.965784,BK0013;BK0099;BK0222
fact,3,3,0.008043,6.965784,BK0163;BK0228;BK0278
fail,3,3,0.008043,6.965784,BK0072;BK0267;BK0325
favors,3,3,0.008043,6.965784,BK0106;BK0146;BK0233
feasibility,3,3,0.008043,6.965784,BK0056;BK0081;BK0277
field,3,3,0.008043,6.965784,BK0091;BK0309;BK0340
formed,3,3,0.008043,6.965784,BK0130;BK0158;BK0358
frame,3,3,0.008043,6.965784,BK0209;BK0298;BK0373
functionality,3,3,0.008043,6.965784,BK0015;BK0262;BK0285
generating,3,3,0.008043,6.965784,BK0047;BK0112;BK0220
genomes,3,3,0.008043,6.965784,BK0099;BK0199;BK0248
globular,3,3,0.008043,6.965784,BK0091;BK0321;BK0373
glycosylated,3,3,0.008043,6.965784,BK0144;BK0187;BK0373
govern,3,3,0.008043,6.965784,BK0004;BK0310;BK0354
governed,3,3,0.008043,6.965784,BK0084;BK0168;BK0216
graft,3,3,0.008043,6.965784,BK0032;BK0052;BK0070
greatly,3,3,0.008043,6.965784,BK0304;BK0346;BK0364
gtpase,3,3,0.008043,6.965784,BK0029;BK0118;BK0306
hazard,3,3,0.008043,6.965784,BK0027;BK0122;BK0172
hct116,3,3,0.008043,6.965784,BK0074;BK0095;BK0208
heavily,3,3,0.008043,6.965784,BK0100;BK0289;BK0290
helicase,3,3,0.008043,6.965784,BK0009;BK0024;BK0071
helix,3,3,0.008043,6.965784,BK0130;BK0193;BK0328
helps,3,3,0.008043,6.965784,BK0118;BK0144;BK0326
history,3,3,0.008043,6.965784,BK0051;BK0111;BK0199
hitherto,3,3,0.008043,6.965784,BK0031;BK0036;BK0098
http,3,3,0.008043,6.965784,BK0222;BK0262;BK0297
humoral,3,3,0.008043,6.965784,BK0068;BK0255;BK0260
hydrophobic,3,3,0.008043,6.965784,BK0019;BK0117;BK0193
hyperglycemia,3,3,0.008043,6.965784,BK0160;BK0171;BK0303
immunohistochemistry,3,3,0.008043,6.965784,BK0128;BK0140;BK0271
impacting,3,3,0.008043,6.965784,BK0013;BK0047;BK0117
implementing,3,3,0.008043,6.965784,BK0056;BK0274;BK0296
implicates,3,3,0.008043,6.965784,BK0014;BK0020;BK0027
imply,3,3,0.008043,6.965784,BK0276;BK0316;BK0327
inability,3,3,0.008043,6.965784,BK0149;BK0184;BK0353
inactivating,3,3,0.008043,6.965784,BK0163;BK0217;BK0267
incompletely,3,3,0.008043,6.965784,BK0117;BK0191;BK0301
infarction,3,3,0.008043,6.965784,BK0023;BK0149;BK0335
informative,3,3,0.008043,6.965784,BK0056;BK0199;BK0256
inherited,3,3,0.008043,6.965784,BK0214;BK0229;BK0267
initially,3,3,0.008043,6.965784,BK0169;BK0283;BK0332
injuries,3,3,0.008043,6.965784,BK0088;BK0136;BK0161
instance,3,3,0.008043,6.965784,BK0055;BK0075;BK0179
integration,3,3,0.008043,6.965784,BK0248;BK0257;BK0365
intensities,3,3,0.008043,6.965784,BK0206;BK0274;BK0294
interactor,3,3,0.008043,6.965784,BK0115;BK0216;BK0278
interference,3,3,0.008043,6.965784,BK0283;BK0310;BK0321
interfering,3,3,0.008043,6.965784,BK0018;BK0141;BK0237
interpretation,3,3,0.008043,6.965784,BK0122;BK0124;BK0210
invariant,3,3,0.008043,6.965784,BK0086;BK0226;BK0289
investigations,3,3,0.008043,6.965784,BK0290;BK0295;BK0342
involve,3,3,0.008043,6.965784,BK0002;BK0183;BK0227
ionization,3,3,0.008043,6.965784,BK0241;BK0292;BK0337
isopeptide,3,3,0.008043,6.965784,BK0002;BK0042;BK0313
jak2,3,3,0.008043,6.965784,BK0129;BK0182;BK0291
jumonji,3,3,0.008043,6.965784,BK0224;BK0226;BK0315
junctions,3,3,0.008043,6.965784,BK0024;BK0071;BK0101
kill,3,3,0.008043,6.965784,BK0019;BK0089;BK0155
kinetics,3,3,0.008043,6.965784,BK0018;BK0042;BK0204
labelling,3,3,0.008043,6.965784,BK0029;BK0202;BK0290
laboratories,3,3,0.008043,6.965784,BK0222;BK0248;BK0274
lacked,3,3,0.008043,6.965784,BK0083;BK0129;BK0163
largest,3,3,0.008043,6.965784,BK0172;BK0338;BK0353
laser,3,3,0.008043,6.965784,BK0006;BK0292;BK0294
leiomyomatosis,3,3,0.008043,6.965784,BK0229;BK0237;BK0271
leucinyl,3,3,0.008043,6.965784,BK0357;BK0360;BK0364
limits,3,3,0.008043,6.965784,BK0117;BK0133;BK0200
live,3,3,0.008043,6.965784,BK0128;BK0261;BK0339
loading,3,3,0.008043,6.965784,BK0010;BK0115;BK0365
local,3,3,0.008043,6.965784,BK0036;BK0174;BK0311
location,3,3,0.008043,6.965784,BK0099;BK0144;BK0320
lost,3,3,0.008043,6.965784,BK0007;BK0015;BK0367
makes,3,3,0.008043,6.965784,BK0055;BK0254;BK0338
making,3,3,0.008043,6.965784,BK0010;BK0099;BK0131
malate,3,3,0.008043,6.965784,BK0044;BK0075;BK0303
manipulate,3,3,0.008043,6.965784,BK0249;BK0306;BK0323
matched,3,3,0.008043,6.965784,BK0003;BK0020;BK0047
measures,3,3,0.008043,6.965784,BK0023;BK0139;BK0205
milieu,3,3,0.008043,6.965784,BK0111;BK0202;BK0342
minor,3,3,0.008043,6.965784,BK0114;BK0186;BK0353
mitophagy,3,3,0.008043,6.965784,BK0018;BK0092;BK0300
modifiers,3,3,0.008043,6.965784,BK0121;BK0323;BK0336
monitored,3,3,0.008043,6.965784,BK0204;BK0308;BK0313
mono,3,3,0.008043,6.965784,BK0091;BK0169;BK0278
mononuclear,3,3,0.008043,6.965784,BK0155;BK0260;BK0333
morphology,3,3,0.008043,6.965784,BK0145;BK0238;BK0317
mrnas,3,3,0.008043,6.965784,BK0016;BK0103;BK0282
multiply,3,3,0.008043,6.965784,BK0086;BK0273;BK0316
muscular,3,3,0.008043,6.965784,BK0016;BK0028;BK0255
mutational,3,3,0.008043,6.965784,BK0291;BK0317;BK0366
namely,3,3,0.008043,6.965784,BK0057;BK0239;BK0246
nearly,3,3,0.008043,6.965784,BK0057;BK0117;BK0244
next,3,3,0.008043,6.965784,BK0073;BK0185;BK0271
nmr,3,3,0.008043,6.965784,BK0248;BK0273;BK0279
nutrient,3,3,0.008043,6.965784,BK0101;BK0210;BK0303
obtain,3,3,0.008043,6.965784,BK0185;BK0199;BK0274
odds,3,3,0.008043,6.965784,BK0020;BK0093;BK0145
offering,3,3,0.008043,6.965784,BK0011;BK0057;BK0122
oncology,3,3,0.008043,6.965784,BK0053;BK0103;BK0124
ontology,3,3,0.008043,6.965784,BK0068;BK0079;BK0082
opens,3,3,0.008043,6.965784,BK0081;BK0108;BK0360
optimised,3,3,0.008043,6.965784,BK0043;BK0109;BK0120
others,3,3,0.008043,6.965784,BK0054;BK0131;BK0219
overexpress,3,3,0.008043,6.965784,BK0059;BK0201;BK0305
overview,3,3,0.008043,6.965784,BK0091;BK0152;BK0174
pair,3,3,0.008043,6.965784,BK0052;BK0073;BK0169
pairs,3,3,0.008043,6.965784,BK0052;BK0149;BK0169
particle,3,3,0.008043,6.965784,BK0102;BK0141;BK0352
pave,3,3,0.008043,6.965784,BK0042;BK0107;BK0283
peptidylarginine,3,3,0.008043,6.965784,BK0123;BK0181;BK0206
period,3,3,0.008043,6.965784,BK0052;BK0099;BK0185
permit,3,3,0.008043,6.965784,BK0117;BK0368;BK0370
perturbation,3,3,0.008043,6.965784,BK0059;BK0104;BK0192
perturbed,3,3,0.008043,6.965784,BK0141;BK0179;BK0197
phenotypic,3,3,0.008043,6.965784,BK0004;BK0209;BK0267
phosphatases,3,3,0.008043,6.965784,BK0004;BK0256;BK0310
platforms,3,3,0.008043,6.965784,BK0003;BK0120;BK0222
player,3,3,0.008043,6.965784,BK0118;BK0158;BK0179
pocket,3,3,0.008043,6.965784,BK0018;BK0165;BK0328
polarization,3,3,0.008043,6.965784,BK0058;BK0072;BK0083
polyadenylation,3,3,0.008043,6.965784,BK0083;BK0104;BK0225
pombe,3,3,0.008043,6.965784,BK0223;BK0225;BK0372
predominant,3,3,0.008043,6.965784,BK0020;BK0062;BK0182
preferentially,3,3,0.008043,6.965784,BK0073;BK0086;BK0317
preparations,3,3,0.008043,6.965784,BK0210;BK0263;BK0299
prevalence,3,3,0.008043,6.965784,BK0111;BK0124;BK0171
prevalent,3,3,0.008043,6.965784,BK0011;BK0013;BK0075
prevention,3,3,0.008043,6.965784,BK0057;BK0198;BK0253
principal,3,3,0.008043,6.965784,BK0171;BK0208;BK0276
principally,3,3,0.008043,6.965784,BK0086;BK0162;BK0206
principle,3,3,0.008043,6.965784,BK0153;BK0248;BK0295
proapoptotic,3,3,0.008043,6.965784,BK0300;BK0344;BK0347
procedure,3,3,0.008043,6.965784,BK0154;BK0309;BK0372
product,3,3,0.008043,6.965784,BK0247;BK0273;BK0338
program,3,3,0.008043,6.965784,BK0050;BK0129;BK0146
pronounced,3,3,0.008043,6.965784,BK0065;BK0084;BK0362
protect,3,3,0.008043,6.965784,BK0178;BK0195;BK0300
protection,3,3,0.008043,6.965784,BK0015;BK0072;BK0131
protects,3,3,0.008043,6.965784,BK0094;BK0184;BK0247
proved,3,3,0.008043,6.965784,BK0013;BK0199;BK0283
published,3,3,0.008043,6.965784,BK0037;BK0154;BK0267
pulmonary,3,3,0.008043,6.965784,BK0120;BK0206;BK0209
rational,3,3,0.008043,6.965784,BK0065;BK0125;BK0195
reach,3,3,0.008043,6.965784,BK0052;BK0082;BK0325
reached,3,3,0.008043,6.965784,BK0103;BK0173;BK0325
react,3,3,0.008043,6.965784,BK0288;BK0348;BK0354
reactions,3,3,0.008043,6.965784,BK0187;BK0208;BK0340
reader,3,3,0.008043,6.965784,BK0096;BK0153;BK0175
reading,3,3,0.008043,6.965784,BK0209;BK0352;BK0373
recognizes,3,3,0.008043,6.965784,BK0146;BK0155;BK0262
recruit,3,3,0.008043,6.965784,BK0084;BK0178;BK0296
recruiting,3,3,0.008043,6.965784,BK0024;BK0090;BK0167
referred,3,3,0.008043,6.965784,BK0091;BK0179;BK0271
reflected,3,3,0.008043,6.965784,BK0088;BK0117;BK0204
refractory,3,3,0.008043,6.965784,BK0251;BK0339;BK0342
remodelling,3,3,0.008043,6.965784,BK0101;BK0242;BK0276
res,3,3,0.008043,6.965784,BK0155;BK0158;BK0196
rescued,3,3,0.008043,6.965784,BK0050;BK0160;BK0203
resembling,3,3,0.008043,6.965784,BK0111;BK0202;BK0373
resolve,3,3,0.008043,6.965784,BK0024;BK0090;BK0199
respond,3,3,0.008043,6.965784,BK0055;BK0106;BK0169
responsive,3,3,0.008043,6.965784,BK0092;BK0319;BK0320
resting,3,3,0.008043,6.965784,BK0079;BK0108;BK0243
retained,3,3,0.008043,6.965784,BK0064;BK0225;BK0230
ribosomes,3,3,0.008043,6.965784,BK0223;BK0264;BK0300
routine,3,3,0.008043,6.965784,BK0093;BK0135;BK0174
schizosaccharomyces,3,3,0.008043,6.965784,BK0223;BK0225;BK0372
scientific,3,3,0.008043,6.965784,BK0053;BK0171;BK0267
scores,3,3,0.008043,6.965784,BK0070;BK0132;BK0337
search,3,3,0.008043,6.965784,BK0239;BK0297;BK0314
separated,3,3,0.008043,6.965784,BK0171;BK0282;BK0352
sequestration,3,3,0.008043,6.965784,BK0138;BK0300;BK0326
serves,3,3,0.008043,6.965784,BK0009;BK0094;BK0355
setting,3,3,0.008043,6.965784,BK0023;BK0081;BK0292
shock,3,3,0.008043,6.965784,BK0303;BK0308;BK0334
shotgun,3,3,0.008043,6.965784,BK0137;BK0138;BK0239
silac,3,3,0.008043,6.965784,BK0202;BK0243;BK0316
similarly,3,3,0.008043,6.965784,BK0019;BK0036;BK0153
skeleton,3,3,0.008043,6.965784,BK0111;BK0255;BK0257
skin,3,3,0.008043,6.965784,BK0031;BK0236;BK0301
slightly,3,3,0.008043,6.965784,BK0018;BK0217;BK0368
smaller,3,3,0.008043,6.965784,BK0152;BK0222;BK0311
sorting,3,3,0.008043,6.965784,BK0102;BK0115;BK0355
sources,3,3,0.008043,6.965784,BK0027;BK0125;BK0364
special,3,3,0.008043,6.965784,BK0169;BK0256;BK0295
spontaneous,3,3,0.008043,6.965784,BK0202;BK0261;BK0318
sporadic,3,3,0.008043,6.965784,BK0042;BK0202;BK0210
stabilize,3,3,0.008043,6.965784,BK0273;BK0306;BK0316
stably,3,3,0.008043,6.965784,BK0085;BK0212;BK0331
sterol,3,3,0.008043,6.965784,BK0085;BK0117;BK0225
stimulate,3,3,0.008043,6.965784,BK0108;BK0180;BK0217
stimuli,3,3,0.008043,6.965784,BK0009;BK0240;BK0243
stored,3,3,0.008043,6.965784,BK0089;BK0186;BK0263
straightforward,3,3,0.008043,6.965784,BK0109;BK0135;BK0248
strains,3,3,0.008043,6.965784,BK0217;BK0289;BK0363
strikingly,3,3,0.008043,6.965784,BK0008;BK0075;BK0268
subcellular,3,3,0.008043,6.965784,BK0005;BK0016;BK0094
subclinical,3,3,0.008043,6.965784,BK0052;BK0088;BK0116
subject,3,3,0.008043,6.965784,BK0092;BK0153;BK0241
subsets,3,3,0.008043,6.965784,BK0182;BK0272;BK0283
substantial,3,3,0.008043,6.965784,BK0076;BK0113;BK0339
superfamily,3,3,0.008043,6.965784,BK0169;BK0359;BK0372
synapses,3,3,0.008043,6.965784,BK0068;BK0102;BK0326
systematically,3,3,0.008043,6.965784,BK0011;BK0026;BK0286
template,3,3,0.008043,6.965784,BK0026;BK0144;BK0270
terms,3,3,0.008043,6.965784,BK0068;BK0205;BK0263
though,3,3,0.008043,6.965784,BK0014;BK0163;BK0222
thousands,3,3,0.008043,6.965784,BK0039;BK0125;BK0131
tnf,3,3,0.008043,6.965784,BK0050;BK0194;BK0260
top,3,3,0.008043,6.965784,BK0101;BK0121;BK0164
tumourigenesis,3,3,0.008043,6.965784,BK0076;BK0252;BK0271
unaffected,3,3,0.008043,6.965784,BK0101;BK0123;BK0247
uncoupling,3,3,0.008043,6.965784,BK0098;BK0141;BK0148
underlie,3,3,0.008043,6.965784,BK0005;BK0233;BK0252
underlies,3,3,0.008043,6.965784,BK0083;BK0090;BK0107
underwent,3,3,0.008043,6.965784,BK0049;BK0081;BK0209
unrecognized,3,3,0.008043,6.965784,BK0002;BK0010;BK0031
unsuspected,3,3,0.008043,6.965784,BK0064;BK0271;BK0310
vaccinia,3,3,0.008043,6.965784,BK0204;BK0218;BK0289
values,3,3,0.008043,6.965784,BK0046;BK0070;BK0124
viable,3,3,0.008043,6.965784,BK0024;BK0025;BK0261
warm,3,3,0.008043,6.965784,BK0032;BK0049;BK0136
way,3,3,0.008043,6.965784,BK0042;BK0107;BK0283
western,3,3,0.008043,6.965784,BK0030;BK0111;BK0185
whereby,3,3,0.008043,6.965784,BK0048;BK0092;BK0098
blm,2,9,0.005362,6.918863,BK0024;BK0071
crc,2,9,0.005362,6.918863,BK0123;BK0322
cts,2,9,0.005362,6.918863,BK0100;BK0356
gingivalis,2,9,0.005362,6.918863,BK0151;BK0163
metastases,2,9,0.005362,6.918863,BK0113;BK0123
ogfod1,2,9,0.005362,6.918863,BK0223;BK0225
peritoneal,2,9,0.005362,6.918863,BK0078;BK0081
stalled,2,9,0.005362,6.918863,BK0071;BK0178
tubules,2,9,0.005362,6.918863,BK0168;BK0189
chit1,2,8,0.005362,6.643856,BK0027;BK0122
hmp,2,8,0.005362,6.643856,BK0049;BK0070
joining,2,8,0.005362,6.643856,BK0026;BK0119
ku70,2,8,0.005362,6.643856,BK0344;BK0347
medulloblastoma,2,8,0.005362,6.643856,BK0048;BK0192
oxidase,2,8,0.005362,6.643856,BK0078;BK0198
perioperative,2,8,0.005362,6.643856,BK0014;BK0023
rhoa,2,8,0.005362,6.643856,BK0211;BK0306
shpab,2,8,0.005362,6.643856,BK0083;BK0104
sirt1,2,8,0.005362,6.643856,BK0104;BK0347
uchl3,2,8,0.005362,6.643856,BK0025;BK0142
wnt,2,8,0.005362,6.643856,BK0048;BK0301
adipose,2,7,0.005362,6.33985,BK0198;BK0308
allocation,2,7,0.005362,6.33985,BK0021;BK0106
atg7,2,7,0.005362,6.33985,BK0200;BK0300
cholesterol,2,7,0.005362,6.33985,BK0117;BK0129
fatal,2,7,0.005362,6.33985,BK0138;BK0339
hdac6,2,7,0.005362,6.33985,BK0196;BK0232
immunopeptidomics,2,7,0.005362,6.33985,BK0125;BK0132
inflammasome,2,7,0.005362,6.33985,BK0030;BK0067
lectin,2,7,0.005362,6.33985,BK0326;BK0332
otub2,2,7,0.005362,6.33985,BK0213;BK0317
restart,2,7,0.005362,6.33985,BK0071;BK0178
rps23,2,7,0.005362,6.33985,BK0223;BK0225
smoking,2,7,0.005362,6.33985,BK0151;BK0206
sprtn,2,7,0.005362,6.33985,BK0090;BK0184
tp53,2,7,0.005362,6.33985,BK0019;BK0261
b27,2,6,0.005362,6.0,BK0218;BK0312
btr,2,6,0.005362,6.0,BK0024;BK0071
cdk,2,6,0.005362,6.0,BK0107;BK0280
cml,2,6,0.005362,6.0,BK0043;BK0062
dcd,2,6,0.005362,6.0,BK0049;BK0075
dsbs,2,6,0.005362,6.0,BK0026;BK0110
finger,2,6,0.005362,6.0,BK0167;BK0246
hsluv,2,6,0.005362,6.0,BK0358;BK0360
igm,2,6,0.005362,6.0,BK0332;BK0335
internalization,2,6,0.005362,6.0,BK0010;BK0349
joints,2,6,0.005362,6.0,BK0181;BK0311
lys,2,6,0.005362,6.0,BK0002;BK0317
mg132,2,6,0.005362,6.0,BK0339;BK0351
nod2,2,6,0.005362,6.0,BK0097;BK0194
polyamine,2,6,0.005362,6.0,BK0017;BK0109
purkinje,2,6,0.005362,6.0,BK0214;BK0362
ser,2,6,0.005362,6.0,BK0002;BK0353
allele,2,5,0.005362,5.61471,BK0246;BK0261
allosteric,2,5,0.005362,5.61471,BK0157;BK0360
autoantibody,2,5,0.005362,5.61471,BK0181;BK0255
bax,2,5,0.005362,5.61471,BK0344;BK0347
bromodomain,2,5,0.005362,5.61471,BK0153;BK0175
cathepsins,2,5,0.005362,5.61471,BK0350;BK0362
cerebellum,2,5,0.005362,5.61471,BK0128;BK0214
columns,2,5,0.005362,5.61471,BK0294;BK0337
compositional,2,5,0.005362,5.61471,BK0031;BK0106
coronary,2,5,0.005362,5.61471,BK0149;BK0198
cpfp,2,5,0.005362,5.61471,BK0274;BK0297
criteria,2,5,0.005362,5.61471,BK0154;BK0257
debridement,2,5,0.005362,5.61471,BK0154;BK0172
dephosphorylation,2,5,0.005362,5.61471,BK0253;BK0310
exosome,2,5,0.005362,5.61471,BK0060;BK0210
extravasation,2,5,0.005362,5.61471,BK0161;BK0312
hip,2,5,0.005362,5.61471,BK0154;BK0230
hormone,2,5,0.005362,5.61471,BK0129;BK0291
islets,2,5,0.005362,5.61471,BK0160;BK0299
locus,2,5,0.005362,5.61471,BK0017;BK0140
mechanical,2,5,0.005362,5.61471,BK0055;BK0083
melanoma,2,5,0.005362,5.61471,BK0025;BK0244
mtor,2,5,0.005362,5.61471,BK0050;BK0129
nlrp3,2,5,0.005362,5.61471,BK0030;BK0067
perfusate,2,5,0.005362,5.61471,BK0008;BK0070
periprosthetic,2,5,0.005362,5.61471,BK0154;BK0172
polyamines,2,5,0.005362,5.61471,BK0017;BK0109
prediction,2,5,0.005362,5.61471,BK0051;BK0352
sfp,2,5,0.005362,5.61471,BK0021;BK0114
tgf,2,5,0.005362,5.61471,BK0032;BK0094
actions,2,4,0.005362,5.169925,BK0291;BK0355
adaahx,2,4,0.005362,5.169925,BK0351;BK0364
auc,2,4,0.005362,5.169925,BK0219;BK0241
axonal,2,4,0.005362,5.169925,BK0068;BK0362
barrier,2,4,0.005362,5.169925,BK0101;BK0137
biomolecules,2,4,0.005362,5.169925,BK0337;BK0340
bromodomains,2,4,0.005362,5.169925,BK0096;BK0153
chemistry,2,4,0.005362,5.169925,BK0187;BK0340
codon,2,4,0.005362,5.169925,BK0223;BK0226
contamination,2,4,0.005362,5.169925,BK0125;BK0299
contemporary,2,4,0.005362,5.169925,BK0111;BK0128
copy,2,4,0.005362,5.169925,BK0114;BK0343
deposited,2,4,0.005362,5.169925,BK0038;BK0311
diet,2,4,0.005362,5.169925,BK0189;BK0201
digested,2,4,0.005362,5.169925,BK0294;BK0299
encephalitis,2,4,0.005362,5.169925,BK0038;BK0093
epigenetics,2,4,0.005362,5.169925,BK0179;BK0295
erythrocyte,2,4,0.005362,5.169925,BK0120;BK0300
eukaryotes,2,4,0.005362,5.169925,BK0205;BK0223
exon,2,4,0.005362,5.169925,BK0129;BK0224
hausp,2,4,0.005362,5.169925,BK0253;BK0331
hepatic,2,4,0.005362,5.169925,BK0113;BK0129
hours,2,4,0.005362,5.169925,BK0008;BK0075
ifit3,2,4,0.005362,5.169925,BK0009;BK0282
implant,2,4,0.005362,5.169925,BK0154;BK0172
index,2,4,0.005362,5.169925,BK0116;BK0274
internal,2,4,0.005362,5.169925,BK0124;BK0198
k48,2,4,0.005362,5.169925,BK0073;BK0234
kdms,2,4,0.005362,5.169925,BK0105;BK0156
lck,2,4,0.005362,5.169925,BK0322;BK0367
learn,2,4,0.005362,5.169925,BK0139;BK0238
lineage,2,4,0.005362,5.169925,BK0127;BK0195
loci,2,4,0.005362,5.169925,BK0167;BK0180
misfolded,2,4,0.005362,5.169925,BK0177;BK0304
monoubiquitination,2,4,0.005362,5.169925,BK0130;BK0285
neuromuscular,2,4,0.005362,5.169925,BK0016;BK0028
pad2,2,4,0.005362,5.169925,BK0181;BK0206
peptidase,2,4,0.005362,5.169925,BK0325;BK0346
progressive,2,4,0.005362,5.169925,BK0150;BK0160
radiosensitization,2,4,0.005362,5.169925,BK0065;BK0158
reactivation,2,4,0.005362,5.169925,BK0244;BK0254
recirculation,2,4,0.005362,5.169925,BK0008;BK0075
restriction,2,4,0.005362,5.169925,BK0304;BK0347
retinoblastoma,2,4,0.005362,5.169925,BK0162;BK0280
ring,2,4,0.005362,5.169925,BK0167;BK0358
salvage,2,4,0.005362,5.169925,BK0172;BK0201
simple,2,4,0.005362,5.169925,BK0222;BK0309
spectra,2,4,0.005362,5.169925,BK0294;BK0352
spelling,2,4,0.005362,5.169925,BK0139;BK0238
spellings,2,4,0.005362,5.169925,BK0139;BK0238
spots,2,4,0.005362,5.169925,BK0303;BK0308
starvation,2,4,0.005362,5.169925,BK0029;BK0059
tca,2,4,0.005362,5.169925,BK0112;BK0148
tract,2,4,0.005362,5.169925,BK0114;BK0267
transformed,2,4,0.005362,5.169925,BK0174;BK0372
tryptophan,2,4,0.005362,5.169925,BK0023;BK0183
vector,2,4,0.005362,5.169925,BK0204;BK0343
aco2,2,3,0.005362,4.643856,BK0229;BK0237
acpa,2,3,0.005362,4.643856,BK0151;BK0181
adapted,2,3,0.005362,4.643856,BK0166;BK0365
amine,2,3,0.005362,4.643856,BK0002;BK0078
apolipoprotein,2,3,0.005362,4.643856,BK0241;BK0263
asn,2,3,0.005362,4.643856,BK0273;BK0277
asparagine,2,3,0.005362,4.643856,BK0174;BK0273
asymmetric,2,3,0.005362,4.643856,BK0233;BK0358
atpase,2,3,0.005362,4.643856,BK0069;BK0090
bacteremia,2,3,0.005362,4.643856,BK0172;BK0219
beta2,2,3,0.005362,4.643856,BK0324;BK0364
bloom,2,3,0.005362,4.643856,BK0024;BK0071
caspase,2,3,0.005362,4.643856,BK0041;BK0140
cdks,2,3,0.005362,4.643856,BK0107;BK0280
challenges,2,3,0.005362,4.643856,BK0002;BK0295
checkpoints,2,3,0.005362,4.643856,BK0146;BK0179
chemokines,2,3,0.005362,4.643856,BK0144;BK0321
chemotaxis,2,3,0.005362,4.643856,BK0003;BK0006
chicken,2,3,0.005362,4.643856,BK0260;BK0373
chimeric,2,3,0.005362,4.643856,BK0132;BK0135
cold,2,3,0.005362,4.643856,BK0052;BK0299
collection,2,3,0.005362,4.643856,BK0111;BK0186
combinations,2,3,0.005362,4.643856,BK0217;BK0241
conditioned,2,3,0.005362,4.643856,BK0238;BK0321
connective,2,3,0.005362,4.643856,BK0055;BK0255
consortium,2,3,0.005362,4.643856,BK0038;BK0173
contact,2,3,0.005362,4.643856,BK0305;BK0341
covered,2,3,0.005362,4.643856,BK0002;BK0057
crosslinking,2,3,0.005362,4.643856,BK0270;BK0369
cryoem,2,3,0.005362,4.643856,BK0001;BK0006
ctnc5,2,3,0.005362,4.643856,BK0151;BK0181
deacetylation,2,3,0.005362,4.643856,BK0084;BK0104
december,2,3,0.005362,4.643856,BK0023;BK0173
defines,2,3,0.005362,4.643856,BK0183;BK0196
demethylase,2,3,0.005362,4.643856,BK0270;BK0309
demethylation,2,3,0.005362,4.643856,BK0169;BK0309
details,2,3,0.005362,4.643856,BK0030;BK0295
deubiquitylase,2,3,0.005362,4.643856,BK0074;BK0092
diagnose,2,3,0.005362,4.643856,BK0239;BK0266
diagnosing,2,3,0.005362,4.643856,BK0239;BK0292
dietary,2,3,0.005362,4.643856,BK0189;BK0304
distal,2,3,0.005362,4.643856,BK0147;BK0193
ectopic,2,3,0.005362,4.643856,BK0078;BK0330
elastase,2,3,0.005362,4.643856,BK0150;BK0159
endometrial,2,3,0.005362,4.643856,BK0011;BK0078
endothelium,2,3,0.005362,4.643856,BK0148;BK0305
entered,2,3,0.005362,4.643856,BK0124;BK0173
errors,2,3,0.005362,4.643856,BK0179;BK0352
exhaustion,2,3,0.005362,4.643856,BK0007;BK0034
fertility,2,3,0.005362,4.643856,BK0135;BK0242
fibrinogen,2,3,0.005362,4.643856,BK0151;BK0181
filtration,2,3,0.005362,4.643856,BK0008;BK0333
fine,2,3,0.005362,4.643856,BK0039;BK0151
flexible,2,3,0.005362,4.643856,BK0193;BK0207
freely,2,3,0.005362,4.643856,BK0222;BK0274
gag,2,3,0.005362,4.643856,BK0125;BK0215
glutamate,2,3,0.005362,4.643856,BK0008;BK0128
harboring,2,3,0.005362,4.643856,BK0135;BK0157
hedgehog,2,3,0.005362,4.643856,BK0048;BK0192
hematologic,2,3,0.005362,4.643856,BK0196;BK0339
identity,2,3,0.005362,4.643856,BK0225;BK0278
immunoblot,2,3,0.005362,4.643856,BK0063;BK0352
infecting,2,3,0.005362,4.643856,BK0230;BK0289
influenza,2,3,0.005362,4.643856,BK0058;BK0240
insect,2,3,0.005362,4.643856,BK0168;BK0356
insects,2,3,0.005362,4.643856,BK0021;BK0114
interstrand,2,3,0.005362,4.643856,BK0119;BK0130
irradiation,2,3,0.005362,4.643856,BK0062;BK0065
isg,2,3,0.005362,4.643856,BK0009;BK0045
letters,2,3,0.005362,4.643856,BK0139;BK0238
leucocyte,2,3,0.005362,4.643856,BK0186;BK0312
leukaemia,2,3,0.005362,4.643856,BK0043;BK0062
lipocalin,2,3,0.005362,4.643856,BK0093;BK0219
lysines,2,3,0.005362,4.643856,BK0318;BK0344
lysis,2,3,0.005362,4.643856,BK0140;BK0340
membranes,2,3,0.005362,4.643856,BK0120;BK0177
mer,2,3,0.005362,4.643856,BK0125;BK0218
metabolome,2,3,0.005362,4.643856,BK0148;BK0248
metalloprotease,2,3,0.005362,4.643856,BK0090;BK0184
middle,2,3,0.005362,4.643856,BK0185;BK0193
mirnas,2,3,0.005362,4.643856,BK0111;BK0164
myogenic,2,3,0.005362,4.643856,BK0045;BK0083
nedd8,2,3,0.005362,4.643856,BK0317;BK0354
neuroprotective,2,3,0.005362,4.643856,BK0018;BK0247
niche,2,3,0.005362,4.643856,BK0150;BK0191
node,2,3,0.005362,4.643856,BK0004;BK0206
nos,2,3,0.005362,4.643856,BK0112;BK0148
nucleotide,2,3,0.005362,4.643856,BK0099;BK0201
occupancy,2,3,0.005362,4.643856,BK0084;BK0231
oral,2,3,0.005362,4.643856,BK0161;BK0163
orbitrap,2,3,0.005362,4.643856,BK0120;BK0159
pairing,2,3,0.005362,4.643856,BK0015;BK0034
particles,2,3,0.005362,4.643856,BK0089;BK0145
pbmc,2,3,0.005362,4.643856,BK0260;BK0298
pcr,2,3,0.005362,4.643856,BK0140;BK0282
pediatric,2,3,0.005362,4.643856,BK0128;BK0138
phonemes,2,3,0.005362,4.643856,BK0139;BK0238
phosphoproteomics,2,3,0.005362,4.643856,BK0052;BK0182
placental,2,3,0.005362,4.643856,BK0199;BK0263
plasmid,2,3,0.005362,4.643856,BK0224;BK0343
poly,2,3,0.005362,4.643856,BK0079;BK0104
polyubiquitin,2,3,0.005362,4.643856,BK0091;BK0317
polyubiquitination,2,3,0.005362,4.643856,BK0055;BK0278
pools,2,3,0.005362,4.643856,BK0263;BK0281
porphyromonas,2,3,0.005362,4.643856,BK0151;BK0163
postoperative,2,3,0.005362,4.643856,BK0014;BK0023
predicts,2,3,0.005362,4.643856,BK0106;BK0124
productions,2,3,0.005362,4.643856,BK0139;BK0238
proinflammatory,2,3,0.005362,4.643856,BK0163;BK0240
prokaryotic,2,3,0.005362,4.643856,BK0264;BK0358
proliferative,2,3,0.005362,4.643856,BK0164;BK0184
prolonged,2,3,0.005362,4.643856,BK0008;BK0075
ptm,2,3,0.005362,4.643856,BK0067;BK0205
reads,2,3,0.005362,4.643856,BK0099;BK0233
recognised,2,3,0.005362,4.643856,BK0181;BK0289
recognizing,2,3,0.005362,4.643856,BK0234;BK0240
relapsed,2,3,0.005362,4.643856,BK0251;BK0342
repeats,2,3,0.005362,4.643856,BK0273;BK0282
rheumatic,2,3,0.005362,4.643856,BK0255;BK0257
rise,2,3,0.005362,4.643856,BK0252;BK0349
saa2,2,3,0.005362,4.643856,BK0014;BK0088
sarcomeric,2,3,0.005362,4.643856,BK0045;BK0083
scanning,2,3,0.005362,4.643856,BK0195;BK0337
sensor,2,3,0.005362,4.643856,BK0130;BK0268
sepsis,2,3,0.005362,4.643856,BK0131;BK0351
sequential,2,3,0.005362,4.643856,BK0006;BK0267
sex,2,3,0.005362,4.643856,BK0064;BK0219
spatially,2,3,0.005362,4.643856,BK0030;BK0102
spell,2,3,0.005362,4.643856,BK0139;BK0238
stabilized,2,3,0.005362,4.643856,BK0158;BK0212
stalling,2,3,0.005362,4.643856,BK0074;BK0099
stochastic,2,3,0.005362,4.643856,BK0089;BK0099
stop,2,3,0.005362,4.643856,BK0223;BK0226
subdomains,2,3,0.005362,4.643856,BK0042;BK0373
subgroups,2,3,0.005362,4.643856,BK0048;BK0212
supplementation,2,3,0.005362,4.643856,BK0286;BK0299
symmetric,2,3,0.005362,4.643856,BK0233;BK0358
tailored,2,3,0.005362,4.643856,BK0037;BK0260
tegument,2,3,0.005362,4.643856,BK0338;BK0352
transgene,2,3,0.005362,4.643856,BK0140;BK0260
trends,2,3,0.005362,4.643856,BK0173;BK0241
triglyceride,2,3,0.005362,4.643856,BK0094;BK0129
trimming,2,3,0.005362,4.643856,BK0053;BK0275
triple,2,3,0.005362,4.643856,BK0132;BK0328
truncated,2,3,0.005362,4.643856,BK0063;BK0158
ultraperformance,2,3,0.005362,4.643856,BK0309;BK0321
vectors,2,3,0.005362,4.643856,BK0247;BK0267
virions,2,3,0.005362,4.643856,BK0326;BK0352
volume,2,3,0.005362,4.643856,BK0008;BK0171
weighted,2,3,0.005362,4.643856,BK0027;BK0068
writing,2,3,0.005362,4.643856,BK0139;BK0238
young,2,3,0.005362,4.643856,BK0150;BK0238
plaque,1,20,0.002681,4.459432,BK0149
hfe,1,16,0.002681,4.169925,BK0314
stbm,1,15,0.002681,4.087463,BK0263
abdominal,2,2,0.005362,4.0,BK0051;BK0191
abolishes,2,2,0.005362,4.0,BK0338;BK0344
abrogated,2,2,0.005362,4.0,BK0036;BK0045
acceleration,2,2,0.005362,4.0,BK0228;BK0368
accumulated,2,2,0.005362,4.0,BK0008;BK0282
accumulates,2,2,0.005362,4.0,BK0177;BK0240
acetaminophen,2,2,0.005362,4.0,BK0161;BK0173
acetyltransferases,2,2,0.005362,4.0,BK0169;BK0344
acting,2,2,0.005362,4.0,BK0208;BK0355
activators,2,2,0.005362,4.0,BK0108;BK0360
adaptations,2,2,0.005362,4.0,BK0008;BK0304
additive,2,2,0.005362,4.0,BK0084;BK0244
adenosine,2,2,0.005362,4.0,BK0033;BK0157
adherence,2,2,0.005362,4.0,BK0068;BK0154
adjuvant,2,2,0.005362,4.0,BK0137;BK0217
admitted,2,2,0.005362,4.0,BK0093;BK0138
advance,2,2,0.005362,4.0,BK0011;BK0176
advancing,2,2,0.005362,4.0,BK0031;BK0057
advantage,2,2,0.005362,4.0,BK0168;BK0200
advantages,2,2,0.005362,4.0,BK0018;BK0166
aggregated,2,2,0.005362,4.0,BK0168;BK0173
aggressive,2,2,0.005362,4.0,BK0025;BK0200
agreement,2,2,0.005362,4.0,BK0129;BK0173
aid,2,2,0.005362,4.0,BK0052;BK0223
algorithms,2,2,0.005362,4.0,BK0039;BK0219
alignment,2,2,0.005362,4.0,BK0199;BK0338
aliphatic,2,2,0.005362,4.0,BK0109;BK0248
alleles,2,2,0.005362,4.0,BK0125;BK0246
already,2,2,0.005362,4.0,BK0136;BK0283
amelioration,2,2,0.005362,4.0,BK0086;BK0267
aminohexanoyl,2,2,0.005362,4.0,BK0357;BK0364
amount,2,2,0.005362,4.0,BK0342;BK0351
analgesic,2,2,0.005362,4.0,BK0078;BK0134
analog,2,2,0.005362,4.0,BK0065;BK0099
analyze,2,2,0.005362,4.0,BK0218;BK0257
antiparallel,2,2,0.005362,4.0,BK0041;BK0360
antitumor,2,2,0.005362,4.0,BK0007;BK0034
apex2,2,2,0.005362,4.0,BK0029;BK0030
apo,2,2,0.005362,4.0,BK0022;BK0165
appeared,2,2,0.005362,4.0,BK0104;BK0186
applicability,2,2,0.005362,4.0,BK0078;BK0120
approved,2,2,0.005362,4.0,BK0043;BK0195
archaic,2,2,0.005362,4.0,BK0185;BK0199
ards,2,2,0.005362,4.0,BK0273;BK0327
arginines,2,2,0.005362,4.0,BK0169;BK0318
argue,2,2,0.005362,4.0,BK0248;BK0301
arise,2,2,0.005362,4.0,BK0078;BK0301
around,2,2,0.005362,4.0,BK0156;BK0168
array,2,2,0.005362,4.0,BK0004;BK0331
arsenite,2,2,0.005362,4.0,BK0193;BK0210
artificial,2,2,0.005362,4.0,BK0003;BK0267
aspect,2,2,0.005362,4.0,BK0141;BK0285
assemble,2,2,0.005362,4.0,BK0073;BK0180
associations,2,2,0.005362,4.0,BK0204;BK0249
atf3,2,2,0.005362,4.0,BK0326;BK0334
attempt,2,2,0.005362,4.0,BK0238;BK0328
atxn3,2,2,0.005362,4.0,BK0028;BK0055
augmented,2,2,0.005362,4.0,BK0148;BK0302
authors,2,2,0.005362,4.0,BK0113;BK0139
avenue,2,2,0.005362,4.0,BK0007;BK0135
avenues,2,2,0.005362,4.0,BK0081;BK0095
axial,2,2,0.005362,4.0,BK0255;BK0257
azidobenzoic,2,2,0.005362,4.0,BK0366;BK0369
band,2,2,0.005362,4.0,BK0206;BK0273
became,2,2,0.005362,4.0,BK0075;BK0129
becomes,2,2,0.005362,4.0,BK0278;BK0322
believed,2,2,0.005362,4.0,BK0319;BK0333
belonging,2,2,0.005362,4.0,BK0136;BK0348
belongs,2,2,0.005362,4.0,BK0276;BK0338
biallelic,2,2,0.005362,4.0,BK0036;BK0184
bias,2,2,0.005362,4.0,BK0186;BK0205
binder,2,2,0.005362,4.0,BK0060;BK0189
bioactive,2,2,0.005362,4.0,BK0043;BK0210
biochemistry,2,2,0.005362,4.0,BK0152;BK0208
biocompatible,2,2,0.005362,4.0,BK0187;BK0340
bioenergetics,2,2,0.005362,4.0,BK0050;BK0148
bioinformatic,2,2,0.005362,4.0,BK0085;BK0229
biophysical,2,2,0.005362,4.0,BK0143;BK0288
biosynthesis,2,2,0.005362,4.0,BK0202;BK0343
blockade,2,2,0.005362,4.0,BK0095;BK0251
blocked,2,2,0.005362,4.0,BK0077;BK0314
blotting,2,2,0.005362,4.0,BK0030;BK0111
bonds,2,2,0.005362,4.0,BK0002;BK0187
brains,2,2,0.005362,4.0,BK0137;BK0177
branched,2,2,0.005362,4.0,BK0073;BK0338
breeding,2,2,0.005362,4.0,BK0135;BK0140
brings,2,2,0.005362,4.0,BK0007;BK0013
broadly,2,2,0.005362,4.0,BK0016;BK0086
broken,2,2,0.005362,4.0,BK0142;BK0357
c8166,2,2,0.005362,4.0,BK0125;BK0176
carbohydrate,2,2,0.005362,4.0,BK0008;BK0281
catabolism,2,2,0.005362,4.0,BK0023;BK0351
catalytically,2,2,0.005362,4.0,BK0178;BK0364
catalyze,2,2,0.005362,4.0,BK0223;BK0264
catastrophic,2,2,0.005362,4.0,BK0024;BK0065
cation,2,2,0.005362,4.0,BK0294;BK0314
cd55,2,2,0.005362,4.0,BK0140;BK0263
cd81,2,2,0.005362,4.0,BK0102;BK0263
centered,2,2,0.005362,4.0,BK0316;BK0353
channels,2,2,0.005362,4.0,BK0017;BK0303
chemically,2,2,0.005362,4.0,BK0187;BK0249
chemokine,2,2,0.005362,4.0,BK0144;BK0183
chemotherapy,2,2,0.005362,4.0,BK0062;BK0124
circuit,2,2,0.005362,4.0,BK0100;BK0232
circumvent,2,2,0.005362,4.0,BK0013;BK0052
ck2,2,2,0.005362,4.0,BK0110;BK0253
cleaved,2,2,0.005362,4.0,BK0044;BK0047
clients,2,2,0.005362,4.0,BK0117;BK0297
closest,2,2,0.005362,4.0,BK0076;BK0223
cluster,2,2,0.005362,4.0,BK0237;BK0297
clustering,2,2,0.005362,4.0,BK0049;BK0070
code,2,2,0.005362,4.0,BK0091;BK0187
coexist,2,2,0.005362,4.0,BK0175;BK0268
coincident,2,2,0.005362,4.0,BK0298;BK0333
colony,2,2,0.005362,4.0,BK0164;BK0343
comes,2,2,0.005362,4.0,BK0106;BK0174
community,2,2,0.005362,4.0,BK0171;BK0267
competitive,2,2,0.005362,4.0,BK0036;BK0105
complemented,2,2,0.005362,4.0,BK0005;BK0225
complicated,2,2,0.005362,4.0,BK0274;BK0364
concurrent,2,2,0.005362,4.0,BK0222;BK0244
conferred,2,2,0.005362,4.0,BK0196;BK0247
confirmation,2,2,0.005362,4.0,BK0116;BK0185
confirms,2,2,0.005362,4.0,BK0074;BK0180
conjugate,2,2,0.005362,4.0,BK0278;BK0369
connected,2,2,0.005362,4.0,BK0091;BK0221
consequent,2,2,0.005362,4.0,BK0092;BK0175
consistency,2,2,0.005362,4.0,BK0145;BK0294
constituents,2,2,0.005362,4.0,BK0311;BK0312
constitutively,2,2,0.005362,4.0,BK0364;BK0367
contents,2,2,0.005362,4.0,BK0064;BK0149
convalescent,2,2,0.005362,4.0,BK0080;BK0239
conversion,2,2,0.005362,4.0,BK0094;BK0123
converts,2,2,0.005362,4.0,BK0175;BK0201
convey,2,2,0.005362,4.0,BK0210;BK0263
cooperates,2,2,0.005362,4.0,BK0119;BK0130
cooperation,2,2,0.005362,4.0,BK0110;BK0119
cooperative,2,2,0.005362,4.0,BK0036;BK0124
coordinates,2,2,0.005362,4.0,BK0090;BK0366
correctly,2,2,0.005362,4.0,BK0271;BK0360
count,2,2,0.005362,4.0,BK0022;BK0124
couples,2,2,0.005362,4.0,BK0147;BK0191
coupling,2,2,0.005362,4.0,BK0006;BK0363
covering,2,2,0.005362,4.0,BK0103;BK0159
crosslinks,2,2,0.005362,4.0,BK0130;BK0184
crp,2,2,0.005362,4.0,BK0014;BK0088
crystals,2,2,0.005362,4.0,BK0189;BK0358
cues,2,2,0.005362,4.0,BK0021;BK0072
cultured,2,2,0.005362,4.0,BK0301;BK0339
cultures,2,2,0.005362,4.0,BK0083;BK0209
cumulative,2,2,0.005362,4.0,BK0131;BK0347
curative,2,2,0.005362,4.0,BK0154;BK0342
dampening,2,2,0.005362,4.0,BK0042;BK0170
deceased,2,2,0.005362,4.0,BK0047;BK0116
decipher,2,2,0.005362,4.0,BK0018;BK0052
decline,2,2,0.005362,4.0,BK0086;BK0106
deconjugation,2,2,0.005362,4.0,BK0091;BK0348
dedicated,2,2,0.005362,4.0,BK0074;BK0248
degradomics,2,2,0.005362,4.0,BK0049;BK0321
dehydroalanine,2,2,0.005362,4.0,BK0147;BK0187
deisgylase,2,2,0.005362,4.0,BK0009;BK0044
deisgylation,2,2,0.005362,4.0,BK0009;BK0058
delays,2,2,0.005362,4.0,BK0006;BK0347
deleterious,2,2,0.005362,4.0,BK0042;BK0201
delivered,2,2,0.005362,4.0,BK0057;BK0204
denaturation,2,2,0.005362,4.0,BK0207;BK0352
deposition,2,2,0.005362,4.0,BK0013;BK0311
deregulation,2,2,0.005362,4.0,BK0165;BK0211
derivatives,2,2,0.005362,4.0,BK0283;BK0309
derivatization,2,2,0.005362,4.0,BK0166;BK0309
derive,2,2,0.005362,4.0,BK0098;BK0263
desorption,2,2,0.005362,4.0,BK0292;BK0294
detects,2,2,0.005362,4.0,BK0082;BK0099
deterioration,2,2,0.005362,4.0,BK0086;BK0303
developmentally,2,2,0.005362,4.0,BK0143;BK0317
develops,2,2,0.005362,4.0,BK0003;BK0334
diagnostics,2,2,0.005362,4.0,BK0174;BK0256
diameter,2,2,0.005362,4.0,BK0051;BK0089
difficulty,2,2,0.005362,4.0,BK0313;BK0316
diffuse,2,2,0.005362,4.0,BK0196;BK0334
dimensional,2,2,0.005362,4.0,BK0008;BK0037
dimerization,2,2,0.005362,4.0,BK0143;BK0244
disassembly,2,2,0.005362,4.0,BK0064;BK0069
discarded,2,2,0.005362,4.0,BK0008;BK0075
discriminate,2,2,0.005362,4.0,BK0093;BK0219
discusses,2,2,0.005362,4.0,BK0033;BK0336
displace,2,2,0.005362,4.0,BK0041;BK0157
displaying,2,2,0.005362,4.0,BK0076;BK0080
disrupt,2,2,0.005362,4.0,BK0016;BK0019
disruptions,2,2,0.005362,4.0,BK0005;BK0068
dissolves,2,2,0.005362,4.0,BK0024;BK0071
disturbed,2,2,0.005362,4.0,BK0197;BK0214
divergence,2,2,0.005362,4.0,BK0020;BK0106
diverges,2,2,0.005362,4.0,BK0072;BK0208
dodecyl,2,2,0.005362,4.0,BK0337;BK0352
doses,2,2,0.005362,4.0,BK0065;BK0201
downregulate,2,2,0.005362,4.0,BK0232;BK0291
driven,2,2,0.005362,4.0,BK0058;BK0091
drivers,2,2,0.005362,4.0,BK0005;BK0013
dubome,2,2,0.005362,4.0,BK0035;BK0103
easy,2,2,0.005362,4.0,BK0248;BK0297
efficacious,2,2,0.005362,4.0,BK0175;BK0247
elicited,2,2,0.005362,4.0,BK0217;BK0259
elisa,2,2,0.005362,4.0,BK0181;BK0241
elongation,2,2,0.005362,4.0,BK0121;BK0226
elucidated,2,2,0.005362,4.0,BK0233;BK0303
eluted,2,2,0.005362,4.0,BK0176;BK0218
embryos,2,2,0.005362,4.0,BK0180;BK0246
emergent,2,2,0.005362,4.0,BK0161;BK0232
employing,2,2,0.005362,4.0,BK0150;BK0159
encompass,2,2,0.005362,4.0,BK0098;BK0307
encounter,2,2,0.005362,4.0,BK0074;BK0178
enforcing,2,2,0.005362,4.0,BK0278;BK0357
engines,2,2,0.005362,4.0,BK0107;BK0297
enhancer,2,2,0.005362,4.0,BK0059;BK0260
ensuring,2,2,0.005362,4.0,BK0226;BK0233
envelope,2,2,0.005362,4.0,BK0020;BK0183
environments,2,2,0.005362,4.0,BK0021;BK0346
epithelium,2,2,0.005362,4.0,BK0101;BK0322
erf3,2,2,0.005362,4.0,BK0223;BK0226
erythrocytes,2,2,0.005362,4.0,BK0273;BK0300
evades,2,2,0.005362,4.0,BK0163;BK0170
evidenced,2,2,0.005362,4.0,BK0141;BK0305
evolving,2,2,0.005362,4.0,BK0098;BK0114
exercise,2,2,0.005362,4.0,BK0106;BK0241
exerts,2,2,0.005362,4.0,BK0224;BK0237
exist,2,2,0.005362,4.0,BK0260;BK0342
exists,2,2,0.005362,4.0,BK0091;BK0373
expanding,2,2,0.005362,4.0,BK0159;BK0205
expands,2,2,0.005362,4.0,BK0187;BK0305
experimentally,2,2,0.005362,4.0,BK0229;BK0352
expert,2,2,0.005362,4.0,BK0002;BK0057
explanation,2,2,0.005362,4.0,BK0087;BK0196
exploitation,2,2,0.005362,4.0,BK0004;BK0227
exploring,2,2,0.005362,4.0,BK0045;BK0187
extension,2,2,0.005362,4.0,BK0003;BK0364
extensions,2,2,0.005362,4.0,BK0248;BK0364
facility,2,2,0.005362,4.0,BK0238;BK0297
familial,2,2,0.005362,4.0,BK0042;BK0301
far,2,2,0.005362,4.0,BK0157;BK0364
fashion,2,2,0.005362,4.0,BK0208;BK0354
faster,2,2,0.005362,4.0,BK0222;BK0337
fastest,2,2,0.005362,4.0,BK0051;BK0114
fasting,2,2,0.005362,4.0,BK0171;BK0304
fibrillar,2,2,0.005362,4.0,BK0245;BK0328
fibronectin,2,2,0.005362,4.0,BK0372;BK0373
filamentous,2,2,0.005362,4.0,BK0110;BK0168
fivefold,2,2,0.005362,4.0,BK0368;BK0369
flexibility,2,2,0.005362,4.0,BK0095;BK0296
fly,2,2,0.005362,4.0,BK0064;BK0356
fmol,2,2,0.005362,4.0,BK0274;BK0337
foci,2,2,0.005362,4.0,BK0110;BK0142
focuses,2,2,0.005362,4.0,BK0241;BK0340
focusing,2,2,0.005362,4.0,BK0040;BK0217
fossil,2,2,0.005362,4.0,BK0188;BK0199
fruit,2,2,0.005362,4.0,BK0064;BK0356
full,2,2,0.005362,4.0,BK0073;BK0125
gained,2,2,0.005362,4.0,BK0015;BK0298
gaining,2,2,0.005362,4.0,BK0238;BK0267
gapdh,2,2,0.005362,4.0,BK0160;BK0229
generates,2,2,0.005362,4.0,BK0039;BK0267
genetically,2,2,0.005362,4.0,BK0135;BK0202
give,2,2,0.005362,4.0,BK0252;BK0364
given,2,2,0.005362,4.0,BK0086;BK0230
glands,2,2,0.005362,4.0,BK0064;BK0098
goal,2,2,0.005362,4.0,BK0057;BK0217
granules,2,2,0.005362,4.0,BK0089;BK0225
grow,2,2,0.005362,4.0,BK0095;BK0173
grp78,2,2,0.005362,4.0,BK0055;BK0079
gtp,2,2,0.005362,4.0,BK0029;BK0148
guanine,2,2,0.005362,4.0,BK0308;BK0326
guide,2,2,0.005362,4.0,BK0124;BK0219
guided,2,2,0.005362,4.0,BK0149;BK0154
guides,2,2,0.005362,4.0,BK0042;BK0175
gwas,2,2,0.005362,4.0,BK0017;BK0275
haematogenous,2,2,0.005362,4.0,BK0154;BK0230
haemoglobin,2,2,0.005362,4.0,BK0120;BK0124
hampered,2,2,0.005362,4.0,BK0050;BK0157
hemoglobin,2,2,0.005362,4.0,BK0078;BK0239
herpes,2,2,0.005362,4.0,BK0331;BK0338
heterogeneous,2,2,0.005362,4.0,BK0122;BK0263
hierarchical,2,2,0.005362,4.0,BK0070;BK0231
highlighted,2,2,0.005362,4.0,BK0027;BK0132
hinder,2,2,0.005362,4.0,BK0135;BK0162
holliday,2,2,0.005362,4.0,BK0024;BK0071
homo,2,2,0.005362,4.0,BK0031;BK0185
homologs,2,2,0.005362,4.0,BK0225;BK0264
hosts,2,2,0.005362,4.0,BK0168;BK0323
hsp,2,2,0.005362,4.0,BK0303;BK0334
hsp70,2,2,0.005362,4.0,BK0263;BK0334
hsp90,2,2,0.005362,4.0,BK0232;BK0334
https,2,2,0.005362,4.0,BK0099;BK0297
hydrolases,2,2,0.005362,4.0,BK0323;BK0363
immature,2,2,0.005362,4.0,BK0259;BK0326
immunoassays,2,2,0.005362,4.0,BK0138;BK0171
immunogen,2,2,0.005362,4.0,BK0204;BK0217
immunogenic,2,2,0.005362,4.0,BK0131;BK0206
immunogenicity,2,2,0.005362,4.0,BK0215;BK0371
immunomodulation,2,2,0.005362,4.0,BK0023;BK0043
immunomodulatory,2,2,0.005362,4.0,BK0163;BK0352
immunopeptidome,2,2,0.005362,4.0,BK0176;BK0204
immunopeptidomes,2,2,0.005362,4.0,BK0132;BK0176
immunoregulatory,2,2,0.005362,4.0,BK0010;BK0263
immunosorbent,2,2,0.005362,4.0,BK0151;BK0281
immunotherapeutic,2,2,0.005362,4.0,BK0007;BK0333
impairments,2,2,0.005362,4.0,BK0016;BK0214
impede,2,2,0.005362,4.0,BK0153;BK0259
impedes,2,2,0.005362,4.0,BK0233;BK0280
implemented,2,2,0.005362,4.0,BK0046;BK0222
implicate,2,2,0.005362,4.0,BK0055;BK0061
implicating,2,2,0.005362,4.0,BK0005;BK0263
inactivate,2,2,0.005362,4.0,BK0110;BK0163
inactivated,2,2,0.005362,4.0,BK0244;BK0291
inception,2,2,0.005362,4.0,BK0173;BK0299
incidence,2,2,0.005362,4.0,BK0023;BK0076
indirect,2,2,0.005362,4.0,BK0242;BK0353
inferred,2,2,0.005362,4.0,BK0042;BK0359
infertility,2,2,0.005362,4.0,BK0011;BK0292
influenced,2,2,0.005362,4.0,BK0010;BK0014
inheritance,2,2,0.005362,4.0,BK0201;BK0295
initiate,2,2,0.005362,4.0,BK0006;BK0231
initiated,2,2,0.005362,4.0,BK0300;BK0344
initiates,2,2,0.005362,4.0,BK0090;BK0335
injured,2,2,0.005362,4.0,BK0055;BK0136
input,2,2,0.005362,4.0,BK0051;BK0222
instrumental,2,2,0.005362,4.0,BK0152;BK0295
integrin,2,2,0.005362,4.0,BK0108;BK0312
inter,2,2,0.005362,4.0,BK0217;BK0257
interfere,2,2,0.005362,4.0,BK0029;BK0323
interleukin,2,2,0.005362,4.0,BK0078;BK0182
interphase,2,2,0.005362,4.0,BK0024;BK0110
interrogate,2,2,0.005362,4.0,BK0103;BK0210
intestine,2,2,0.005362,4.0,BK0050;BK0267
introduced,2,2,0.005362,4.0,BK0003;BK0278
invasive,2,2,0.005362,4.0,BK0037;BK0302
inversely,2,2,0.005362,4.0,BK0177;BK0215
irrelevant,2,2,0.005362,4.0,BK0065;BK0125
irreversibly,2,2,0.005362,4.0,BK0307;BK0363
isoelectric,2,2,0.005362,4.0,BK0282;BK0372
isopeptidase,2,2,0.005362,4.0,BK0147;BK0354
isotope,2,2,0.005362,4.0,BK0202;BK0316
issue,2,2,0.005362,4.0,BK0077;BK0256
january,2,2,0.005362,4.0,BK0023;BK0173
junction,2,2,0.005362,4.0,BK0028;BK0100
jurkat,2,2,0.005362,4.0,BK0204;BK0260
juvenile,2,2,0.005362,4.0,BK0052;BK0129
kappa,2,2,0.005362,4.0,BK0147;BK0194
know,2,2,0.005362,4.0,BK0086;BK0238
landscape,2,2,0.005362,4.0,BK0078;BK0103
lastly,2,2,0.005362,4.0,BK0100;BK0216
later,2,2,0.005362,4.0,BK0045;BK0238
letter,2,2,0.005362,4.0,BK0139;BK0238
libraries,2,2,0.005362,4.0,BK0341;BK0346
license,2,2,0.005362,4.0,BK0274;BK0297
limit,2,2,0.005362,4.0,BK0133;BK0251
linking,2,2,0.005362,4.0,BK0074;BK0079
lipopolysaccharide,2,2,0.005362,4.0,BK0133;BK0149
livers,2,2,0.005362,4.0,BK0221;BK0291
localised,2,2,0.005362,4.0,BK0203;BK0209
localises,2,2,0.005362,4.0,BK0090;BK0180
locally,2,2,0.005362,4.0,BK0209;BK0220
locations,2,2,0.005362,4.0,BK0038;BK0069
locomotor,2,2,0.005362,4.0,BK0177;BK0247
lymphoblastoid,2,2,0.005362,4.0,BK0125;BK0345
lys48,2,2,0.005362,4.0,BK0213;BK0338
lysed,2,2,0.005362,4.0,BK0218;BK0282
macromolecular,2,2,0.005362,4.0,BK0006;BK0064
malignancy,2,2,0.005362,4.0,BK0339;BK0342
manipulated,2,2,0.005362,4.0,BK0021;BK0144
map,2,2,0.005362,4.0,BK0063;BK0099
mark,2,2,0.005362,4.0,BK0105;BK0233
marrow,2,2,0.005362,4.0,BK0300;BK0342
mascot,2,2,0.005362,4.0,BK0120;BK0337
master,2,2,0.005362,4.0,BK0162;BK0175
matching,2,2,0.005362,4.0,BK0103;BK0166
matrices,2,2,0.005362,4.0,BK0113;BK0174
maxquant,2,2,0.005362,4.0,BK0120;BK0274
maybe,2,2,0.005362,4.0,BK0172;BK0215
measure,2,2,0.005362,4.0,BK0081;BK0292
measurement,2,2,0.005362,4.0,BK0099;BK0125
measuring,2,2,0.005362,4.0,BK0241;BK0309
media,2,2,0.005362,4.0,BK0036;BK0321
men,2,2,0.005362,4.0,BK0154;BK0172
metalloproteinase,2,2,0.005362,4.0,BK0149;BK0242
microclusters,2,2,0.005362,4.0,BK0034;BK0102
microdissection,2,2,0.005362,4.0,BK0005;BK0214
microenvironment,2,2,0.005362,4.0,BK0059;BK0191
million,2,2,0.005362,4.0,BK0131;BK0199
mimicking,2,2,0.005362,4.0,BK0234;BK0344
minimally,2,2,0.005362,4.0,BK0037;BK0183
misregulation,2,2,0.005362,4.0,BK0059;BK0293
mixed,2,2,0.005362,4.0,BK0195;BK0218
mobilization,2,2,0.005362,4.0,BK0367;BK0368
moderately,2,2,0.005362,4.0,BK0142;BK0308
modifying,2,2,0.005362,4.0,BK0114;BK0231
modular,2,2,0.005362,4.0,BK0006;BK0156
modulator,2,2,0.005362,4.0,BK0004;BK0224
modulatory,2,2,0.005362,4.0,BK0085;BK0224
monogenic,2,2,0.005362,4.0,BK0135;BK0184
mostly,2,2,0.005362,4.0,BK0078;BK0109
multifactorial,2,2,0.005362,4.0,BK0083;BK0104
must,2,2,0.005362,4.0,BK0178;BK0325
mutagenesis,2,2,0.005362,4.0,BK0187;BK0293
myosin,2,2,0.005362,4.0,BK0005;BK0335
named,2,2,0.005362,4.0,BK0056;BK0083
nanoparticle,2,2,0.005362,4.0,BK0082;BK0145
needs,2,2,0.005362,4.0,BK0074;BK0297
neither,2,2,0.005362,4.0,BK0225;BK0300
neomorphic,2,2,0.005362,4.0,BK0019;BK0048
net,2,2,0.005362,4.0,BK0004;BK0297
neutralization,2,2,0.005362,4.0,BK0144;BK0217
never,2,2,0.005362,4.0,BK0206;BK0325
nexin,2,2,0.005362,4.0,BK0115;BK0242
non,2,2,0.005362,4.0,BK0082;BK0105
none,2,2,0.005362,4.0,BK0081;BK0351
normoglycemic,2,2,0.005362,4.0,BK0160;BK0221
north,2,2,0.005362,4.0,BK0111;BK0181
noted,2,2,0.005362,4.0,BK0052;BK0154
noteworthy,2,2,0.005362,4.0,BK0113;BK0131
nucleosomes,2,2,0.005362,4.0,BK0276;BK0311
observational,2,2,0.005362,4.0,BK0023;BK0172
obstructive,2,2,0.005362,4.0,BK0120;BK0206
obtaining,2,2,0.005362,4.0,BK0056;BK0185
oncogene,2,2,0.005362,4.0,BK0025;BK0192
oncogenesis,2,2,0.005362,4.0,BK0119;BK0287
oncometabolite,2,2,0.005362,4.0,BK0229;BK0271
ones,2,2,0.005362,4.0,BK0304;BK0369
opening,2,2,0.005362,4.0,BK0061;BK0135
opinion,2,2,0.005362,4.0,BK0002;BK0057
opportunity,2,2,0.005362,4.0,BK0066;BK0340
opposing,2,2,0.005362,4.0,BK0116;BK0252
opposite,2,2,0.005362,4.0,BK0088;BK0370
optimally,2,2,0.005362,4.0,BK0020;BK0289
options,2,2,0.005362,4.0,BK0076;BK0267
orchestrated,2,2,0.005362,4.0,BK0303;BK0308
original,2,2,0.005362,4.0,BK0037;BK0131
orthogonal,2,2,0.005362,4.0,BK0116;BK0369
outlined,2,2,0.005362,4.0,BK0035;BK0346
output,2,2,0.005362,4.0,BK0268;BK0297
outside,2,2,0.005362,4.0,BK0040;BK0187
overexpressed,2,2,0.005362,4.0,BK0191;BK0211
owing,2,2,0.005362,4.0,BK0013;BK0119
oxalate,2,2,0.005362,4.0,BK0189;BK0281
oxygenated,2,2,0.005362,4.0,BK0032;BK0049
p21,2,2,0.005362,4.0,BK0165;BK0251
palm,2,2,0.005362,4.0,BK0018;BK0042
palmitate,2,2,0.005362,4.0,BK0166;BK0208
pandemic,2,2,0.005362,4.0,BK0015;BK0066
paper,2,2,0.005362,4.0,BK0117;BK0228
paradigms,2,2,0.005362,4.0,BK0122;BK0247
parental,2,2,0.005362,4.0,BK0201;BK0321
participating,2,2,0.005362,4.0,BK0173;BK0205
participation,2,2,0.005362,4.0,BK0367;BK0368
patch,2,2,0.005362,4.0,BK0019;BK0193
pathologically,2,2,0.005362,4.0,BK0005;BK0153
peptidyl,2,2,0.005362,4.0,BK0169;BK0175
percentage,2,2,0.005362,4.0,BK0129;BK0132
perforin,2,2,0.005362,4.0,BK0367;BK0369
perhaps,2,2,0.005362,4.0,BK0091;BK0199
periods,2,2,0.005362,4.0,BK0186;BK0335
permits,2,2,0.005362,4.0,BK0075;BK0135
permitted,2,2,0.005362,4.0,BK0356;BK0367
persistent,2,2,0.005362,4.0,BK0007;BK0017
perspective,2,2,0.005362,4.0,BK0082;BK0340
perspectives,2,2,0.005362,4.0,BK0021;BK0223
pervasive,2,2,0.005362,4.0,BK0004;BK0199
pharmacodynamic,2,2,0.005362,4.0,BK0046;BK0122
phd,2,2,0.005362,4.0,BK0287;BK0288
phosphopeptides,2,2,0.005362,4.0,BK0182;BK0353
phosphoprotein,2,2,0.005362,4.0,BK0004;BK0182
photoactivable,2,2,0.005362,4.0,BK0270;BK0284
photocrosslinking,2,2,0.005362,4.0,BK0235;BK0307
physical,2,2,0.005362,4.0,BK0134;BK0322
piglets,2,2,0.005362,4.0,BK0261;BK0267
placement,2,2,0.005362,4.0,BK0140;BK0231
players,2,2,0.005362,4.0,BK0028;BK0192
playing,2,2,0.005362,4.0,BK0109;BK0212
plethora,2,2,0.005362,4.0,BK0171;BK0202
pointing,2,2,0.005362,4.0,BK0005;BK0317
polarized,2,2,0.005362,4.0,BK0083;BK0189
polymorphisms,2,2,0.005362,4.0,BK0275;BK0289
polytopic,2,2,0.005362,4.0,BK0085;BK0117
polyubiquitylated,2,2,0.005362,4.0,BK0272;BK0304
polyubiquitylation,2,2,0.005362,4.0,BK0141;BK0192
pool,2,2,0.005362,4.0,BK0028;BK0152
positional,2,2,0.005362,4.0,BK0101;BK0195
positively,2,2,0.005362,4.0,BK0198;BK0301
postmating,2,2,0.005362,4.0,BK0064;BK0098
postmortem,2,2,0.005362,4.0,BK0137;BK0177
pre,2,2,0.005362,4.0,BK0021;BK0167
preceding,2,2,0.005362,4.0,BK0024;BK0247
precision,2,2,0.005362,4.0,BK0088;BK0233
preclinical,2,2,0.005362,4.0,BK0144;BK0251
predicting,2,2,0.005362,4.0,BK0014;BK0051
predictions,2,2,0.005362,4.0,BK0106;BK0277
predispose,2,2,0.005362,4.0,BK0229;BK0271
predisposition,2,2,0.005362,4.0,BK0055;BK0328
preferred,2,2,0.005362,4.0,BK0324;BK0364
premature,2,2,0.005362,4.0,BK0167;BK0293
preserves,2,2,0.005362,4.0,BK0007;BK0101
preserving,2,2,0.005362,4.0,BK0056;BK0188
presumably,2,2,0.005362,4.0,BK0111;BK0354
priority,2,2,0.005362,4.0,BK0051;BK0122
probably,2,2,0.005362,4.0,BK0058;BK0199
procedures,2,2,0.005362,4.0,BK0171;BK0199
productive,2,2,0.005362,4.0,BK0170;BK0247
proliferating,2,2,0.005362,4.0,BK0100;BK0132
prolongs,2,2,0.005362,4.0,BK0075;BK0251
proposes,2,2,0.005362,4.0,BK0033;BK0113
protected,2,2,0.005362,4.0,BK0140;BK0177
proteolytically,2,2,0.005362,4.0,BK0047;BK0240
purpose,2,2,0.005362,4.0,BK0032;BK0056
questions,2,2,0.005362,4.0,BK0264;BK0286
radiological,2,2,0.005362,4.0,BK0124;BK0257
raise,2,2,0.005362,4.0,BK0252;BK0332
raises,2,2,0.005362,4.0,BK0150;BK0264
raising,2,2,0.005362,4.0,BK0090;BK0113
random,2,2,0.005362,4.0,BK0171;BK0201
randomised,2,2,0.005362,4.0,BK0088;BK0124
ratios,2,2,0.005362,4.0,BK0063;BK0172
reacts,2,2,0.005362,4.0,BK0359;BK0360
readers,2,2,0.005362,4.0,BK0067;BK0121
reagent,2,2,0.005362,4.0,BK0288;BK0322
rearrangements,2,2,0.005362,4.0,BK0042;BK0183
recipient,2,2,0.005362,4.0,BK0052;BK0088
red,2,2,0.005362,4.0,BK0120;BK0300
reduce,2,2,0.005362,4.0,BK0137;BK0302
reducing,2,2,0.005362,4.0,BK0217;BK0297
reference,2,2,0.005362,4.0,BK0014;BK0159
regarding,2,2,0.005362,4.0,BK0023;BK0332
rejection,2,2,0.005362,4.0,BK0254;BK0260
relapse,2,2,0.005362,4.0,BK0172;BK0230
relation,2,2,0.005362,4.0,BK0211;BK0249
relationships,2,2,0.005362,4.0,BK0156;BK0275
reliable,2,2,0.005362,4.0,BK0135;BK0174
remaining,2,2,0.005362,4.0,BK0111;BK0299
removing,2,2,0.005362,4.0,BK0045;BK0054
rendered,2,2,0.005362,4.0,BK0073;BK0353
rendering,2,2,0.005362,4.0,BK0037;BK0190
renders,2,2,0.005362,4.0,BK0206;BK0330
replaced,2,2,0.005362,4.0,BK0230;BK0364
replacing,2,2,0.005362,4.0,BK0144;BK0147
replicated,2,2,0.005362,4.0,BK0099;BK0241
repressed,2,2,0.005362,4.0,BK0059;BK0372
reproducible,2,2,0.005362,4.0,BK0006;BK0207
requirement,2,2,0.005362,4.0,BK0127;BK0228
requiring,2,2,0.005362,4.0,BK0161;BK0272
residual,2,2,0.005362,4.0,BK0353;BK0365
resources,2,2,0.005362,4.0,BK0031;BK0086
respect,2,2,0.005362,4.0,BK0028;BK0286
respective,2,2,0.005362,4.0,BK0032;BK0241
responding,2,2,0.005362,4.0,BK0131;BK0289
restoring,2,2,0.005362,4.0,BK0083;BK0244
restricts,2,2,0.005362,4.0,BK0041;BK0107
retrospective,2,2,0.005362,4.0,BK0172;BK0271
reversal,2,2,0.005362,4.0,BK0305;BK0331
reversibility,2,2,0.005362,4.0,BK0046;BK0169
ribose,2,2,0.005362,4.0,BK0002;BK0157
right,2,2,0.005362,4.0,BK0179;BK0209
rmi1,2,2,0.005362,4.0,BK0024;BK0071
rmi2,2,2,0.005362,4.0,BK0024;BK0071
routinely,2,2,0.005362,4.0,BK0254;BK0274
run,2,2,0.005362,4.0,BK0120;BK0274
saa1,2,2,0.005362,4.0,BK0014;BK0088
scaffolds,2,2,0.005362,4.0,BK0187;BK0346
scale,2,2,0.005362,4.0,BK0099;BK0242
screens,2,2,0.005362,4.0,BK0019;BK0283
searched,2,2,0.005362,4.0,BK0328;BK0352
secretome,2,2,0.005362,4.0,BK0051;BK0058
seems,2,2,0.005362,4.0,BK0141;BK0304
segments,2,2,0.005362,4.0,BK0198;BK0373
self,2,2,0.005362,4.0,BK0098;BK0204
sensory,2,2,0.005362,4.0,BK0017;BK0134
sequenced,2,2,0.005362,4.0,BK0321;BK0341
sequester,2,2,0.005362,4.0,BK0326;BK0347
served,2,2,0.005362,4.0,BK0052;BK0355
severely,2,2,0.005362,4.0,BK0072;BK0367
shape,2,2,0.005362,4.0,BK0183;BK0190
shaping,2,2,0.005362,4.0,BK0021;BK0190
share,2,2,0.005362,4.0,BK0286;BK0323
shift,2,2,0.005362,4.0,BK0197;BK0200
silico,2,2,0.005362,4.0,BK0077;BK0164
similarity,2,2,0.005362,4.0,BK0005;BK0359
simplex,2,2,0.005362,4.0,BK0236;BK0338
simplified,2,2,0.005362,4.0,BK0109;BK0207
simulations,2,2,0.005362,4.0,BK0022;BK0188
simultaneous,2,2,0.005362,4.0,BK0086;BK0356
sister,2,2,0.005362,4.0,BK0024;BK0199
skills,2,2,0.005362,4.0,BK0139;BK0238
soluble,2,2,0.005362,4.0,BK0016;BK0321
solution,2,2,0.005362,4.0,BK0013;BK0070
sought,2,2,0.005362,4.0,BK0122;BK0333
spanning,2,2,0.005362,4.0,BK0080;BK0298
spectrometer,2,2,0.005362,4.0,BK0159;BK0337
spectrometers,2,2,0.005362,4.0,BK0274;BK0337
spectroscopy,2,2,0.005362,4.0,BK0006;BK0242
spite,2,2,0.005362,4.0,BK0228;BK0260
spleen,2,2,0.005362,4.0,BK0206;BK0260
spliced,2,2,0.005362,4.0,BK0245;BK0373
ssdna,2,2,0.005362,4.0,BK0071;BK0090
stabilizes,2,2,0.005362,4.0,BK0073;BK0253
staining,2,2,0.005362,4.0,BK0177;BK0271
start,2,2,0.005362,4.0,BK0070;BK0105
starting,2,2,0.005362,4.0,BK0073;BK0227
stat5,2,2,0.005362,4.0,BK0129;BK0291
statistically,2,2,0.005362,4.0,BK0292;BK0312
stimulated,2,2,0.005362,4.0,BK0045;BK0130
stimulates,2,2,0.005362,4.0,BK0190;BK0198
strain,2,2,0.005362,4.0,BK0163;BK0221
strands,2,2,0.005362,4.0,BK0130;BK0201
strict,2,2,0.005362,4.0,BK0154;BK0364
strongest,2,2,0.005362,4.0,BK0188;BK0218
structurally,2,2,0.005362,4.0,BK0013;BK0087
subfamily,2,2,0.005362,4.0,BK0223;BK0372
subtype,2,2,0.005362,4.0,BK0101;BK0254
suitability,2,2,0.005362,4.0,BK0266;BK0322
sumo,2,2,0.005362,4.0,BK0152;BK0317
supplemented,2,2,0.005362,4.0,BK0116;BK0189
surprising,2,2,0.005362,4.0,BK0231;BK0323
surrounding,2,2,0.005362,4.0,BK0018;BK0228
survive,2,2,0.005362,4.0,BK0095;BK0228
survivors,2,2,0.005362,4.0,BK0137;BK0138
suspected,2,2,0.005362,4.0,BK0154;BK0161
symptom,2,2,0.005362,4.0,BK0027;BK0078
synapse,2,2,0.005362,4.0,BK0068;BK0214
synovial,2,2,0.005362,4.0,BK0171;BK0341
tagged,2,2,0.005362,4.0,BK0212;BK0249
take,2,2,0.005362,4.0,BK0026;BK0220
task,2,2,0.005362,4.0,BK0247;BK0348
terminal,2,2,0.005362,4.0,BK0033;BK0094
testing,2,2,0.005362,4.0,BK0037;BK0271
third,2,2,0.005362,4.0,BK0193;BK0241
thumb,2,2,0.005362,4.0,BK0018;BK0042
timely,2,2,0.005362,4.0,BK0146;BK0300
timing,2,2,0.005362,4.0,BK0060;BK0299
tmd,2,2,0.005362,4.0,BK0085;BK0117
tolerate,2,2,0.005362,4.0,BK0059;BK0201
topology,2,2,0.005362,4.0,BK0090;BK0234
trailing,2,2,0.005362,4.0,BK0074;BK0209
traits,2,2,0.005362,4.0,BK0008;BK0295
transaminase,2,2,0.005362,4.0,BK0044;BK0075
transcriptome,2,2,0.005362,4.0,BK0052;BK0104
transcripts,2,2,0.005362,4.0,BK0199;BK0329
transduction,2,2,0.005362,4.0,BK0182;BK0192
transforming,2,2,0.005362,4.0,BK0032;BK0047
transiently,2,2,0.005362,4.0,BK0174;BK0355
trauma,2,2,0.005362,4.0,BK0014;BK0335
treat,2,2,0.005362,4.0,BK0028;BK0236
tryptic,2,2,0.005362,4.0,BK0282;BK0352
turned,2,2,0.005362,4.0,BK0295;BK0331
ubiquitinates,2,2,0.005362,4.0,BK0004;BK0041
ubiquitome,2,2,0.005362,4.0,BK0108;BK0118
ubiquitylates,2,2,0.005362,4.0,BK0033;BK0304
ulcerative,2,2,0.005362,4.0,BK0061;BK0182
ultracentrifugation,2,2,0.005362,4.0,BK0145;BK0263
ultrafiltration,2,2,0.005362,4.0,BK0082;BK0145
uncharacterized,2,2,0.005362,4.0,BK0012;BK0256
uncovered,2,2,0.005362,4.0,BK0283;BK0336
underscore,2,2,0.005362,4.0,BK0220;BK0356
undertook,2,2,0.005362,4.0,BK0237;BK0321
undetectable,2,2,0.005362,4.0,BK0171;BK0271
uninfected,2,2,0.005362,4.0,BK0259;BK0282
uniquely,2,2,0.005362,4.0,BK0014;BK0057
units,2,2,0.005362,4.0,BK0122;BK0343
univariate,2,2,0.005362,4.0,BK0027;BK0082
unlabelled,2,2,0.005362,4.0,BK0204;BK0297
unlikely,2,2,0.005362,4.0,BK0268;BK0283
unmodified,2,2,0.005362,4.0,BK0090;BK0264
unprocessed,2,2,0.005362,4.0,BK0024;BK0114
unresolved,2,2,0.005362,4.0,BK0078;BK0196
unstable,2,2,0.005362,4.0,BK0202;BK0313
unstressed,2,2,0.005362,4.0,BK0202;BK0253
unusually,2,2,0.005362,4.0,BK0125;BK0225
upper,2,2,0.005362,4.0,BK0122;BK0185
upregulate,2,2,0.005362,4.0,BK0112;BK0308
upregulating,2,2,0.005362,4.0,BK0059;BK0198
urokinase,2,2,0.005362,4.0,BK0242;BK0302
usage,2,2,0.005362,4.0,BK0299;BK0341
usually,2,2,0.005362,4.0,BK0183;BK0337
varied,2,2,0.005362,4.0,BK0081;BK0370
velcade,2,2,0.005362,4.0,BK0339;BK0342
versatile,2,2,0.005362,4.0,BK0073;BK0285
version,2,2,0.005362,4.0,BK0245;BK0352
vertebrate,2,2,0.005362,4.0,BK0245;BK0315
vessel,2,2,0.005362,4.0,BK0198;BK0305
vessels,2,2,0.005362,4.0,BK0039;BK0198
video,2,2,0.005362,4.0,BK0067;BK0104
view,2,2,0.005362,4.0,BK0013;BK0043
virulence,2,2,0.005362,4.0,BK0163;BK0306
vulnerability,2,2,0.005362,4.0,BK0019;BK0247
wall,2,2,0.005362,4.0,BK0097;BK0198
weakly,2,2,0.005362,4.0,BK0117;BK0353
west,2,2,0.005362,4.0,BK0111;BK0241
worse,2,2,0.005362,4.0,BK0023;BK0172
written,2,2,0.005362,4.0,BK0139;BK0238
xenograft,2,2,0.005362,4.0,BK0211;BK0260
zebrafish,2,2,0.005362,4.0,BK0055;BK0209
socs2,1,13,0.002681,3.906891,BK0291
p10,1,12,0.002681,3.807355,BK0168
bak,1,11,0.002681,3.70044,BK0310
kbtbd4,1,11,0.002681,3.70044,BK0048
clr,1,10,0.002681,3.584963,BK0031
dia2,1,10,0.002681,3.584963,BK0276
fbxw7,1,10,0.002681,3.584963,BK0036
hips,1,10,0.002681,3.584963,BK0154
pneumonia,1,10,0.002681,3.584963,BK0219
sfk,1,10,0.002681,3.584963,BK0322
wildtype,1,10,0.002681,3.584963,BK0036
zak,1,10,0.002681,3.584963,BK0195
galunisertib,1,9,0.002681,3.459432,BK0032
gp120,1,9,0.002681,3.459432,BK0183
nadph,1,9,0.002681,3.459432,BK0198
pnkp,1,9,0.002681,3.459432,BK0265
riok3,1,9,0.002681,3.459432,BK0209
sufu,1,9,0.002681,3.459432,BK0192
synuclein,1,9,0.002681,3.459432,BK0177
trabid,1,9,0.002681,3.459432,BK0073
fbw7,1,8,0.002681,3.321928,BK0353
gp140,1,8,0.002681,3.321928,BK0217
ido,1,8,0.002681,3.321928,BK0023
irf5,1,8,0.002681,3.321928,BK0061
jmjd7,1,8,0.002681,3.321928,BK0143
kras,1,8,0.002681,3.321928,BK0029
mva,1,8,0.002681,3.321928,BK0204
siv,1,8,0.002681,3.321928,BK0183
smokers,1,8,0.002681,3.321928,BK0206
spata2,1,8,0.002681,3.321928,BK0194
sumo2,1,8,0.002681,3.321928,BK0212
tendon,1,8,0.002681,3.321928,BK0150
uhrf2,1,8,0.002681,3.321928,BK0130
urc,1,8,0.002681,3.321928,BK0075
venom,1,8,0.002681,3.321928,BK0333
adiponectin,1,7,0.002681,3.169925,BK0198
aebp2,1,7,0.002681,3.169925,BK0180
ankle,1,7,0.002681,3.169925,BK0230
birc6,1,7,0.002681,3.169925,BK0041
bp1,1,7,0.002681,3.169925,BK0119
cardiac,1,7,0.002681,3.169925,BK0023
ccl8,1,7,0.002681,3.169925,BK0144
cgis,1,7,0.002681,3.169925,BK0262
cks1,1,7,0.002681,3.169925,BK0296
copd,1,7,0.002681,3.169925,BK0206
dll4,1,7,0.002681,3.169925,BK0305
doxycycline,1,7,0.002681,3.169925,BK0049
hectd1,1,7,0.002681,3.169925,BK0073
iaspp,1,7,0.002681,3.169925,BK0244
k29,1,7,0.002681,3.169925,BK0073
midy,1,7,0.002681,3.169925,BK0171
myd88,1,7,0.002681,3.169925,BK0196
p672,1,7,0.002681,3.169925,BK0144
pha,1,7,0.002681,3.169925,BK0343
prephonological,1,7,0.002681,3.169925,BK0139
rsc,1,7,0.002681,3.169925,BK0276
sik2,1,7,0.002681,3.169925,BK0191
spellers,1,7,0.002681,3.169925,BK0139
uflc,1,7,0.002681,3.169925,BK0145
usp11,1,7,0.002681,3.169925,BK0077
usp24,1,7,0.002681,3.169925,BK0009
usp4,1,7,0.002681,3.169925,BK0216
usp8,1,7,0.002681,3.169925,BK0177
wasp,1,7,0.002681,3.169925,BK0333
ape1,1,6,0.002681,3.0,BK0269
apg8,1,6,0.002681,3.0,BK0355
cep192,1,6,0.002681,3.0,BK0126
cftr,1,6,0.002681,3.0,BK0267
cns,1,6,0.002681,3.0,BK0093
corest,1,6,0.002681,3.0,BK0048
fancd2,1,6,0.002681,3.0,BK0130
fbxl13,1,6,0.002681,3.0,BK0126
fbxo42,1,6,0.002681,3.0,BK0004
hivconsv,1,6,0.002681,3.0,BK0204
hutrail,1,6,0.002681,3.0,BK0260
ku80,1,6,0.002681,3.0,BK0142
lcn2,1,6,0.002681,3.0,BK0093
leucine,1,6,0.002681,3.0,BK0351
lewy,1,6,0.002681,3.0,BK0177
nac,1,6,0.002681,3.0,BK0161
nav1,1,6,0.002681,3.0,BK0134
omas,1,6,0.002681,3.0,BK0128
p40,1,6,0.002681,3.0,BK0220
pleural,1,6,0.002681,3.0,BK0124
pleurodesis,1,6,0.002681,3.0,BK0124
pn1,1,6,0.002681,3.0,BK0242
prdm4,1,6,0.002681,3.0,BK0246
telperronian,1,6,0.002681,3.0,BK0185
tlr7,1,6,0.002681,3.0,BK0240
top1,1,6,0.002681,3.0,BK0090
toxicology,1,6,0.002681,3.0,BK0173
ubvs,1,6,0.002681,3.0,BK0363
ulk3,1,6,0.002681,3.0,BK0060
usp16,1,6,0.002681,3.0,BK0044
usp28,1,6,0.002681,3.0,BK0076
vegf,1,6,0.002681,3.0,BK0236
xiv,1,6,0.002681,3.0,BK0373
abp,1,5,0.002681,2.807355,BK0147
adt,1,5,0.002681,2.807355,BK0065
aml,1,5,0.002681,2.807355,BK0200
bkvan,1,5,0.002681,2.807355,BK0254
cd61,1,5,0.002681,2.807355,BK0034
ciap2,1,5,0.002681,2.807355,BK0158
clonotypes,1,5,0.002681,2.807355,BK0015
deltai,1,5,0.002681,2.807355,BK0358
dpcs,1,5,0.002681,2.807355,BK0184
dvl,1,5,0.002681,2.807355,BK0301
emc,1,5,0.002681,2.807355,BK0117
env,1,5,0.002681,2.807355,BK0217
erf1,1,5,0.002681,2.807355,BK0226
etd,1,5,0.002681,2.807355,BK0313
evasins,1,5,0.002681,2.807355,BK0144
fbxl17,1,5,0.002681,2.807355,BK0192
fibers,1,5,0.002681,2.807355,BK0005
grotte,1,5,0.002681,2.807355,BK0185
hamartin,1,5,0.002681,2.807355,BK0247
hexamer,1,5,0.002681,2.807355,BK0358
hoip,1,5,0.002681,2.807355,BK0194
hominin,1,5,0.002681,2.807355,BK0185
ilt,1,5,0.002681,2.807355,BK0051
inh,1,5,0.002681,2.807355,BK0042
klhl6,1,5,0.002681,2.807355,BK0007
larval,1,5,0.002681,2.807355,BK0021
macrodomains,1,5,0.002681,2.807355,BK0157
malpighian,1,5,0.002681,2.807355,BK0189
mdc1,1,5,0.002681,2.807355,BK0110
meningitis,1,5,0.002681,2.807355,BK0093
monolithic,1,5,0.002681,2.807355,BK0337
mov10,1,5,0.002681,2.807355,BK0009
mwk,1,5,0.002681,2.807355,BK0214
neutralizing,1,5,0.002681,2.807355,BK0217
nmds,1,5,0.002681,2.807355,BK0028
pcgf6,1,5,0.002681,2.807355,BK0167
phac,1,5,0.002681,2.807355,BK0343
prmt1,1,5,0.002681,2.807355,BK0233
prurigo,1,5,0.002681,2.807355,BK0236
pvat,1,5,0.002681,2.807355,BK0198
rbc,1,5,0.002681,2.807355,BK0120
renne,1,5,0.002681,2.807355,BK0185
repeated,1,5,0.002681,2.807355,BK0294
rupture,1,5,0.002681,2.807355,BK0149
score,1,5,0.002681,2.807355,BK0124
septic,1,5,0.002681,2.807355,BK0351
sinq,1,5,0.002681,2.807355,BK0274
smac,1,5,0.002681,2.807355,BK0041
snx27,1,5,0.002681,2.807355,BK0115
stat3,1,5,0.002681,2.807355,BK0182
supraspinatus,1,5,0.002681,2.807355,BK0150
tfr1,1,5,0.002681,2.807355,BK0314
tlr2,1,5,0.002681,2.807355,BK0097
tlr8,1,5,0.002681,2.807355,BK0170
topbp1,1,5,0.002681,2.807355,BK0110
uhrf1,1,5,0.002681,2.807355,BK0130
upa,1,5,0.002681,2.807355,BK0302
usp47,1,5,0.002681,2.807355,BK0293
uterine,1,5,0.002681,2.807355,BK0011
xrcc1,1,5,0.002681,2.807355,BK0178
yersinia,1,5,0.002681,2.807355,BK0306
ahi,1,4,0.002681,2.584963,BK0298
ambient,1,4,0.002681,2.584963,BK0186
articular,1,4,0.002681,2.584963,BK0055
ass1,1,4,0.002681,2.584963,BK0059
attractin,1,4,0.002681,2.584963,BK0051
bkv,1,4,0.002681,2.584963,BK0254
bleeding,1,4,0.002681,2.584963,BK0011
brd4,1,4,0.002681,2.584963,BK0175
cd103,1,4,0.002681,2.584963,BK0034
cda,1,4,0.002681,2.584963,BK0201
centrosome,1,4,0.002681,2.584963,BK0126
chk1,1,4,0.002681,2.584963,BK0107
collagenase,1,4,0.002681,2.584963,BK0299
communication,1,4,0.002681,2.584963,BK0190
ctip,1,4,0.002681,2.584963,BK0216
decancer,1,4,0.002681,2.584963,BK0037
distress,1,4,0.002681,2.584963,BK0219
dpc,1,4,0.002681,2.584963,BK0184
effusion,1,4,0.002681,2.584963,BK0124
envs,1,4,0.002681,2.584963,BK0217
evasin,1,4,0.002681,2.584963,BK0144
experiment,1,4,0.002681,2.584963,BK0051
fbg,1,4,0.002681,2.584963,BK0181
fbxl19,1,4,0.002681,2.584963,BK0127
germ,1,4,0.002681,2.584963,BK0167
ghost,1,4,0.002681,2.584963,BK0120
gpcr,1,4,0.002681,2.584963,BK0031
hmdc,1,4,0.002681,2.584963,BK0201
homocitrulline,1,4,0.002681,2.584963,BK0206
ibd,1,4,0.002681,2.584963,BK0101
ibm,1,4,0.002681,2.584963,BK0005
icls,1,4,0.002681,2.584963,BK0130
immunoprevalent,1,4,0.002681,2.584963,BK0131
ips,1,4,0.002681,2.584963,BK0125
islet,1,4,0.002681,2.584963,BK0299
isolates,1,4,0.002681,2.584963,BK0289
isolations,1,4,0.002681,2.584963,BK0299
k810,1,4,0.002681,2.584963,BK0280
kdm5,1,4,0.002681,2.584963,BK0105
kk10,1,4,0.002681,2.584963,BK0218
ldha,1,4,0.002681,2.584963,BK0100
lscc,1,4,0.002681,2.584963,BK0076
luteal,1,4,0.002681,2.584963,BK0292
macaques,1,4,0.002681,2.584963,BK0217
matrisome,1,4,0.002681,2.584963,BK0113
microcarriers,1,4,0.002681,2.584963,BK0064
microparticles,1,4,0.002681,2.584963,BK0259
microtubule,1,4,0.002681,2.584963,BK0126
monovalent,1,4,0.002681,2.584963,BK0217
mscs,1,4,0.002681,2.584963,BK0261
mule,1,4,0.002681,2.584963,BK0318
nucleatum,1,4,0.002681,2.584963,BK0163
nurd,1,4,0.002681,2.584963,BK0121
odin,1,4,0.002681,2.584963,BK0322
opmd,1,4,0.002681,2.584963,BK0016
oxidant,1,4,0.002681,2.584963,BK0268
p62,1,4,0.002681,2.584963,BK0111
paf,1,4,0.002681,2.584963,BK0005
pdb,1,4,0.002681,2.584963,BK0111
peptidases,1,4,0.002681,2.584963,BK0346
periovulatory,1,4,0.002681,2.584963,BK0292
phac2,1,4,0.002681,2.584963,BK0343
placentas,1,4,0.002681,2.584963,BK0263
platelets,1,4,0.002681,2.584963,BK0108
polys,1,4,0.002681,2.584963,BK0245
posttransplant,1,4,0.002681,2.584963,BK0047
posttransplantation,1,4,0.002681,2.584963,BK0116
pp4,1,4,0.002681,2.584963,BK0004
pro,1,4,0.002681,2.584963,BK0277
pyk2,1,4,0.002681,2.584963,BK0061
rab7,1,4,0.002681,2.584963,BK0118
rev7,1,4,0.002681,2.584963,BK0119
rifampin,1,4,0.002681,2.584963,BK0172
rosiglitazone,1,4,0.002681,2.584963,BK0308
rsv,1,4,0.002681,2.584963,BK0282
rxl,1,4,0.002681,2.584963,BK0019
s15,1,4,0.002681,2.584963,BK0367
saliva,1,4,0.002681,2.584963,BK0266
smaps,1,4,0.002681,2.584963,BK0089
snapin,1,4,0.002681,2.584963,BK0170
soma,1,4,0.002681,2.584963,BK0086
south,1,4,0.002681,2.584963,BK0199
spectral,1,4,0.002681,2.584963,BK0274
subclonal,1,4,0.002681,2.584963,BK0036
succinated,1,4,0.002681,2.584963,BK0229
temperature,1,4,0.002681,2.584963,BK0186
tex264,1,4,0.002681,2.584963,BK0090
tick,1,4,0.002681,2.584963,BK0144
torn,1,4,0.002681,2.584963,BK0150
tppii,1,4,0.002681,2.584963,BK0365
trcp,1,4,0.002681,2.584963,BK0146
tsc1,1,4,0.002681,2.584963,BK0247
ubr3,1,4,0.002681,2.584963,BK0269
usp32,1,4,0.002681,2.584963,BK0118
wcx,1,4,0.002681,2.584963,BK0294
aaas,1,3,0.002681,2.321928,BK0051
aire,1,3,0.002681,2.321928,BK0330
akap8,1,3,0.002681,2.321928,BK0036
ankyrinr,1,3,0.002681,2.321928,BK0273
arthritic,1,3,0.002681,2.321928,BK0311
aspartate,1,3,0.002681,2.321928,BK0273
bioorthogonal,1,3,0.002681,2.321928,BK0340
bladder,1,3,0.002681,2.321928,BK0158
bmp,1,3,0.002681,2.321928,BK0098
brdu,1,3,0.002681,2.321928,BK0099
canavanine,1,3,0.002681,2.321928,BK0065
caspases,1,3,0.002681,2.321928,BK0041
cat1,1,3,0.002681,2.321928,BK0001
cationic,1,3,0.002681,2.321928,BK0001
ccme,1,3,0.002681,2.321928,BK0250
cebp,1,3,0.002681,2.321928,BK0059
centrosomal,1,3,0.002681,2.321928,BK0126
ceruloplasmin,1,3,0.002681,2.321928,BK0281
chk2,1,3,0.002681,2.321928,BK0320
chopin,1,3,0.002681,2.321928,BK0159
cid,1,3,0.002681,2.321928,BK0313
commitment,1,3,0.002681,2.321928,BK0127
contralateral,1,3,0.002681,2.321928,BK0136
creatine,1,3,0.002681,2.321928,BK0095
crowding,1,3,0.002681,2.321928,BK0021
cryoet,1,3,0.002681,2.321928,BK0006
defactinib,1,3,0.002681,2.321928,BK0061
deltex,1,3,0.002681,2.321928,BK0033
drfykslra173,1,3,0.002681,2.321928,BK0215
earliest,1,3,0.002681,2.321928,BK0298
edl,1,3,0.002681,2.321928,BK0351
eigenproteins,1,3,0.002681,2.321928,BK0068
embryo,1,3,0.002681,2.321928,BK0246
endometrium,1,3,0.002681,2.321928,BK0011
erad,1,3,0.002681,2.321928,BK0228
eva1,1,3,0.002681,2.321928,BK0144
fdc,1,3,0.002681,2.321928,BK0201
fever,1,3,0.002681,2.321928,BK0266
fibroids,1,3,0.002681,2.321928,BK0011
foxp3,1,3,0.002681,2.321928,BK0094
gcf,1,3,0.002681,2.321928,BK0151
glud2,1,3,0.002681,2.321928,BK0128
glut14,1,3,0.002681,2.321928,BK0095
glycoproteins,1,3,0.002681,2.321928,BK0266
goat,1,3,0.002681,2.321928,BK0222
goblet,1,3,0.002681,2.321928,BK0101
gsis,1,3,0.002681,2.321928,BK0160
hcc,1,3,0.002681,2.321928,BK0241
hearing,1,3,0.002681,2.321928,BK0022
hela,1,3,0.002681,2.321928,BK0218
heterotrimeric,1,3,0.002681,2.321928,BK0217
histidinyl,1,3,0.002681,2.321928,BK0279
hmgb1,1,3,0.002681,2.321928,BK0164
homologues,1,3,0.002681,2.321928,BK0355
hspc,1,3,0.002681,2.321928,BK0200
htlr7,1,3,0.002681,2.321928,BK0240
iap,1,3,0.002681,2.321928,BK0041
icl,1,3,0.002681,2.321928,BK0130
identifications,1,3,0.002681,2.321928,BK0222
igg,1,3,0.002681,2.321928,BK0311
inner,1,3,0.002681,2.321928,BK0183
interferons,1,3,0.002681,2.321928,BK0133
intermedia,1,3,0.002681,2.321928,BK0151
japanese,1,3,0.002681,2.321928,BK0038
jmjc,1,3,0.002681,2.321928,BK0143
k542,1,3,0.002681,2.321928,BK0344
kenyan,1,3,0.002681,2.321928,BK0219
lactams,1,3,0.002681,2.321928,BK0172
lungs,1,3,0.002681,2.321928,BK0206
lztr1,1,3,0.002681,2.321928,BK0029
macrodomain,1,3,0.002681,2.321928,BK0157
managed,1,3,0.002681,2.321928,BK0172
maternal,1,3,0.002681,2.321928,BK0263
mbd2,1,3,0.002681,2.321928,BK0121
mc38,1,3,0.002681,2.321928,BK0113
mcmv,1,3,0.002681,2.321928,BK0352
md2,1,3,0.002681,2.321928,BK0157
med12,1,3,0.002681,2.321928,BK0011
mineral,1,3,0.002681,2.321928,BK0188
naox,1,3,0.002681,2.321928,BK0189
neandertal,1,3,0.002681,2.321928,BK0185
nef,1,3,0.002681,2.321928,BK0289
neighbouring,1,3,0.002681,2.321928,BK0036
opioid,1,3,0.002681,2.321928,BK0134
organic,1,3,0.002681,2.321928,BK0340
ospa,1,3,0.002681,2.321928,BK0341
p5091,1,3,0.002681,2.321928,BK0251
parp14,1,3,0.002681,2.321928,BK0157
pcg,1,3,0.002681,2.321928,BK0190
pcs,1,3,0.002681,2.321928,BK0240
pea,1,3,0.002681,2.321928,BK0003
peak,1,3,0.002681,2.321928,BK0294
pearson,1,3,0.002681,2.321928,BK0027
periodontal,1,3,0.002681,2.321928,BK0151
pnfh,1,3,0.002681,2.321928,BK0122
programmable,1,3,0.002681,2.321928,BK0255
proline,1,3,0.002681,2.321928,BK0215
proportional,1,3,0.002681,2.321928,BK0027
pruritus,1,3,0.002681,2.321928,BK0236
purity,1,3,0.002681,2.321928,BK0145
registry,1,3,0.002681,2.321928,BK0173
reproducibility,1,3,0.002681,2.321928,BK0294
resource,1,3,0.002681,2.321928,BK0171
rnf26,1,3,0.002681,2.321928,BK0085
rosa26,1,3,0.002681,2.321928,BK0140
rybp,1,3,0.002681,2.321928,BK0190
seropositive,1,3,0.002681,2.321928,BK0131
shell,1,3,0.002681,2.321928,BK0089
splice,1,3,0.002681,2.321928,BK0224
spns2,1,3,0.002681,2.321928,BK0022
streptococcal,1,3,0.002681,2.321928,BK0172
svf,1,3,0.002681,2.321928,BK0242
tap,1,3,0.002681,2.321928,BK0349
tdp1,1,3,0.002681,2.321928,BK0090
thymic,1,3,0.002681,2.321928,BK0330
tlr,1,3,0.002681,2.321928,BK0196
transgenes,1,3,0.002681,2.321928,BK0140
trpc3,1,3,0.002681,2.321928,BK0214
ubc13,1,3,0.002681,2.321928,BK0141
uim2,1,3,0.002681,2.321928,BK0193
ungulates,1,3,0.002681,2.321928,BK0199
urolithiasis,1,3,0.002681,2.321928,BK0281
vitamin,1,3,0.002681,2.321928,BK0257
vlx1570,1,3,0.002681,2.321928,BK0087
xai,1,3,0.002681,2.321928,BK0003
xenoprotective,1,3,0.002681,2.321928,BK0140
xlgd,1,3,0.002681,2.321928,BK0135
xrn2,1,3,0.002681,2.321928,BK0282
younger,1,3,0.002681,2.321928,BK0139
znf598,1,3,0.002681,2.321928,BK0074
aba,1,2,0.002681,2.0,BK0366
abps,1,2,0.002681,2.0,BK0346
acetylcysteine,1,2,0.002681,2.0,BK0161
acpas,1,2,0.002681,2.0,BK0151
adapt,1,2,0.002681,2.0,BK0095
adpr,1,2,0.002681,2.0,BK0157
afp,1,2,0.002681,2.0,BK0241
afrotheria,1,2,0.002681,2.0,BK0199
ago,1,2,0.002681,2.0,BK0199
ahead,1,2,0.002681,2.0,BK0295
ahr,1,2,0.002681,2.0,BK0011
aleuria,1,2,0.002681,2.0,BK0266
alphabetic,1,2,0.002681,2.0,BK0238
analytics,1,2,0.002681,2.0,BK0174
anesthesia,1,2,0.002681,2.0,BK0014
anesthetic,1,2,0.002681,2.0,BK0014
angiogenic,1,2,0.002681,2.0,BK0164
antifibrotic,1,2,0.002681,2.0,BK0032
antigenicity,1,2,0.002681,2.0,BK0062
antiproliferative,1,2,0.002681,2.0,BK0196
aoc3,1,2,0.002681,2.0,BK0078
apap,1,2,0.002681,2.0,BK0161
arteries,1,2,0.002681,2.0,BK0198
artery,1,2,0.002681,2.0,BK0149
assembles,1,2,0.002681,2.0,BK0073
atacc,1,2,0.002681,2.0,BK0132
atherosclerotic,1,2,0.002681,2.0,BK0149
attack,1,2,0.002681,2.0,BK0089
aurantia,1,2,0.002681,2.0,BK0266
autographa,1,2,0.002681,2.0,BK0168
autonomous,1,2,0.002681,2.0,BK0089
autophagic,1,2,0.002681,2.0,BK0200
backbone,1,2,0.002681,2.0,BK0360
baculoviruses,1,2,0.002681,2.0,BK0168
bases,1,2,0.002681,2.0,BK0201
bevacizumab,1,2,0.002681,2.0,BK0236
bh4,1,2,0.002681,2.0,BK0141
bilayers,1,2,0.002681,2.0,BK0102
biomechanics,1,2,0.002681,2.0,BK0016
boars,1,2,0.002681,2.0,BK0135
build,1,2,0.002681,2.0,BK0124
burkholderia,1,2,0.002681,2.0,BK0131
ca1,1,2,0.002681,2.0,BK0247
ca3,1,2,0.002681,2.0,BK0247
californica,1,2,0.002681,2.0,BK0168
cardiopulmonary,1,2,0.002681,2.0,BK0023
casein,1,2,0.002681,2.0,BK0146
catastrophe,1,2,0.002681,2.0,BK0107
ccl3,1,2,0.002681,2.0,BK0144
ccm,1,2,0.002681,2.0,BK0250
cd40,1,2,0.002681,2.0,BK0102
cd44,1,2,0.002681,2.0,BK0259
cdk2,1,2,0.002681,2.0,BK0290
centrosomes,1,2,0.002681,2.0,BK0126
cfib,1,2,0.002681,2.0,BK0151
chaperonin,1,2,0.002681,2.0,BK0072
charge,1,2,0.002681,2.0,BK0159
chemoproteomics,1,2,0.002681,2.0,BK0103
chemoselective,1,2,0.002681,2.0,BK0290
chloroacetohydrazide,1,2,0.002681,2.0,BK0025
chronological,1,2,0.002681,2.0,BK0185
ciapin1,1,2,0.002681,2.0,BK0087
citric,1,2,0.002681,2.0,BK0008
cleaving,1,2,0.002681,2.0,BK0317
coculture,1,2,0.002681,2.0,BK0036
cocultured,1,2,0.002681,2.0,BK0036
coding,1,2,0.002681,2.0,BK0352
coherence,1,2,0.002681,2.0,BK0149
competitor,1,2,0.002681,2.0,BK0371
constructs,1,2,0.002681,2.0,BK0073
convertases,1,2,0.002681,2.0,BK0240
copulation,1,2,0.002681,2.0,BK0114
cre,1,2,0.002681,2.0,BK0261
criterion,1,2,0.002681,2.0,BK0230
crmp2,1,2,0.002681,2.0,BK0134
crosstalk,1,2,0.002681,2.0,BK0171
crypts,1,2,0.002681,2.0,BK0101
ctnc,1,2,0.002681,2.0,BK0181
cure,1,2,0.002681,2.0,BK0230
cvd,1,2,0.002681,2.0,BK0148
cvim,1,2,0.002681,2.0,BK0151
cycles,1,2,0.002681,2.0,BK0008
cylindromatosis,1,2,0.002681,2.0,BK0301
cyst,1,2,0.002681,2.0,BK0287
cystic,1,2,0.002681,2.0,BK0267
cytidine,1,2,0.002681,2.0,BK0201
cytomegalovirus,1,2,0.002681,2.0,BK0352
declines,1,2,0.002681,2.0,BK0086
declining,1,2,0.002681,2.0,BK0086
decoding,1,2,0.002681,2.0,BK0223
decoy,1,2,0.002681,2.0,BK0254
deficit,1,2,0.002681,2.0,BK0136
degeneration,1,2,0.002681,2.0,BK0028
demographics,1,2,0.002681,2.0,BK0173
deplete,1,2,0.002681,2.0,BK0266
depolarisation,1,2,0.002681,2.0,BK0092
dgat1,1,2,0.002681,2.0,BK0094
dimethylating,1,2,0.002681,2.0,BK0233
distinguishing,1,2,0.002681,2.0,BK0219
dodecamer,1,2,0.002681,2.0,BK0358
doi,1,2,0.002681,2.0,BK0262
dopaminergic,1,2,0.002681,2.0,BK0177
drb1,1,2,0.002681,2.0,BK0341
drg1,1,2,0.002681,2.0,BK0143
duration,1,2,0.002681,2.0,BK0154
ecfc,1,2,0.002681,2.0,BK0164
eclipse,1,2,0.002681,2.0,BK0298
ectosomes,1,2,0.002681,2.0,BK0102
edge,1,2,0.002681,2.0,BK0209
eggshell,1,2,0.002681,2.0,BK0188
egln1,1,2,0.002681,2.0,BK0288
eicosanoid,1,2,0.002681,2.0,BK0043
elastic,1,2,0.002681,2.0,BK0150
endemic,1,2,0.002681,2.0,BK0131
endocytosis,1,2,0.002681,2.0,BK0010
endogenously,1,2,0.002681,2.0,BK0031
endosome,1,2,0.002681,2.0,BK0118
energetic,1,2,0.002681,2.0,BK0208
english,1,2,0.002681,2.0,BK0139
enos,1,2,0.002681,2.0,BK0148
entities,1,2,0.002681,2.0,BK0089
epox,1,2,0.002681,2.0,BK0212
erythroid,1,2,0.002681,2.0,BK0300
esterification,1,2,0.002681,2.0,BK0002
estradiol,1,2,0.002681,2.0,BK0077
etiology,1,2,0.002681,2.0,BK0219
evasion,1,2,0.002681,2.0,BK0059
excitability,1,2,0.002681,2.0,BK0017
exoribonuclease,1,2,0.002681,2.0,BK0282
explainable,1,2,0.002681,2.0,BK0003
explains,1,2,0.002681,2.0,BK0119
exporting,1,2,0.002681,2.0,BK0102
extracellularly,1,2,0.002681,2.0,BK0220
eye,1,2,0.002681,2.0,BK0177
false,1,2,0.002681,2.0,BK0205
fatalities,1,2,0.002681,2.0,BK0173
fdr,1,2,0.002681,2.0,BK0027
fibre,1,2,0.002681,2.0,BK0150
fibrogenesis,1,2,0.002681,2.0,BK0032
fibroid,1,2,0.002681,2.0,BK0011
flies,1,2,0.002681,2.0,BK0189
formers,1,2,0.002681,2.0,BK0281
ft671,1,2,0.002681,2.0,BK0165
fulfilled,1,2,0.002681,2.0,BK0154
g76,1,2,0.002681,2.0,BK0147
gabarap,1,2,0.002681,2.0,BK0355
galectin,1,2,0.002681,2.0,BK0263
gararap,1,2,0.002681,2.0,BK0355
giant,1,2,0.002681,2.0,BK0041
gingipain,1,2,0.002681,2.0,BK0163
glucagon,1,2,0.002681,2.0,BK0171
glucotoxic,1,2,0.002681,2.0,BK0303
glut4,1,2,0.002681,2.0,BK0308
glutamatergic,1,2,0.002681,2.0,BK0068
gtpases,1,2,0.002681,2.0,BK0143
gtpch,1,2,0.002681,2.0,BK0148
gut,1,2,0.002681,2.0,BK0061
handling,1,2,0.002681,2.0,BK0186
haptoglobin,1,2,0.002681,2.0,BK0219
hdacs,1,2,0.002681,2.0,BK0084
head,1,2,0.002681,2.0,BK0065
helper,1,2,0.002681,2.0,BK0102
hepatocellular,1,2,0.002681,2.0,BK0241
herpesviridae,1,2,0.002681,2.0,BK0338
heterodimers,1,2,0.002681,2.0,BK0220
hexameric,1,2,0.002681,2.0,BK0358
hippocampal,1,2,0.002681,2.0,BK0247
hmb,1,2,0.002681,2.0,BK0011
horses,1,2,0.002681,2.0,BK0199
hre,1,2,0.002681,2.0,BK0082
hyperactivates,1,2,0.002681,2.0,BK0019
icos,1,2,0.002681,2.0,BK0102
igs,1,2,0.002681,2.0,BK0311
immunized,1,2,0.002681,2.0,BK0217
immunopeptides,1,2,0.002681,2.0,BK0204
immunopeptidomic,1,2,0.002681,2.0,BK0132
impressive,1,2,0.002681,2.0,BK0334
indoleamine,1,2,0.002681,2.0,BK0023
ins,1,2,0.002681,2.0,BK0171
instruction,1,2,0.002681,2.0,BK0238
intraluminal,1,2,0.002681,2.0,BK0051
intrinsically,1,2,0.002681,2.0,BK0065
investigators,1,2,0.002681,2.0,BK0173
ipa,1,2,0.002681,2.0,BK0312
ipc,1,2,0.002681,2.0,BK0247
ischaemic,1,2,0.002681,2.0,BK0088
isgylated,1,2,0.002681,2.0,BK0044
jacalin,1,2,0.002681,2.0,BK0266
k539,1,2,0.002681,2.0,BK0344
knee,1,2,0.002681,2.0,BK0230
kyn,1,2,0.002681,2.0,BK0023
laetoli,1,2,0.002681,2.0,BK0188
language,1,2,0.002681,2.0,BK0238
larg,1,2,0.002681,2.0,BK0326
laron,1,2,0.002681,2.0,BK0129
leptin,1,2,0.002681,2.0,BK0129
leukocytes,1,2,0.002681,2.0,BK0093
lipidomics,1,2,0.002681,2.0,BK0171
liposarcoma,1,2,0.002681,2.0,BK0317
littermates,1,2,0.002681,2.0,BK0171
losses,1,2,0.002681,2.0,BK0200
lymph,1,2,0.002681,2.0,BK0206
m166,1,2,0.002681,2.0,BK0352
macrauchenia,1,2,0.002681,2.0,BK0199
makorin,1,2,0.002681,2.0,BK0074
matrigel,1,2,0.002681,2.0,BK0302
matter,1,2,0.002681,2.0,BK0145
max,1,2,0.002681,2.0,BK0167
mcf7,1,2,0.002681,2.0,BK0103
mdc,1,2,0.002681,2.0,BK0201
medullary,1,2,0.002681,2.0,BK0330
methyltransferases,1,2,0.002681,2.0,BK0169
mga,1,2,0.002681,2.0,BK0167
microarray,1,2,0.002681,2.0,BK0131
microarrays,1,2,0.002681,2.0,BK0311
microtubules,1,2,0.002681,2.0,BK0168
minigenes,1,2,0.002681,2.0,BK0218
mirna,1,2,0.002681,2.0,BK0164
mmej,1,2,0.002681,2.0,BK0026
moderate,1,2,0.002681,2.0,BK0292
monocyte,1,2,0.002681,2.0,BK0312
moonwalker,1,2,0.002681,2.0,BK0214
motility,1,2,0.002681,2.0,BK0126
mta1,1,2,0.002681,2.0,BK0121
mucin,1,2,0.002681,2.0,BK0330
mucosal,1,2,0.002681,2.0,BK0101
mudpit,1,2,0.002681,2.0,BK0263
multicenter,1,2,0.002681,2.0,BK0172
multicohort,1,2,0.002681,2.0,BK0124
multiplexing,1,2,0.002681,2.0,BK0241
munich,1,2,0.002681,2.0,BK0171
murc,1,2,0.002681,2.0,BK0083
mus,1,2,0.002681,2.0,BK0001
musculoskeletal,1,2,0.002681,2.0,BK0055
musculus,1,2,0.002681,2.0,BK0001
myoclonus,1,2,0.002681,2.0,BK0128
myofibers,1,2,0.002681,2.0,BK0005
myositis,1,2,0.002681,2.0,BK0005
nanopore,1,2,0.002681,2.0,BK0099
nc1,1,2,0.002681,2.0,BK0373
neandertals,1,2,0.002681,2.0,BK0185
neck,1,2,0.002681,2.0,BK0065
nephrectomy,1,2,0.002681,2.0,BK0014
neuroprotection,1,2,0.002681,2.0,BK0247
nigeria,1,2,0.002681,2.0,BK0241
nilabh,1,2,0.002681,2.0,BK0053
nociceptors,1,2,0.002681,2.0,BK0017
nonsense,1,2,0.002681,2.0,BK0223
nucleolar,1,2,0.002681,2.0,BK0245
nucleopolyhedrovirus,1,2,0.002681,2.0,BK0168
nucleosides,1,2,0.002681,2.0,BK0201
nucleosome,1,2,0.002681,2.0,BK0276
nur,1,2,0.002681,2.0,BK0008
ogd,1,2,0.002681,2.0,BK0247
olduvai,1,2,0.002681,2.0,BK0188
oligopeptidase,1,2,0.002681,2.0,BK0365
opsoclonus,1,2,0.002681,2.0,BK0128
optimizing,1,2,0.002681,2.0,BK0166
orally,1,2,0.002681,2.0,BK0019
ordered,1,2,0.002681,2.0,BK0159
orf,1,2,0.002681,2.0,BK0352
orfs,1,2,0.002681,2.0,BK0352
organelles,1,2,0.002681,2.0,BK0300
organism,1,2,0.002681,2.0,BK0230
origins,1,2,0.002681,2.0,BK0099
osteoarthritic,1,2,0.002681,2.0,BK0055
overrepresentation,1,2,0.002681,2.0,BK0145
oxidized,1,2,0.002681,2.0,BK0201
p35,1,2,0.002681,2.0,BK0220
p63,1,2,0.002681,2.0,BK0076
pathogenetic,1,2,0.002681,2.0,BK0048
pcaf,1,2,0.002681,2.0,BK0344
pdca,1,2,0.002681,2.0,BK0309
pdz,1,2,0.002681,2.0,BK0115
perceived,1,2,0.002681,2.0,BK0106
pericellular,1,2,0.002681,2.0,BK0150
perinuclear,1,2,0.002681,2.0,BK0168
periodontitis,1,2,0.002681,2.0,BK0151
perivascular,1,2,0.002681,2.0,BK0198
peroxide,1,2,0.002681,2.0,BK0268
persist,1,2,0.002681,2.0,BK0188
perturbations,1,2,0.002681,2.0,BK0052
pfbpa,1,2,0.002681,2.0,BK0239
pfheul,1,2,0.002681,2.0,BK0012
phd2,1,2,0.002681,2.0,BK0288
photoactivation,1,2,0.002681,2.0,BK0369
phprt,1,2,0.002681,2.0,BK0239
pink1,1,2,0.002681,2.0,BK0092
pjis,1,2,0.002681,2.0,BK0154
pkm2,1,2,0.002681,2.0,BK0182
placenta,1,2,0.002681,2.0,BK0263
placentals,1,2,0.002681,2.0,BK0199
pldh,1,2,0.002681,2.0,BK0239
pls,1,2,0.002681,2.0,BK0122
podocytes,1,2,0.002681,2.0,BK0047
polyserine,1,2,0.002681,2.0,BK0245
positioning,1,2,0.002681,2.0,BK0276
post,1,2,0.002681,2.0,BK0015
prdm,1,2,0.002681,2.0,BK0246
pres,1,2,0.002681,2.0,BK0262
prevotella,1,2,0.002681,2.0,BK0151
priming,1,2,0.002681,2.0,BK0127
progeny,1,2,0.002681,2.0,BK0168
programmes,1,2,0.002681,2.0,BK0048
prolines,1,2,0.002681,2.0,BK0215
propofol,1,2,0.002681,2.0,BK0014
proprotein,1,2,0.002681,2.0,BK0240
protomap,1,2,0.002681,2.0,BK0186
pseudomallei,1,2,0.002681,2.0,BK0131
pseudomonas,1,2,0.002681,2.0,BK0343
psmb9,1,2,0.002681,2.0,BK0138
ptpn5,1,2,0.002681,2.0,BK0310
pub,1,2,0.002681,2.0,BK0194
public,1,2,0.002681,2.0,BK0015
putida,1,2,0.002681,2.0,BK0343
pvhl,1,2,0.002681,2.0,BK0328
pxd034789,1,2,0.002681,2.0,BK0038
quancat,1,2,0.002681,2.0,BK0243
quantities,1,2,0.002681,2.0,BK0021
radiocarbon,1,2,0.002681,2.0,BK0185
rbps,1,2,0.002681,2.0,BK0016
rdt,1,2,0.002681,2.0,BK0038
refractoriness,1,2,0.002681,2.0,BK0098
removable,1,2,0.002681,2.0,BK0172
repurposing,1,2,0.002681,2.0,BK0032
reshape,1,2,0.002681,2.0,BK0100
rjals,1,2,0.002681,2.0,BK0184
rules,1,2,0.002681,2.0,BK0106
sclc,1,2,0.002681,2.0,BK0019
scp,1,2,0.002681,2.0,BK0271
secretory,1,2,0.002681,2.0,BK0098
sections,1,2,0.002681,2.0,BK0128
seizures,1,2,0.002681,2.0,BK0138
serpin,1,2,0.002681,2.0,BK0302
serpins,1,2,0.002681,2.0,BK0242
set7,1,2,0.002681,2.0,BK0280
sevoflurane,1,2,0.002681,2.0,BK0014
sh2,1,2,0.002681,2.0,BK0322
shastri,1,2,0.002681,2.0,BK0053
shh,1,2,0.002681,2.0,BK0048
simian,1,2,0.002681,2.0,BK0183
sir2,1,2,0.002681,2.0,BK0347
sivmac239,1,2,0.002681,2.0,BK0183
skeletons,1,2,0.002681,2.0,BK0111
slower,1,2,0.002681,2.0,BK0368
slx4,1,2,0.002681,2.0,BK0024
smx,1,2,0.002681,2.0,BK0024
soat1,1,2,0.002681,2.0,BK0117
spindle,1,2,0.002681,2.0,BK0019
sqs,1,2,0.002681,2.0,BK0117
sqstm1,1,2,0.002681,2.0,BK0111
src,1,2,0.002681,2.0,BK0322
staging,1,2,0.002681,2.0,BK0292
sub,1,2,0.002681,2.0,BK0134
subcomplexes,1,2,0.002681,2.0,BK0180
subnuclear,1,2,0.002681,2.0,BK0245
subpopulations,1,2,0.002681,2.0,BK0210
substrains,1,2,0.002681,2.0,BK0163
subtle,1,2,0.002681,2.0,BK0052
superorder,1,2,0.002681,2.0,BK0199
supramolecular,1,2,0.002681,2.0,BK0089
sw620,1,2,0.002681,2.0,BK0322
syncytial,1,2,0.002681,2.0,BK0282
syncytiotrophoblast,1,2,0.002681,2.0,BK0263
syndromes,1,2,0.002681,2.0,BK0149
t240,1,2,0.002681,2.0,BK0049
tendons,1,2,0.002681,2.0,BK0150
tetramers,1,2,0.002681,2.0,BK0314
tetratricopeptide,1,2,0.002681,2.0,BK0282
thiophosphorylated,1,2,0.002681,2.0,BK0290
thrombospondin,1,2,0.002681,2.0,BK0186
thrombus,1,2,0.002681,2.0,BK0051
thymus,1,2,0.002681,2.0,BK0330
tier,1,2,0.002681,2.0,BK0217
timp1,1,2,0.002681,2.0,BK0124
tip,1,2,0.002681,2.0,BK0305
tmt,1,2,0.002681,2.0,BK0038
tom,1,2,0.002681,2.0,BK0092
topological,1,2,0.002681,2.0,BK0183
toxodon,1,2,0.002681,2.0,BK0199
tpm3,1,2,0.002681,2.0,BK0209
trafac,1,2,0.002681,2.0,BK0143
trans,1,2,0.002681,2.0,BK0170
transcribed,1,2,0.002681,2.0,BK0121
transfection,1,2,0.002681,2.0,BK0218
transitional,1,2,0.002681,2.0,BK0185
transplants,1,2,0.002681,2.0,BK0088
tregs,1,2,0.002681,2.0,BK0094
trithorax,1,2,0.002681,2.0,BK0180
tropism,1,2,0.002681,2.0,BK0001
truncation,1,2,0.002681,2.0,BK0063
tuberculous,1,2,0.002681,2.0,BK0093
tyr,1,2,0.002681,2.0,BK0002
ubiquitomics,1,2,0.002681,2.0,BK0091
ufs,1,2,0.002681,2.0,BK0011
ug37,1,2,0.002681,2.0,BK0217
uim1,1,2,0.002681,2.0,BK0193
uims,1,2,0.002681,2.0,BK0193
ul36,1,2,0.002681,2.0,BK0338
uncomplexed,1,2,0.002681,2.0,BK0358
unconventional,1,2,0.002681,2.0,BK0034
undigested,1,2,0.002681,2.0,BK0294
ungulate,1,2,0.002681,2.0,BK0199
unnatural,1,2,0.002681,2.0,BK0187
unresected,1,2,0.002681,2.0,BK0178
upp,1,2,0.002681,2.0,BK0312
upstream,1,2,0.002681,2.0,BK0090
urothelial,1,2,0.002681,2.0,BK0254
usps,1,2,0.002681,2.0,BK0345
vasculo,1,2,0.002681,2.0,BK0164
vemurafenib,1,2,0.002681,2.0,BK0195
virip,1,2,0.002681,2.0,BK0298
vp1,1,2,0.002681,2.0,BK0254
weights,1,2,0.002681,2.0,BK0129
withdrawal,1,2,0.002681,2.0,BK0173
wo2013030218,1,2,0.002681,2.0,BK0227
wordlike,1,2,0.002681,2.0,BK0139
words,1,2,0.002681,2.0,BK0139
x10,1,2,0.002681,2.0,BK0299
xlgds,1,2,0.002681,2.0,BK0135
ycfd,1,2,0.002681,2.0,BK0264
ypka,1,2,0.002681,2.0,BK0306
zika,1,2,0.002681,2.0,BK0058
a16,1,1,0.002681,1.584963,BK0016
a20,1,1,0.002681,1.584963,BK0054
aact,1,1,0.002681,1.584963,BK0014
aat,1,1,0.002681,1.584963,BK0298
abc,1,1,0.002681,1.584963,BK0196
aberrantly,1,1,0.002681,1.584963,BK0322
ablate,1,1,0.002681,1.584963,BK0022
abnormality,1,1,0.002681,1.584963,BK0150
aborted,1,1,0.002681,1.584963,BK0179
abrogate,1,1,0.002681,1.584963,BK0029
abrogates,1,1,0.002681,1.584963,BK0251
abrogating,1,1,0.002681,1.584963,BK0287
abscission,1,1,0.002681,1.584963,BK0060
absent,1,1,0.002681,1.584963,BK0081
absorption,1,1,0.002681,1.584963,BK0151
absorptive,1,1,0.002681,1.584963,BK0101
abundances,1,1,0.002681,1.584963,BK0021
abundantly,1,1,0.002681,1.584963,BK0276
academic,1,1,0.002681,1.584963,BK0081
accelerated,1,1,0.002681,1.584963,BK0184
accelerates,1,1,0.002681,1.584963,BK0272
accelerator,1,1,0.002681,1.584963,BK0185
acceptor,1,1,0.002681,1.584963,BK0087
accommodate,1,1,0.002681,1.584963,BK0366
accomplished,1,1,0.002681,1.584963,BK0253
accordance,1,1,0.002681,1.584963,BK0060
accounted,1,1,0.002681,1.584963,BK0370
accounting,1,1,0.002681,1.584963,BK0180
accounts,1,1,0.002681,1.584963,BK0239
accredited,1,1,0.002681,1.584963,BK0173
accrual,1,1,0.002681,1.584963,BK0286
acetic,1,1,0.002681,1.584963,BK0309
acetylate,1,1,0.002681,1.584963,BK0344
acetylated,1,1,0.002681,1.584963,BK0175
acetylome,1,1,0.002681,1.584963,BK0104
achievable,1,1,0.002681,1.584963,BK0241
achieving,1,1,0.002681,1.584963,BK0105
acidification,1,1,0.002681,1.584963,BK0160
acinus,1,1,0.002681,1.584963,BK0224
acmnpv,1,1,0.002681,1.584963,BK0168
acod1,1,1,0.002681,1.584963,BK0133
aconitase2,1,1,0.002681,1.584963,BK0237
acquires,1,1,0.002681,1.584963,BK0314
acrylamide,1,1,0.002681,1.584963,BK0207
acted,1,1,0.002681,1.584963,BK0196
actively,1,1,0.002681,1.584963,BK0121
actual,1,1,0.002681,1.584963,BK0316
actually,1,1,0.002681,1.584963,BK0125
acyl,1,1,0.002681,1.584963,BK0094
add,1,1,0.002681,1.584963,BK0008
addressed,1,1,0.002681,1.584963,BK0266
adduct,1,1,0.002681,1.584963,BK0090
adenocarcinoma,1,1,0.002681,1.584963,BK0029
adequate,1,1,0.002681,1.584963,BK0137
adipocytes,1,1,0.002681,1.584963,BK0191
adipogenesis,1,1,0.002681,1.584963,BK0308
adipoq,1,1,0.002681,1.584963,BK0198
adjustments,1,1,0.002681,1.584963,BK0202
administering,1,1,0.002681,1.584963,BK0032
admission,1,1,0.002681,1.584963,BK0138
adopting,1,1,0.002681,1.584963,BK0060
adsorb,1,1,0.002681,1.584963,BK0128
adsorption,1,1,0.002681,1.584963,BK0128
advantageous,1,1,0.002681,1.584963,BK0168
adversely,1,1,0.002681,1.584963,BK0047
affiliation,1,1,0.002681,1.584963,BK0185
afforded,1,1,0.002681,1.584963,BK0364
affording,1,1,0.002681,1.584963,BK0340
africa,1,1,0.002681,1.584963,BK0137
agalactiae,1,1,0.002681,1.584963,BK0172
agglutinin,1,1,0.002681,1.584963,BK0266
agonism,1,1,0.002681,1.584963,BK0367
agonist,1,1,0.002681,1.584963,BK0369
agrees,1,1,0.002681,1.584963,BK0199
ags,1,1,0.002681,1.584963,BK0064
aii,1,1,0.002681,1.584963,BK0263
aiming,1,1,0.002681,1.584963,BK0091
airflow,1,1,0.002681,1.584963,BK0206
aki,1,1,0.002681,1.584963,BK0136
akt,1,1,0.002681,1.584963,BK0191
alarmins,1,1,0.002681,1.584963,BK0263
albumin,1,1,0.002681,1.584963,BK0337
aldehyde,1,1,0.002681,1.584963,BK0363
algae,1,1,0.002681,1.584963,BK0223
alix,1,1,0.002681,1.584963,BK0331
alkenal,1,1,0.002681,1.584963,BK0078
alkylates,1,1,0.002681,1.584963,BK0133
alkylating,1,1,0.002681,1.584963,BK0103
alleviate,1,1,0.002681,1.584963,BK0008
allies,1,1,0.002681,1.584963,BK0199
allograft,1,1,0.002681,1.584963,BK0116
allografts,1,1,0.002681,1.584963,BK0032
allosterically,1,1,0.002681,1.584963,BK0358
alphabaculoviruses,1,1,0.002681,1.584963,BK0168
alt,1,1,0.002681,1.584963,BK0241
alternating,1,1,0.002681,1.584963,BK0316
altogether,1,1,0.002681,1.584963,BK0090
always,1,1,0.002681,1.584963,BK0299
alzheimer,1,1,0.002681,1.584963,BK0063
ameliorated,1,1,0.002681,1.584963,BK0160
amhs,1,1,0.002681,1.584963,BK0185
amines,1,1,0.002681,1.584963,BK0109
amplified,1,1,0.002681,1.584963,BK0050
amylase,1,1,0.002681,1.584963,BK0266
anaerobic,1,1,0.002681,1.584963,BK0197
analgesics,1,1,0.002681,1.584963,BK0173
analogously,1,1,0.002681,1.584963,BK0264
analogs,1,1,0.002681,1.584963,BK0174
analogue,1,1,0.002681,1.584963,BK0157
analyse,1,1,0.002681,1.584963,BK0154
analyte,1,1,0.002681,1.584963,BK0248
analytic,1,1,0.002681,1.584963,BK0043
analyzing,1,1,0.002681,1.584963,BK0174
anatomical,1,1,0.002681,1.584963,BK0113
anatomically,1,1,0.002681,1.584963,BK0185
anatomy,1,1,0.002681,1.584963,BK0366
ancestry,1,1,0.002681,1.584963,BK0185
anchorage,1,1,0.002681,1.584963,BK0261
anchors,1,1,0.002681,1.584963,BK0064
aneurysm,1,1,0.002681,1.584963,BK0051
aneurysms,1,1,0.002681,1.584963,BK0051
angiotensinogen,1,1,0.002681,1.584963,BK0075
angle,1,1,0.002681,1.584963,BK0002
anhydrase,1,1,0.002681,1.584963,BK0075
anhydride,1,1,0.002681,1.584963,BK0309
anion,1,1,0.002681,1.584963,BK0303
anions,1,1,0.002681,1.584963,BK0198
anka,1,1,0.002681,1.584963,BK0137
ankara,1,1,0.002681,1.584963,BK0204
ankyrinb,1,1,0.002681,1.584963,BK0273
ann,1,1,0.002681,1.584963,BK0122
annealing,1,1,0.002681,1.584963,BK0026
annexins,1,1,0.002681,1.584963,BK0308
annotate,1,1,0.002681,1.584963,BK0068
annual,1,1,0.002681,1.584963,BK0173
antagonising,1,1,0.002681,1.584963,BK0164
antagonize,1,1,0.002681,1.584963,BK0058
antagonizes,1,1,0.002681,1.584963,BK0115
antecedent,1,1,0.002681,1.584963,BK0242
anterior,1,1,0.002681,1.584963,BK0020
antibiotic,1,1,0.002681,1.584963,BK0172
anticaspase,1,1,0.002681,1.584963,BK0041
anticipate,1,1,0.002681,1.584963,BK0274
anticipated,1,1,0.002681,1.584963,BK0323
anticitrullinated,1,1,0.002681,1.584963,BK0181
antidote,1,1,0.002681,1.584963,BK0161
antidotes,1,1,0.002681,1.584963,BK0173
antiendocrine,1,1,0.002681,1.584963,BK0077
antimalarial,1,1,0.002681,1.584963,BK0012
antiprotease,1,1,0.002681,1.584963,BK0101
anxa2,1,1,0.002681,1.584963,BK0081
aortic,1,1,0.002681,1.584963,BK0051
apart,1,1,0.002681,1.584963,BK0372
apcs,1,1,0.002681,1.584963,BK0361
apex,1,1,0.002681,1.584963,BK0191
apicomplexa,1,1,0.002681,1.584963,BK0120
apls,1,1,0.002681,1.584963,BK0341
apnea,1,1,0.002681,1.584963,BK0120
apo1,1,1,0.002681,1.584963,BK0367
apocytochrome,1,1,0.002681,1.584963,BK0250
appearance,1,1,0.002681,1.584963,BK0130
applicable,1,1,0.002681,1.584963,BK0120
applying,1,1,0.002681,1.584963,BK0043
appreciated,1,1,0.002681,1.584963,BK0285
appropriately,1,1,0.002681,1.584963,BK0348
approval,1,1,0.002681,1.584963,BK0339
arachidonic,1,1,0.002681,1.584963,BK0043
arachidonoylglycerol,1,1,0.002681,1.584963,BK0043
araf,1,1,0.002681,1.584963,BK0029
arborization,1,1,0.002681,1.584963,BK0214
archaea,1,1,0.002681,1.584963,BK0250
archaebacterium,1,1,0.002681,1.584963,BK0372
archaeological,1,1,0.002681,1.584963,BK0111
architecture,1,1,0.002681,1.584963,BK0042
arf,1,1,0.002681,1.584963,BK0318
arginase,1,1,0.002681,1.584963,BK0059
argininosuccinate,1,1,0.002681,1.584963,BK0059
arginyl,1,1,0.002681,1.584963,BK0264
arm,1,1,0.002681,1.584963,BK0065
aromatic,1,1,0.002681,1.584963,BK0248
arose,1,1,0.002681,1.584963,BK0199
arranged,1,1,0.002681,1.584963,BK0373
artefacts,1,1,0.002681,1.584963,BK0340
arthrodesis,1,1,0.002681,1.584963,BK0230
arthroplasty,1,1,0.002681,1.584963,BK0154
arts1,1,1,0.002681,1.584963,BK0053
asc,1,1,0.002681,1.584963,BK0067
ascertain,1,1,0.002681,1.584963,BK0179
ascorbate,1,1,0.002681,1.584963,BK0286
ascorbic,1,1,0.002681,1.584963,BK0030
ascribed,1,1,0.002681,1.584963,BK0184
asexual,1,1,0.002681,1.584963,BK0012
asked,1,1,0.002681,1.584963,BK0254
asp,1,1,0.002681,1.584963,BK0273
asph,1,1,0.002681,1.584963,BK0039
assayed,1,1,0.002681,1.584963,BK0271
assemblage,1,1,0.002681,1.584963,BK0185
assembled,1,1,0.002681,1.584963,BK0220
assemblies,1,1,0.002681,1.584963,BK0064
asset,1,1,0.002681,1.584963,BK0274
assign,1,1,0.002681,1.584963,BK0316
assigning,1,1,0.002681,1.584963,BK0186
assignment,1,1,0.002681,1.584963,BK0143
assignments,1,1,0.002681,1.584963,BK0256
assisted,1,1,0.002681,1.584963,BK0189
assists,1,1,0.002681,1.584963,BK0175
astrocytosis,1,1,0.002681,1.584963,BK0362
asymptomatic,1,1,0.002681,1.584963,BK0131
atf5,1,1,0.002681,1.584963,BK0334
atg5,1,1,0.002681,1.584963,BK0200
atrophying,1,1,0.002681,1.584963,BK0304
attacking,1,1,0.002681,1.584963,BK0174
attained,1,1,0.002681,1.584963,BK0320
attempts,1,1,0.002681,1.584963,BK0247
attenuates,1,1,0.002681,1.584963,BK0045
attenuating,1,1,0.002681,1.584963,BK0049
attenuation,1,1,0.002681,1.584963,BK0250
attracted,1,1,0.002681,1.584963,BK0179
attribute,1,1,0.002681,1.584963,BK0149
augmenting,1,1,0.002681,1.584963,BK0191
auroc,1,1,0.002681,1.584963,BK0003
authenticated,1,1,0.002681,1.584963,BK0188
authenticity,1,1,0.002681,1.584963,BK0188
author,1,1,0.002681,1.584963,BK0117
autoantigen,1,1,0.002681,1.584963,BK0206
autochthonous,1,1,0.002681,1.584963,BK0076
autonomously,1,1,0.002681,1.584963,BK0089
autophagosomes,1,1,0.002681,1.584963,BK0300
autophosphorylation,1,1,0.002681,1.584963,BK0191
autosomal,1,1,0.002681,1.584963,BK0129
autoubiquitination,1,1,0.002681,1.584963,BK0073
auxotrophic,1,1,0.002681,1.584963,BK0174
average,1,1,0.002681,1.584963,BK0132
averages,1,1,0.002681,1.584963,BK0241
avoidance,1,1,0.002681,1.584963,BK0054
avoiding,1,1,0.002681,1.584963,BK0146
away,1,1,0.002681,1.584963,BK0347
bac,1,1,0.002681,1.584963,BK0267
backup,1,1,0.002681,1.584963,BK0026
baculoviral,1,1,0.002681,1.584963,BK0041
baculovirus,1,1,0.002681,1.584963,BK0168
bag6,1,1,0.002681,1.584963,BK0228
balanced,1,1,0.002681,1.584963,BK0008
banks,1,1,0.002681,1.584963,BK0186
bard1,1,1,0.002681,1.584963,BK0024
bayesian,1,1,0.002681,1.584963,BK0185
bead,1,1,0.002681,1.584963,BK0102
beads,1,1,0.002681,1.584963,BK0185
bears,1,1,0.002681,1.584963,BK0338
bedside,1,1,0.002681,1.584963,BK0173
begin,1,1,0.002681,1.584963,BK0139
beginning,1,1,0.002681,1.584963,BK0295
behavioral,1,1,0.002681,1.584963,BK0185
behaviour,1,1,0.002681,1.584963,BK0017
behavioural,1,1,0.002681,1.584963,BK0021
behaviours,1,1,0.002681,1.584963,BK0134
behind,1,1,0.002681,1.584963,BK0015
belong,1,1,0.002681,1.584963,BK0199
benefits,1,1,0.002681,1.584963,BK0118
benign,1,1,0.002681,1.584963,BK0011
benzosulfonamide,1,1,0.002681,1.584963,BK0018
benzosulfonamides,1,1,0.002681,1.584963,BK0042
bern,1,1,0.002681,1.584963,BK0023
bet,1,1,0.002681,1.584963,BK0175
bifunctional,1,1,0.002681,1.584963,BK0369
bio,1,1,0.002681,1.584963,BK0186
bioassays,1,1,0.002681,1.584963,BK0339
bioavailable,1,1,0.002681,1.584963,BK0019
bioenergetic,1,1,0.002681,1.584963,BK0148
biofluid,1,1,0.002681,1.584963,BK0281
biofunctions,1,1,0.002681,1.584963,BK0263
biogenic,1,1,0.002681,1.584963,BK0117
biologicals,1,1,0.002681,1.584963,BK0144
biomedical,1,1,0.002681,1.584963,BK0166
biomedicine,1,1,0.002681,1.584963,BK0174
biomolecular,1,1,0.002681,1.584963,BK0185
biomolecule,1,1,0.002681,1.584963,BK0340
biosamples,1,1,0.002681,1.584963,BK0171
biothreat,1,1,0.002681,1.584963,BK0131
bip,1,1,0.002681,1.584963,BK0055
birds,1,1,0.002681,1.584963,BK0248
birth,1,1,0.002681,1.584963,BK0129
bisphosphate,1,1,0.002681,1.584963,BK0239
blasts,1,1,0.002681,1.584963,BK0200
blended,1,1,0.002681,1.584963,BK0042
bleomycin,1,1,0.002681,1.584963,BK0082
bona,1,1,0.002681,1.584963,BK0224
boncat,1,1,0.002681,1.584963,BK0243
bones,1,1,0.002681,1.584963,BK0111
boost,1,1,0.002681,1.584963,BK0133
bootstrap,1,1,0.002681,1.584963,BK0124
boronic,1,1,0.002681,1.584963,BK0339
borrelia,1,1,0.002681,1.584963,BK0341
boundaries,1,1,0.002681,1.584963,BK0117
boundary,1,1,0.002681,1.584963,BK0039
bovine,1,1,0.002681,1.584963,BK0337
branch,1,1,0.002681,1.584963,BK0119
brcc3,1,1,0.002681,1.584963,BK0055
breadth,1,1,0.002681,1.584963,BK0080
breakage,1,1,0.002681,1.584963,BK0024
bridges,1,1,0.002681,1.584963,BK0071
bridging,1,1,0.002681,1.584963,BK0110
broadened,1,1,0.002681,1.584963,BK0033
broader,1,1,0.002681,1.584963,BK0020
bromodeoxyuridine,1,1,0.002681,1.584963,BK0099
bromoethyl,1,1,0.002681,1.584963,BK0317
brown,1,1,0.002681,1.584963,BK0221
bslb,1,1,0.002681,1.584963,BK0102
btb,1,1,0.002681,1.584963,BK0048
buffer,1,1,0.002681,1.584963,BK0235
building,1,1,0.002681,1.584963,BK0100
bundle,1,1,0.002681,1.584963,BK0083
burdens,1,1,0.002681,1.584963,BK0137
burgdorferi,1,1,0.002681,1.584963,BK0341
c16,1,1,0.002681,1.584963,BK0043
c57,1,1,0.002681,1.584963,BK0137
c87,1,1,0.002681,1.584963,BK0141
cachexia,1,1,0.002681,1.584963,BK0028
cad,1,1,0.002681,1.584963,BK0279
cadaverine,1,1,0.002681,1.584963,BK0109
cadc,1,1,0.002681,1.584963,BK0201
caecal,1,1,0.002681,1.584963,BK0351
caenorhabditis,1,1,0.002681,1.584963,BK0372
cag,1,1,0.002681,1.584963,BK0260
calcite,1,1,0.002681,1.584963,BK0188
calcitonin,1,1,0.002681,1.584963,BK0031
calculation,1,1,0.002681,1.584963,BK0274
calculations,1,1,0.002681,1.584963,BK0188
calls,1,1,0.002681,1.584963,BK0091
calmodulin,1,1,0.002681,1.584963,BK0308
caloric,1,1,0.002681,1.584963,BK0347
calorie,1,1,0.002681,1.584963,BK0347
calpain,1,1,0.002681,1.584963,BK0047
cancerous,1,1,0.002681,1.584963,BK0089
candidacy,1,1,0.002681,1.584963,BK0027
cap,1,1,0.002681,1.584963,BK0363
capacities,1,1,0.002681,1.584963,BK0133
capillary,1,1,0.002681,1.584963,BK0163
capsid,1,1,0.002681,1.584963,BK0352
captures,1,1,0.002681,1.584963,BK0147
car,1,1,0.002681,1.584963,BK0132
carbohydrates,1,1,0.002681,1.584963,BK0166
carbonic,1,1,0.002681,1.584963,BK0075
carbonyl,1,1,0.002681,1.584963,BK0087
carbopol,1,1,0.002681,1.584963,BK0217
carboxykinase,1,1,0.002681,1.584963,BK0075
carboxylase,1,1,0.002681,1.584963,BK0191
carcinomas,1,1,0.002681,1.584963,BK0029
cardinal,1,1,0.002681,1.584963,BK0078
cardiomyopathy,1,1,0.002681,1.584963,BK0195
care,1,1,0.002681,1.584963,BK0093
cargos,1,1,0.002681,1.584963,BK0118
carotid,1,1,0.002681,1.584963,BK0294
cas9,1,1,0.002681,1.584963,BK0129
catalase,1,1,0.002681,1.584963,BK0308
catalyse,1,1,0.002681,1.584963,BK0288
catalysing,1,1,0.002681,1.584963,BK0279
catalysis,1,1,0.002681,1.584963,BK0223
catalyzing,1,1,0.002681,1.584963,BK0264
catch,1,1,0.002681,1.584963,BK0364
category,1,1,0.002681,1.584963,BK0131
cats,1,1,0.002681,1.584963,BK0001
cattle,1,1,0.002681,1.584963,BK0199
caucasians,1,1,0.002681,1.584963,BK0267
causal,1,1,0.002681,1.584963,BK0100
ccaat,1,1,0.002681,1.584963,BK0317
cck13,1,1,0.002681,1.584963,BK0151
ccr5,1,1,0.002681,1.584963,BK0183
cct,1,1,0.002681,1.584963,BK0072
cct8,1,1,0.002681,1.584963,BK0072
cd200,1,1,0.002681,1.584963,BK0263
cd26,1,1,0.002681,1.584963,BK0263
cd45,1,1,0.002681,1.584963,BK0039
cd47,1,1,0.002681,1.584963,BK0263
cd5,1,1,0.002681,1.584963,BK0220
cd59,1,1,0.002681,1.584963,BK0263
cd63,1,1,0.002681,1.584963,BK0263
cd71,1,1,0.002681,1.584963,BK0300
cd9,1,1,0.002681,1.584963,BK0263
cd95,1,1,0.002681,1.584963,BK0367
cd98,1,1,0.002681,1.584963,BK0263
cdb3,1,1,0.002681,1.584963,BK0273
cdc28,1,1,0.002681,1.584963,BK0296
cdc48,1,1,0.002681,1.584963,BK0228
cdk6,1,1,0.002681,1.584963,BK0182
ceasing,1,1,0.002681,1.584963,BK0032
centerpiece,1,1,0.002681,1.584963,BK0118
centrally,1,1,0.002681,1.584963,BK0005
centrifugation,1,1,0.002681,1.584963,BK0186
cep152,1,1,0.002681,1.584963,BK0126
ceramide,1,1,0.002681,1.584963,BK0214
certainly,1,1,0.002681,1.584963,BK0217
chapter,1,1,0.002681,1.584963,BK0035
characterises,1,1,0.002681,1.584963,BK0003
characterizes,1,1,0.002681,1.584963,BK0068
characterizing,1,1,0.002681,1.584963,BK0056
charged,1,1,0.002681,1.584963,BK0313
charles,1,1,0.002681,1.584963,BK0199
chd3,1,1,0.002681,1.584963,BK0121
chelation,1,1,0.002681,1.584963,BK0237
chelators,1,1,0.002681,1.584963,BK0277
chemoradiation,1,1,0.002681,1.584963,BK0158
chemoreceptors,1,1,0.002681,1.584963,BK0006
chemosensory,1,1,0.002681,1.584963,BK0006
chiefly,1,1,0.002681,1.584963,BK0291
chip,1,1,0.002681,1.584963,BK0304
chitinase,1,1,0.002681,1.584963,BK0122
chitinases,1,1,0.002681,1.584963,BK0122
chitotriosidase,1,1,0.002681,1.584963,BK0122
chloroethyl,1,1,0.002681,1.584963,BK0317
cholesteryl,1,1,0.002681,1.584963,BK0117
choroid,1,1,0.002681,1.584963,BK0145
chromatid,1,1,0.002681,1.584963,BK0024
chromium,1,1,0.002681,1.584963,BK0369
chronically,1,1,0.002681,1.584963,BK0171
chronologically,1,1,0.002681,1.584963,BK0086
circulate,1,1,0.002681,1.584963,BK0263
cirrhosis,1,1,0.002681,1.584963,BK0241
cite,1,1,0.002681,1.584963,BK0154
citrate,1,1,0.002681,1.584963,BK0112
citrullinomes,1,1,0.002681,1.584963,BK0151
ck13,1,1,0.002681,1.584963,BK0151
claimed,1,1,0.002681,1.584963,BK0199
classic,1,1,0.002681,1.584963,BK0313
classified,1,1,0.002681,1.584963,BK0364
clean,1,1,0.002681,1.584963,BK0235
clearer,1,1,0.002681,1.584963,BK0199
clinic,1,1,0.002681,1.584963,BK0166
clinicopathological,1,1,0.002681,1.584963,BK0020
cloned,1,1,0.002681,1.584963,BK0367
cloning,1,1,0.002681,1.584963,BK0135
clonotype,1,1,0.002681,1.584963,BK0015
closed,1,1,0.002681,1.584963,BK0275
closer,1,1,0.002681,1.584963,BK0018
closure,1,1,0.002681,1.584963,BK0275
clp,1,1,0.002681,1.584963,BK0358
clustered,1,1,0.002681,1.584963,BK0269
clusters,1,1,0.002681,1.584963,BK0106
cme,1,1,0.002681,1.584963,BK0010
cmv,1,1,0.002681,1.584963,BK0260
cocktail,1,1,0.002681,1.584963,BK0217
cocrystal,1,1,0.002681,1.584963,BK0195
coefficient,1,1,0.002681,1.584963,BK0294
coexistent,1,1,0.002681,1.584963,BK0063
coexpress,1,1,0.002681,1.584963,BK0244
coherent,1,1,0.002681,1.584963,BK0013
coincide,1,1,0.002681,1.584963,BK0252
coincided,1,1,0.002681,1.584963,BK0196
coincubation,1,1,0.002681,1.584963,BK0198
col1,1,1,0.002681,1.584963,BK0373
col10,1,1,0.002681,1.584963,BK0185
col2,1,1,0.002681,1.584963,BK0373
collagenous,1,1,0.002681,1.584963,BK0373
collagens,1,1,0.002681,1.584963,BK0308
collated,1,1,0.002681,1.584963,BK0241
colleagues,1,1,0.002681,1.584963,BK0053
collections,1,1,0.002681,1.584963,BK0186
college,1,1,0.002681,1.584963,BK0173
colocalization,1,1,0.002681,1.584963,BK0034
colocalize,1,1,0.002681,1.584963,BK0168
colocalized,1,1,0.002681,1.584963,BK0177
colonocytes,1,1,0.002681,1.584963,BK0101
com,1,1,0.002681,1.584963,BK0099
combat,1,1,0.002681,1.584963,BK0125
combatting,1,1,0.002681,1.584963,BK0054
combine,1,1,0.002681,1.584963,BK0290
combines,1,1,0.002681,1.584963,BK0124
come,1,1,0.002681,1.584963,BK0201
commensal,1,1,0.002681,1.584963,BK0101
commits,1,1,0.002681,1.584963,BK0310
committed,1,1,0.002681,1.584963,BK0200
committee,1,1,0.002681,1.584963,BK0124
communities,1,1,0.002681,1.584963,BK0163
comp,1,1,0.002681,1.584963,BK0150
compaction,1,1,0.002681,1.584963,BK0059
compelling,1,1,0.002681,1.584963,BK0191
compensate,1,1,0.002681,1.584963,BK0365
compensated,1,1,0.002681,1.584963,BK0136
compensation,1,1,0.002681,1.584963,BK0136
compete,1,1,0.002681,1.584963,BK0327
competent,1,1,0.002681,1.584963,BK0218
competes,1,1,0.002681,1.584963,BK0121
competitively,1,1,0.002681,1.584963,BK0041
competitiveness,1,1,0.002681,1.584963,BK0098
complementarily,1,1,0.002681,1.584963,BK0169
complements,1,1,0.002681,1.584963,BK0313
completion,1,1,0.002681,1.584963,BK0142
complicates,1,1,0.002681,1.584963,BK0248
composite,1,1,0.002681,1.584963,BK0257
composites,1,1,0.002681,1.584963,BK0220
comprehensively,1,1,0.002681,1.584963,BK0333
comprise,1,1,0.002681,1.584963,BK0137
compromise,1,1,0.002681,1.584963,BK0230
compromises,1,1,0.002681,1.584963,BK0098
compromising,1,1,0.002681,1.584963,BK0019
computational,1,1,0.002681,1.584963,BK0042
computed,1,1,0.002681,1.584963,BK0003
concanavalin,1,1,0.002681,1.584963,BK0266
concatenated,1,1,0.002681,1.584963,BK0159
concern,1,1,0.002681,1.584963,BK0015
concluded,1,1,0.002681,1.584963,BK0189
concordance,1,1,0.002681,1.584963,BK0003
concordantly,1,1,0.002681,1.584963,BK0020
conditional,1,1,0.002681,1.584963,BK0167
conduct,1,1,0.002681,1.584963,BK0131
conducting,1,1,0.002681,1.584963,BK0031
condylarths,1,1,0.002681,1.584963,BK0199
confident,1,1,0.002681,1.584963,BK0093
confidently,1,1,0.002681,1.584963,BK0294
confocal,1,1,0.002681,1.584963,BK0168
confounded,1,1,0.002681,1.584963,BK0149
confounding,1,1,0.002681,1.584963,BK0186
congenital,1,1,0.002681,1.584963,BK0120
connectivity,1,1,0.002681,1.584963,BK0079
consecutive,1,1,0.002681,1.584963,BK0236
consecutively,1,1,0.002681,1.584963,BK0093
considering,1,1,0.002681,1.584963,BK0212
consisting,1,1,0.002681,1.584963,BK0358
constant,1,1,0.002681,1.584963,BK0188
constituent,1,1,0.002681,1.584963,BK0199
constitutive,1,1,0.002681,1.584963,BK0224
constraint,1,1,0.002681,1.584963,BK0098
constraints,1,1,0.002681,1.584963,BK0187
consultations,1,1,0.002681,1.584963,BK0173
containment,1,1,0.002681,1.584963,BK0298
contested,1,1,0.002681,1.584963,BK0188
contextually,1,1,0.002681,1.584963,BK0185
continue,1,1,0.002681,1.584963,BK0349
continuum,1,1,0.002681,1.584963,BK0116
contractile,1,1,0.002681,1.584963,BK0045
contradictory,1,1,0.002681,1.584963,BK0252
contrasting,1,1,0.002681,1.584963,BK0268
contrasts,1,1,0.002681,1.584963,BK0223
contributor,1,1,0.002681,1.584963,BK0329
contributors,1,1,0.002681,1.584963,BK0114
controversial,1,1,0.002681,1.584963,BK0185
controversially,1,1,0.002681,1.584963,BK0169
convalescence,1,1,0.002681,1.584963,BK0131
convergences,1,1,0.002681,1.584963,BK0199
convergent,1,1,0.002681,1.584963,BK0068
conversation,1,1,0.002681,1.584963,BK0285
converting,1,1,0.002681,1.584963,BK0272
cope,1,1,0.002681,1.584963,BK0075
copolymerized,1,1,0.002681,1.584963,BK0207
copurified,1,1,0.002681,1.584963,BK0311
copying,1,1,0.002681,1.584963,BK0201
coreceptor,1,1,0.002681,1.584963,BK0370
corepressor,1,1,0.002681,1.584963,BK0048
coronavirus,1,1,0.002681,1.584963,BK0080
correction,1,1,0.002681,1.584963,BK0294
correlating,1,1,0.002681,1.584963,BK0141
correlations,1,1,0.002681,1.584963,BK0068
corresponded,1,1,0.002681,1.584963,BK0204
correspondingly,1,1,0.002681,1.584963,BK0253
corroborating,1,1,0.002681,1.584963,BK0360
corroboration,1,1,0.002681,1.584963,BK0360
cortactin,1,1,0.002681,1.584963,BK0322
cost,1,1,0.002681,1.584963,BK0106
costly,1,1,0.002681,1.584963,BK0106
costs,1,1,0.002681,1.584963,BK0106
counteract,1,1,0.002681,1.584963,BK0042
counteracted,1,1,0.002681,1.584963,BK0044
counteracting,1,1,0.002681,1.584963,BK0009
counterpart,1,1,0.002681,1.584963,BK0217
counting,1,1,0.002681,1.584963,BK0274
couple,1,1,0.002681,1.584963,BK0226
course,1,1,0.002681,1.584963,BK0282
cover,1,1,0.002681,1.584963,BK0103
crcs,1,1,0.002681,1.584963,BK0322
create,1,1,0.002681,1.584963,BK0190
creatinine,1,1,0.002681,1.584963,BK0281
credence,1,1,0.002681,1.584963,BK0321
cretaceous,1,1,0.002681,1.584963,BK0199
crevicular,1,1,0.002681,1.584963,BK0151
cristae,1,1,0.002681,1.584963,BK0097
crosslinked,1,1,0.002681,1.584963,BK0113
crown,1,1,0.002681,1.584963,BK0199
crucially,1,1,0.002681,1.584963,BK0200
cryosections,1,1,0.002681,1.584963,BK0005
cryptococcal,1,1,0.002681,1.584963,BK0093
crystallization,1,1,0.002681,1.584963,BK0281
crystallized,1,1,0.002681,1.584963,BK0358
ctnc1,1,1,0.002681,1.584963,BK0181
cuff,1,1,0.002681,1.584963,BK0150
cul1,1,1,0.002681,1.584963,BK0276
cul3,1,1,0.002681,1.584963,BK0029
culprit,1,1,0.002681,1.584963,BK0149
curated,1,1,0.002681,1.584963,BK0186
cured,1,1,0.002681,1.584963,BK0135
currents,1,1,0.002681,1.584963,BK0099
cut,1,1,0.002681,1.584963,BK0241
cutaneous,1,1,0.002681,1.584963,BK0195
cuts,1,1,0.002681,1.584963,BK0361
cyanopyrrolidine,1,1,0.002681,1.584963,BK0018
cyclic,1,1,0.002681,1.584963,BK0181
cyclohexyl,1,1,0.002681,1.584963,BK0290
cyclohydrolase,1,1,0.002681,1.584963,BK0148
cyld1,1,1,0.002681,1.584963,BK0359
cylindroma,1,1,0.002681,1.584963,BK0301
cys,1,1,0.002681,1.584963,BK0002
cys65,1,1,0.002681,1.584963,BK0338
cys77,1,1,0.002681,1.584963,BK0018
cysteines,1,1,0.002681,1.584963,BK0160
cytidines,1,1,0.002681,1.584963,BK0201
cytochromes,1,1,0.002681,1.584963,BK0250
cytokeratin,1,1,0.002681,1.584963,BK0151
cytokinesis,1,1,0.002681,1.584963,BK0060
cytoplasm,1,1,0.002681,1.584963,BK0168
cytoprotection,1,1,0.002681,1.584963,BK0116
cytosine,1,1,0.002681,1.584963,BK0201
d34,1,1,0.002681,1.584963,BK0273
dampen,1,1,0.002681,1.584963,BK0163
dampens,1,1,0.002681,1.584963,BK0092
damps,1,1,0.002681,1.584963,BK0075
danger,1,1,0.002681,1.584963,BK0263
darwin,1,1,0.002681,1.584963,BK0199
databases,1,1,0.002681,1.584963,BK0114
dated,1,1,0.002681,1.584963,BK0185
dates,1,1,0.002681,1.584963,BK0111
dating,1,1,0.002681,1.584963,BK0185
dda,1,1,0.002681,1.584963,BK0046
ddit3,1,1,0.002681,1.584963,BK0055
deacetylases,1,1,0.002681,1.584963,BK0169
deacetylated,1,1,0.002681,1.584963,BK0196
deacetylates,1,1,0.002681,1.584963,BK0347
deal,1,1,0.002681,1.584963,BK0201
deaminase,1,1,0.002681,1.584963,BK0201
debated,1,1,0.002681,1.584963,BK0066
debilitating,1,1,0.002681,1.584963,BK0150
debridements,1,1,0.002681,1.584963,BK0154
debris,1,1,0.002681,1.584963,BK0149
decade,1,1,0.002681,1.584963,BK0034
decay,1,1,0.002681,1.584963,BK0286
decide,1,1,0.002681,1.584963,BK0313
deciphering,1,1,0.002681,1.584963,BK0013
decision,1,1,0.002681,1.584963,BK0278
decisions,1,1,0.002681,1.584963,BK0192
decisively,1,1,0.002681,1.584963,BK0308
decorating,1,1,0.002681,1.584963,BK0311
decreasing,1,1,0.002681,1.584963,BK0068
deduce,1,1,0.002681,1.584963,BK0052
deem,1,1,0.002681,1.584963,BK0047
deeper,1,1,0.002681,1.584963,BK0114
defence,1,1,0.002681,1.584963,BK0282
deficits,1,1,0.002681,1.584963,BK0177
definitive,1,1,0.002681,1.584963,BK0241
degenerate,1,1,0.002681,1.584963,BK0316
degenerative,1,1,0.002681,1.584963,BK0055
degrades,1,1,0.002681,1.584963,BK0324
degrading,1,1,0.002681,1.584963,BK0302
degron,1,1,0.002681,1.584963,BK0146
deiminases,1,1,0.002681,1.584963,BK0181
deiminating,1,1,0.002681,1.584963,BK0206
deisgylates,1,1,0.002681,1.584963,BK0009
delay,1,1,0.002681,1.584963,BK0098
delayed,1,1,0.002681,1.584963,BK0149
delicate,1,1,0.002681,1.584963,BK0028
delineating,1,1,0.002681,1.584963,BK0048
delineation,1,1,0.002681,1.584963,BK0057
deliver,1,1,0.002681,1.584963,BK0089
delivers,1,1,0.002681,1.584963,BK0204
demand,1,1,0.002681,1.584963,BK0297
demands,1,1,0.002681,1.584963,BK0248
dementia,1,1,0.002681,1.584963,BK0020
demo,1,1,0.002681,1.584963,BK0297
demonstrably,1,1,0.002681,1.584963,BK0311
den1,1,1,0.002681,1.584963,BK0354
dentition,1,1,0.002681,1.584963,BK0111
deoxygenase,1,1,0.002681,1.584963,BK0023
depended,1,1,0.002681,1.584963,BK0321
dependence,1,1,0.002681,1.584963,BK0369
depending,1,1,0.002681,1.584963,BK0345
deployed,1,1,0.002681,1.584963,BK0003
deregulated,1,1,0.002681,1.584963,BK0062
derivatisation,1,1,0.002681,1.584963,BK0109
derivatized,1,1,0.002681,1.584963,BK0249
dermal,1,1,0.002681,1.584963,BK0031
describing,1,1,0.002681,1.584963,BK0262
descriptively,1,1,0.002681,1.584963,BK0023
desensitising,1,1,0.002681,1.584963,BK0232
desired,1,1,0.002681,1.584963,BK0096
desmoplakin,1,1,0.002681,1.584963,BK0070
desumoylation,1,1,0.002681,1.584963,BK0354
detail,1,1,0.002681,1.584963,BK0159
detectors,1,1,0.002681,1.584963,BK0159
detergent,1,1,0.002681,1.584963,BK0113
deteriorates,1,1,0.002681,1.584963,BK0086
detrimental,1,1,0.002681,1.584963,BK0150
deubiquitinated,1,1,0.002681,1.584963,BK0177
deubiquitinylases,1,1,0.002681,1.584963,BK0042
deubiquitylases,1,1,0.002681,1.584963,BK0108
deubiquitylates,1,1,0.002681,1.584963,BK0142
deuterium,1,1,0.002681,1.584963,BK0013
deviated,1,1,0.002681,1.584963,BK0368
device,1,1,0.002681,1.584963,BK0149
devised,1,1,0.002681,1.584963,BK0032
devising,1,1,0.002681,1.584963,BK0247
devoid,1,1,0.002681,1.584963,BK0148
dexamethasone,1,1,0.002681,1.584963,BK0251
diacyl,1,1,0.002681,1.584963,BK0094
diacylglycerol,1,1,0.002681,1.584963,BK0094
diacylglycerols,1,1,0.002681,1.584963,BK0094
diagenesis,1,1,0.002681,1.584963,BK0188
dicarboxylic,1,1,0.002681,1.584963,BK0309
dictate,1,1,0.002681,1.584963,BK0233
dictating,1,1,0.002681,1.584963,BK0131
died,1,1,0.002681,1.584963,BK0138
difference,1,1,0.002681,1.584963,BK0206
differentiate,1,1,0.002681,1.584963,BK0116
differently,1,1,0.002681,1.584963,BK0213
differing,1,1,0.002681,1.584963,BK0169
digests,1,1,0.002681,1.584963,BK0159
digital,1,1,0.002681,1.584963,BK0140
digitorum,1,1,0.002681,1.584963,BK0351
digram,1,1,0.002681,1.584963,BK0139
dihydroxylation,1,1,0.002681,1.584963,BK0223
dilution,1,1,0.002681,1.584963,BK0114
dimension,1,1,0.002681,1.584963,BK0171
dimer,1,1,0.002681,1.584963,BK0041
dipeptide,1,1,0.002681,1.584963,BK0339
diphosphate,1,1,0.002681,1.584963,BK0157
direction,1,1,0.002681,1.584963,BK0099
directionality,1,1,0.002681,1.584963,BK0106
directions,1,1,0.002681,1.584963,BK0340
disaccharides,1,1,0.002681,1.584963,BK0008
disappearance,1,1,0.002681,1.584963,BK0185
disappointing,1,1,0.002681,1.584963,BK0145
disassemble,1,1,0.002681,1.584963,BK0064
discriminated,1,1,0.002681,1.584963,BK0063
discriminating,1,1,0.002681,1.584963,BK0093
dishevelled,1,1,0.002681,1.584963,BK0301
disjunction,1,1,0.002681,1.584963,BK0024
disordered,1,1,0.002681,1.584963,BK0300
disorganization,1,1,0.002681,1.584963,BK0083
disorganized,1,1,0.002681,1.584963,BK0083
dispensable,1,1,0.002681,1.584963,BK0119
dispersion,1,1,0.002681,1.584963,BK0118
disproportionately,1,1,0.002681,1.584963,BK0129
disrupting,1,1,0.002681,1.584963,BK0144
dissect,1,1,0.002681,1.584963,BK0332
dissecting,1,1,0.002681,1.584963,BK0005
dissociated,1,1,0.002681,1.584963,BK0352
dissociations,1,1,0.002681,1.584963,BK0370
distance,1,1,0.002681,1.584963,BK0305
distant,1,1,0.002681,1.584963,BK0113
distantly,1,1,0.002681,1.584963,BK0372
distinction,1,1,0.002681,1.584963,BK0254
distinctive,1,1,0.002681,1.584963,BK0049
distinguishable,1,1,0.002681,1.584963,BK0103
distinguished,1,1,0.002681,1.584963,BK0219
distorted,1,1,0.002681,1.584963,BK0195
disturb,1,1,0.002681,1.584963,BK0328
disturbance,1,1,0.002681,1.584963,BK0197
disturbances,1,1,0.002681,1.584963,BK0197
disturbs,1,1,0.002681,1.584963,BK0153
disulfide,1,1,0.002681,1.584963,BK0143
disuse,1,1,0.002681,1.584963,BK0304
diub,1,1,0.002681,1.584963,BK0147
diubiquitin,1,1,0.002681,1.584963,BK0147
divergences,1,1,0.002681,1.584963,BK0369
diversification,1,1,0.002681,1.584963,BK0258
diverted,1,1,0.002681,1.584963,BK0086
diverts,1,1,0.002681,1.584963,BK0048
divinylbenzene,1,1,0.002681,1.584963,BK0337
dix,1,1,0.002681,1.584963,BK0301
dnascent,1,1,0.002681,1.584963,BK0099
docking,1,1,0.002681,1.584963,BK0042
docks,1,1,0.002681,1.584963,BK0194
docosahexaenoic,1,1,0.002681,1.584963,BK0166
documented,1,1,0.002681,1.584963,BK0232
dominance,1,1,0.002681,1.584963,BK0217
dominantly,1,1,0.002681,1.584963,BK0214
dominated,1,1,0.002681,1.584963,BK0333
donut,1,1,0.002681,1.584963,BK0358
dorsal,1,1,0.002681,1.584963,BK0017
dosage,1,1,0.002681,1.584963,BK0299
dose,1,1,0.002681,1.584963,BK0299
doubled,1,1,0.002681,1.584963,BK0129
downregulating,1,1,0.002681,1.584963,BK0198
doxorubicin,1,1,0.002681,1.584963,BK0261
drg,1,1,0.002681,1.584963,BK0143
droplet,1,1,0.002681,1.584963,BK0140
droplets,1,1,0.002681,1.584963,BK0094
druggability,1,1,0.002681,1.584963,BK0096
dry,1,1,0.002681,1.584963,BK0343
dtx1,1,1,0.002681,1.584963,BK0033
dtx2,1,1,0.002681,1.584963,BK0033
dtx3,1,1,0.002681,1.584963,BK0033
dtx4,1,1,0.002681,1.584963,BK0033
dubbing,1,1,0.002681,1.584963,BK0179
duplication,1,1,0.002681,1.584963,BK0126
duty,1,1,0.002681,1.584963,BK0222
dvc1,1,1,0.002681,1.584963,BK0184
dyes,1,1,0.002681,1.584963,BK0258
dynein,1,1,0.002681,1.584963,BK0170
dysregulates,1,1,0.002681,1.584963,BK0058
dystrophy,1,1,0.002681,1.584963,BK0016
eastern,1,1,0.002681,1.584963,BK0124
ecfcs,1,1,0.002681,1.584963,BK0164
editing,1,1,0.002681,1.584963,BK0089
edta,1,1,0.002681,1.584963,BK0186
edu,1,1,0.002681,1.584963,BK0222
effected,1,1,0.002681,1.584963,BK0358
effectiveness,1,1,0.002681,1.584963,BK0154
effectors,1,1,0.002681,1.584963,BK0102
efficiencies,1,1,0.002681,1.584963,BK0142
egf,1,1,0.002681,1.584963,BK0322
eicosanoids,1,1,0.002681,1.584963,BK0043
eif2,1,1,0.002681,1.584963,BK0065
ejaculates,1,1,0.002681,1.584963,BK0106
ejection,1,1,0.002681,1.584963,BK0098
el4,1,1,0.002681,1.584963,BK0359
elastin,1,1,0.002681,1.584963,BK0150
electrical,1,1,0.002681,1.584963,BK0160
electro,1,1,0.002681,1.584963,BK0241
electronics,1,1,0.002681,1.584963,BK0222
electrophiles,1,1,0.002681,1.584963,BK0103
elegans,1,1,0.002681,1.584963,BK0372
element,1,1,0.002681,1.584963,BK0062
elephants,1,1,0.002681,1.584963,BK0199
elevating,1,1,0.002681,1.584963,BK0032
eliciting,1,1,0.002681,1.584963,BK0217
elife,1,1,0.002681,1.584963,BK0262
eligible,1,1,0.002681,1.584963,BK0172
eliminating,1,1,0.002681,1.584963,BK0304
elimination,1,1,0.002681,1.584963,BK0300
elispot,1,1,0.002681,1.584963,BK0333
elongated,1,1,0.002681,1.584963,BK0209
elongin,1,1,0.002681,1.584963,BK0291
eluates,1,1,0.002681,1.584963,BK0311
elucidates,1,1,0.002681,1.584963,BK0090
embedded,1,1,0.002681,1.584963,BK0085
emerges,1,1,0.002681,1.584963,BK0174
empai,1,1,0.002681,1.584963,BK0274
employ,1,1,0.002681,1.584963,BK0039
employs,1,1,0.002681,1.584963,BK0270
encodes,1,1,0.002681,1.584963,BK0314
encompassing,1,1,0.002681,1.584963,BK0011
endarterectomy,1,1,0.002681,1.584963,BK0294
endocrine,1,1,0.002681,1.584963,BK0129
endocytic,1,1,0.002681,1.584963,BK0240
endod1,1,1,0.002681,1.584963,BK0085
endoglin,1,1,0.002681,1.584963,BK0263
endoplasmatic,1,1,0.002681,1.584963,BK0275
endotoxin,1,1,0.002681,1.584963,BK0220
endowed,1,1,0.002681,1.584963,BK0252
endpoint,1,1,0.002681,1.584963,BK0172
engaged,1,1,0.002681,1.584963,BK0103
engages,1,1,0.002681,1.584963,BK0157
england,1,1,0.002681,1.584963,BK0111
enigma,1,1,0.002681,1.584963,BK0168
enigmatic,1,1,0.002681,1.584963,BK0050
enlargements,1,1,0.002681,1.584963,BK0362
enough,1,1,0.002681,1.584963,BK0103
enrich,1,1,0.002681,1.584963,BK0002
ensemble,1,1,0.002681,1.584963,BK0113
ensuing,1,1,0.002681,1.584963,BK0126
ensured,1,1,0.002681,1.584963,BK0135
ensures,1,1,0.002681,1.584963,BK0117
enterocolitica,1,1,0.002681,1.584963,BK0306
enthesitis,1,1,0.002681,1.584963,BK0255
entirely,1,1,0.002681,1.584963,BK0228
entitled,1,1,0.002681,1.584963,BK0256
envelopes,1,1,0.002681,1.584963,BK0217
envenomation,1,1,0.002681,1.584963,BK0173
enzymatically,1,1,0.002681,1.584963,BK0178
epigenetically,1,1,0.002681,1.584963,BK0201
epigenome,1,1,0.002681,1.584963,BK0201
epigenomics,1,1,0.002681,1.584963,BK0295
epilepsy,1,1,0.002681,1.584963,BK0017
episodes,1,1,0.002681,1.584963,BK0088
epoxomicin,1,1,0.002681,1.584963,BK0212
epsilon,1,1,0.002681,1.584963,BK0313
equal,1,1,0.002681,1.584963,BK0161
equally,1,1,0.002681,1.584963,BK0137
equipped,1,1,0.002681,1.584963,BK0354
equivalent,1,1,0.002681,1.584963,BK0188
equivalents,1,1,0.002681,1.584963,BK0356
era,1,1,0.002681,1.584963,BK0197
eraap,1,1,0.002681,1.584963,BK0053
eradicating,1,1,0.002681,1.584963,BK0154
eradication,1,1,0.002681,1.584963,BK0176
erase,1,1,0.002681,1.584963,BK0169
erasers,1,1,0.002681,1.584963,BK0067
erk,1,1,0.002681,1.584963,BK0310
erode,1,1,0.002681,1.584963,BK0190
error,1,1,0.002681,1.584963,BK0269
erythematosus,1,1,0.002681,1.584963,BK0255
erythropoeisis,1,1,0.002681,1.584963,BK0300
es10,1,1,0.002681,1.584963,BK0074
escrt,1,1,0.002681,1.584963,BK0102
especially,1,1,0.002681,1.584963,BK0343
essentially,1,1,0.002681,1.584963,BK0370
establishes,1,1,0.002681,1.584963,BK0073
establishment,1,1,0.002681,1.584963,BK0345
esters,1,1,0.002681,1.584963,BK0117
estimate,1,1,0.002681,1.584963,BK0124
estimates,1,1,0.002681,1.584963,BK0274
estimations,1,1,0.002681,1.584963,BK0111
estrogen,1,1,0.002681,1.584963,BK0077
ethnicity,1,1,0.002681,1.584963,BK0173
ethylene,1,1,0.002681,1.584963,BK0189
eucomm,1,1,0.002681,1.584963,BK0246
europe,1,1,0.002681,1.584963,BK0185
european,1,1,0.002681,1.584963,BK0124
euthanized,1,1,0.002681,1.584963,BK0171
euungulates,1,1,0.002681,1.584963,BK0199
evade,1,1,0.002681,1.584963,BK0326
evaluable,1,1,0.002681,1.584963,BK0172
ever,1,1,0.002681,1.584963,BK0199
every,1,1,0.002681,1.584963,BK0271
evolutionarily,1,1,0.002681,1.584963,BK0199
evolved,1,1,0.002681,1.584963,BK0163
exacerbate,1,1,0.002681,1.584963,BK0013
examination,1,1,0.002681,1.584963,BK0168
excavated,1,1,0.002681,1.584963,BK0111
exceed,1,1,0.002681,1.584963,BK0154
exceptions,1,1,0.002681,1.584963,BK0369
exchanging,1,1,0.002681,1.584963,BK0172
excitation,1,1,0.002681,1.584963,BK0006
excluded,1,1,0.002681,1.584963,BK0111
excludes,1,1,0.002681,1.584963,BK0121
executioner,1,1,0.002681,1.584963,BK0041
exhausted,1,1,0.002681,1.584963,BK0007
exo1,1,1,0.002681,1.584963,BK0026
exocrine,1,1,0.002681,1.584963,BK0299
exosomal,1,1,0.002681,1.584963,BK0263
expenditure,1,1,0.002681,1.584963,BK0106
expense,1,1,0.002681,1.584963,BK0086
experienced,1,1,0.002681,1.584963,BK0053
explained,1,1,0.002681,1.584963,BK0183
explaining,1,1,0.002681,1.584963,BK0157
explicit,1,1,0.002681,1.584963,BK0238
exploitable,1,1,0.002681,1.584963,BK0283
exploratory,1,1,0.002681,1.584963,BK0023
explores,1,1,0.002681,1.584963,BK0145
exponential,1,1,0.002681,1.584963,BK0246
exponentially,1,1,0.002681,1.584963,BK0274
exporter,1,1,0.002681,1.584963,BK0022
exports,1,1,0.002681,1.584963,BK0022
exposes,1,1,0.002681,1.584963,BK0106
exposures,1,1,0.002681,1.584963,BK0015
expresses,1,1,0.002681,1.584963,BK0125
expulsion,1,1,0.002681,1.584963,BK0300
exquisite,1,1,0.002681,1.584963,BK0233
extends,1,1,0.002681,1.584963,BK0242
extensor,1,1,0.002681,1.584963,BK0351
exterior,1,1,0.002681,1.584963,BK0183
extinct,1,1,0.002681,1.584963,BK0199
extreme,1,1,0.002681,1.584963,BK0116
extremes,1,1,0.002681,1.584963,BK0116
facing,1,1,0.002681,1.584963,BK0248
factorial,1,1,0.002681,1.584963,BK0021
fails,1,1,0.002681,1.584963,BK0170
fanconi,1,1,0.002681,1.584963,BK0130
fasciotomy,1,1,0.002681,1.584963,BK0161
fasted,1,1,0.002681,1.584963,BK0129
fat,1,1,0.002681,1.584963,BK0129
fatality,1,1,0.002681,1.584963,BK0173
fates,1,1,0.002681,1.584963,BK0175
fbxl10,1,1,0.002681,1.584963,BK0262
fbxl11,1,1,0.002681,1.584963,BK0270
fdft1,1,1,0.002681,1.584963,BK0117
feasible,1,1,0.002681,1.584963,BK0322
fed,1,1,0.002681,1.584963,BK0189
feeding,1,1,0.002681,1.584963,BK0064
fellowship,1,1,0.002681,1.584963,BK0173
femtomole,1,1,0.002681,1.584963,BK0109
ferritin,1,1,0.002681,1.584963,BK0308
fertile,1,1,0.002681,1.584963,BK0246
fetuin,1,1,0.002681,1.584963,BK0263
fgl1,1,1,0.002681,1.584963,BK0014
fiber,1,1,0.002681,1.584963,BK0178
fibrils,1,1,0.002681,1.584963,BK0150
fide,1,1,0.002681,1.584963,BK0224
fields,1,1,0.002681,1.584963,BK0212
fifteen,1,1,0.002681,1.584963,BK0261
fifty,1,1,0.002681,1.584963,BK0173
filament,1,1,0.002681,1.584963,BK0209
filamin,1,1,0.002681,1.584963,BK0108
filopodia,1,1,0.002681,1.584963,BK0305
filtering,1,1,0.002681,1.584963,BK0186
filterwire,1,1,0.002681,1.584963,BK0149
fin,1,1,0.002681,1.584963,BK0055
final,1,1,0.002681,1.584963,BK0343
fingerprint,1,1,0.002681,1.584963,BK0060
fingolimod,1,1,0.002681,1.584963,BK0022
fl8,1,1,0.002681,1.584963,BK0289
flgkiwpsykgrpgnf,1,1,0.002681,1.584963,BK0125
flj26957,1,1,0.002681,1.584963,BK0119
fluctuations,1,1,0.002681,1.584963,BK0117
fluids,1,1,0.002681,1.584963,BK0171
fluorescence,1,1,0.002681,1.584963,BK0258
fluorescently,1,1,0.002681,1.584963,BK0314
fluorinated,1,1,0.002681,1.584963,BK0187
fluorogenic,1,1,0.002681,1.584963,BK0364
focussed,1,1,0.002681,1.584963,BK0067
focussing,1,1,0.002681,1.584963,BK0282
folded,1,1,0.002681,1.584963,BK0328
follows,1,1,0.002681,1.584963,BK0205
food,1,1,0.002681,1.584963,BK0339
force,1,1,0.002681,1.584963,BK0045
format,1,1,0.002681,1.584963,BK0056
former,1,1,0.002681,1.584963,BK0281
formerly,1,1,0.002681,1.584963,BK0322
formulations,1,1,0.002681,1.584963,BK0161
founder,1,1,0.002681,1.584963,BK0129
founding,1,1,0.002681,1.584963,BK0252
fourth,1,1,0.002681,1.584963,BK0362
foxo1,1,1,0.002681,1.584963,BK0007
fractionating,1,1,0.002681,1.584963,BK0318
frames,1,1,0.002681,1.584963,BK0352
frequencies,1,1,0.002681,1.584963,BK0015
freshly,1,1,0.002681,1.584963,BK0345
friend,1,1,0.002681,1.584963,BK0001
frizzled,1,1,0.002681,1.584963,BK0301
frontline,1,1,0.002681,1.584963,BK0090
frontotemporal,1,1,0.002681,1.584963,BK0020
fructosamine,1,1,0.002681,1.584963,BK0171
fructose,1,1,0.002681,1.584963,BK0239
ft3967385,1,1,0.002681,1.584963,BK0092
ft827,1,1,0.002681,1.584963,BK0165
ftd,1,1,0.002681,1.584963,BK0020
fulfils,1,1,0.002681,1.584963,BK0090
functionalities,1,1,0.002681,1.584963,BK0085
functionalizable,1,1,0.002681,1.584963,BK0258
functioned,1,1,0.002681,1.584963,BK0161
functioning,1,1,0.002681,1.584963,BK0285
fund,1,1,0.002681,1.584963,BK0124
funding,1,1,0.002681,1.584963,BK0124
fus,1,1,0.002681,1.584963,BK0317
fused,1,1,0.002681,1.584963,BK0192
fusobacterium,1,1,0.002681,1.584963,BK0163
gabpa,1,1,0.002681,1.584963,BK0084
gadd34,1,1,0.002681,1.584963,BK0065
gal1,1,1,0.002681,1.584963,BK0296
gallbladder,1,1,0.002681,1.584963,BK0267
gambia,1,1,0.002681,1.584963,BK0241
ganglion,1,1,0.002681,1.584963,BK0017
gap,1,1,0.002681,1.584963,BK0031
garnered,1,1,0.002681,1.584963,BK0028
gastrocnemius,1,1,0.002681,1.584963,BK0329
gated,1,1,0.002681,1.584963,BK0360
gatekeeper,1,1,0.002681,1.584963,BK0261
gels,1,1,0.002681,1.584963,BK0308
gelsolin,1,1,0.002681,1.584963,BK0124
gender,1,1,0.002681,1.584963,BK0173
genemarks,1,1,0.002681,1.584963,BK0352
genera,1,1,0.002681,1.584963,BK0199
generalisable,1,1,0.002681,1.584963,BK0006
generations,1,1,0.002681,1.584963,BK0295
generic,1,1,0.002681,1.584963,BK0055
genetics,1,1,0.002681,1.584963,BK0290
genomics,1,1,0.002681,1.584963,BK0199
genotype,1,1,0.002681,1.584963,BK0135
genus,1,1,0.002681,1.584963,BK0185
geometry,1,1,0.002681,1.584963,BK0042
ggta1,1,1,0.002681,1.584963,BK0260
ghosts,1,1,0.002681,1.584963,BK0300
gingipains,1,1,0.002681,1.584963,BK0151
gingival,1,1,0.002681,1.584963,BK0151
git,1,1,0.002681,1.584963,BK0099
git1,1,1,0.002681,1.584963,BK0322
github,1,1,0.002681,1.584963,BK0099
giving,1,1,0.002681,1.584963,BK0321
gli,1,1,0.002681,1.584963,BK0192
gli1,1,1,0.002681,1.584963,BK0192
glia,1,1,0.002681,1.584963,BK0082
glial,1,1,0.002681,1.584963,BK0020
glioma,1,1,0.002681,1.584963,BK0004
globally,1,1,0.002681,1.584963,BK0219
globe,1,1,0.002681,1.584963,BK0181
globulin,1,1,0.002681,1.584963,BK0263
glomerular,1,1,0.002681,1.584963,BK0008
glucocorticoids,1,1,0.002681,1.584963,BK0304
gluconate,1,1,0.002681,1.584963,BK0008
glucotoxicity,1,1,0.002681,1.584963,BK0303
glutathione,1,1,0.002681,1.584963,BK0148
gluzincin,1,1,0.002681,1.584963,BK0275
gly,1,1,0.002681,1.584963,BK0147
gly76,1,1,0.002681,1.584963,BK0147
glyceraldehyde,1,1,0.002681,1.584963,BK0229
glycerol,1,1,0.002681,1.584963,BK0094
glycine,1,1,0.002681,1.584963,BK0313
glycogen,1,1,0.002681,1.584963,BK0208
glycol,1,1,0.002681,1.584963,BK0189
gmpr,1,1,0.002681,1.584963,BK0160
gold,1,1,0.002681,1.584963,BK0266
gordon,1,1,0.002681,1.584963,BK0124
gorge,1,1,0.002681,1.584963,BK0188
gorlin,1,1,0.002681,1.584963,BK0192
governing,1,1,0.002681,1.584963,BK0017
gprin1,1,1,0.002681,1.584963,BK0134
gpvi,1,1,0.002681,1.584963,BK0108
graded,1,1,0.002681,1.584963,BK0286
grading,1,1,0.002681,1.584963,BK0230
gradually,1,1,0.002681,1.584963,BK0064
grants,1,1,0.002681,1.584963,BK0124
granulocyte,1,1,0.002681,1.584963,BK0175
granulomatous,1,1,0.002681,1.584963,BK0050
graphic,1,1,0.002681,1.584963,BK0238
graphical,1,1,0.002681,1.584963,BK0222
great,1,1,0.002681,1.584963,BK0324
green,1,1,0.002681,1.584963,BK0223
groundwork,1,1,0.002681,1.584963,BK0006
growing,1,1,0.002681,1.584963,BK0087
grows,1,1,0.002681,1.584963,BK0297
guidelines,1,1,0.002681,1.584963,BK0254
gynaecological,1,1,0.002681,1.584963,BK0078
habituation,1,1,0.002681,1.584963,BK0247
haematological,1,1,0.002681,1.584963,BK0283
haemolysis,1,1,0.002681,1.584963,BK0138
haemophilus,1,1,0.002681,1.584963,BK0360
haemorrhage,1,1,0.002681,1.584963,BK0138
haga,1,1,0.002681,1.584963,BK0163
hairpin,1,1,0.002681,1.584963,BK0104
half,1,1,0.002681,1.584963,BK0077
hampers,1,1,0.002681,1.584963,BK0159
handle,1,1,0.002681,1.584963,BK0307
hapten,1,1,0.002681,1.584963,BK0366
harbors,1,1,0.002681,1.584963,BK0194
harm,1,1,0.002681,1.584963,BK0300
harmful,1,1,0.002681,1.584963,BK0086
harnessed,1,1,0.002681,1.584963,BK0038
hazards,1,1,0.002681,1.584963,BK0027
hdac1,1,1,0.002681,1.584963,BK0121
hdac2,1,1,0.002681,1.584963,BK0121
hdaci,1,1,0.002681,1.584963,BK0158
hdm2,1,1,0.002681,1.584963,BK0251
headways,1,1,0.002681,1.584963,BK0091
healing,1,1,0.002681,1.584963,BK0003
hect,1,1,0.002681,1.584963,BK0012
hecth9,1,1,0.002681,1.584963,BK0318
hek,1,1,0.002681,1.584963,BK0309
helical,1,1,0.002681,1.584963,BK0321
helminths,1,1,0.002681,1.584963,BK0072
helped,1,1,0.002681,1.584963,BK0057
helping,1,1,0.002681,1.584963,BK0183
hematogenous,1,1,0.002681,1.584963,BK0172
hematological,1,1,0.002681,1.584963,BK0179
hemochromatosis,1,1,0.002681,1.584963,BK0314
hemopexin,1,1,0.002681,1.584963,BK0241
hemorrhagic,1,1,0.002681,1.584963,BK0197
hep2,1,1,0.002681,1.584963,BK0282
hepatotoxicity,1,1,0.002681,1.584963,BK0161
herbimycin,1,1,0.002681,1.584963,BK0367
hereby,1,1,0.002681,1.584963,BK0046
heritable,1,1,0.002681,1.584963,BK0180
herpesvirus,1,1,0.002681,1.584963,BK0338
hete,1,1,0.002681,1.584963,BK0043
heteroclitic,1,1,0.002681,1.584963,BK0369
heterodimeric,1,1,0.002681,1.584963,BK0220
heterologous,1,1,0.002681,1.584963,BK0343
heterotrimer,1,1,0.002681,1.584963,BK0217
heterotrimers,1,1,0.002681,1.584963,BK0217
hexanucleotide,1,1,0.002681,1.584963,BK0082
hierarchy,1,1,0.002681,1.584963,BK0215
hif2,1,1,0.002681,1.584963,BK0208
hijacks,1,1,0.002681,1.584963,BK0054
hinders,1,1,0.002681,1.584963,BK0233
hindlimb,1,1,0.002681,1.584963,BK0304
hinge,1,1,0.002681,1.584963,BK0185
histidine,1,1,0.002681,1.584963,BK0195
histidyl,1,1,0.002681,1.584963,BK0264
histological,1,1,0.002681,1.584963,BK0070
historical,1,1,0.002681,1.584963,BK0174
hmga2,1,1,0.002681,1.584963,BK0011
hnrnpa1,1,1,0.002681,1.584963,BK0005
hnscc,1,1,0.002681,1.584963,BK0065
holdout,1,1,0.002681,1.584963,BK0003
holds,1,1,0.002681,1.584963,BK0186
home,1,1,0.002681,1.584963,BK0163
hominins,1,1,0.002681,1.584963,BK0185
homodimerization,1,1,0.002681,1.584963,BK0144
homoeostasis,1,1,0.002681,1.584963,BK0228
homogeneous,1,1,0.002681,1.584963,BK0014
homologies,1,1,0.002681,1.584963,BK0356
homotypic,1,1,0.002681,1.584963,BK0073
hope,1,1,0.002681,1.584963,BK0057
horizontal,1,1,0.002681,1.584963,BK0168
horn,1,1,0.002681,1.584963,BK0020
horse,1,1,0.002681,1.584963,BK0150
hp95,1,1,0.002681,1.584963,BK0331
hps,1,1,0.002681,1.584963,BK0050
hps1,1,1,0.002681,1.584963,BK0050
hrs,1,1,0.002681,1.584963,BK0303
hscs,1,1,0.002681,1.584963,BK0200
hsp10,1,1,0.002681,1.584963,BK0303
hsp100,1,1,0.002681,1.584963,BK0358
hspcs,1,1,0.002681,1.584963,BK0200
hub,1,1,0.002681,1.584963,BK0068
hucd46,1,1,0.002681,1.584963,BK0260
hunter,1,1,0.002681,1.584963,BK0049
huntingtin,1,1,0.002681,1.584963,BK0153
hyaluronate,1,1,0.002681,1.584963,BK0259
hyaluronidase,1,1,0.002681,1.584963,BK0333
hybridization,1,1,0.002681,1.584963,BK0372
hydrogen,1,1,0.002681,1.584963,BK0013
hydrolyses,1,1,0.002681,1.584963,BK0090
hydrolytic,1,1,0.002681,1.584963,BK0338
hydrolyzes,1,1,0.002681,1.584963,BK0115
hydrolyzing,1,1,0.002681,1.584963,BK0364
hydroxy,1,1,0.002681,1.584963,BK0277
hydroxybutyrate,1,1,0.002681,1.584963,BK0171
hydroxyeicosatetraenoic,1,1,0.002681,1.584963,BK0043
hydroxylate,1,1,0.002681,1.584963,BK0224
hydroxyproline,1,1,0.002681,1.584963,BK0328
hydroxyquinoline,1,1,0.002681,1.584963,BK0270
hydroxyurea,1,1,0.002681,1.584963,BK0178
hydroxyvitamin,1,1,0.002681,1.584963,BK0257
hyou1,1,1,0.002681,1.584963,BK0164
hyperactivation,1,1,0.002681,1.584963,BK0019
hyperactive,1,1,0.002681,1.584963,BK0301
hypercoagulability,1,1,0.002681,1.584963,BK0138
hypersensitive,1,1,0.002681,1.584963,BK0184
hyperubiquitination,1,1,0.002681,1.584963,BK0301
hypervariable,1,1,0.002681,1.584963,BK0217
hypoadiponectinemia,1,1,0.002681,1.584963,BK0198
hypoglycemia,1,1,0.002681,1.584963,BK0129
hypophosphorylated,1,1,0.002681,1.584963,BK0280
hypothesise,1,1,0.002681,1.584963,BK0263
hypoxanthine,1,1,0.002681,1.584963,BK0239
iaps,1,1,0.002681,1.584963,BK0041
icosl,1,1,0.002681,1.584963,BK0102
ideal,1,1,0.002681,1.584963,BK0200
ideas,1,1,0.002681,1.584963,BK0238
identical,1,1,0.002681,1.584963,BK0200
identities,1,1,0.002681,1.584963,BK0331
idiopathic,1,1,0.002681,1.584963,BK0018
ids,1,1,0.002681,1.584963,BK0159
idu,1,1,0.002681,1.584963,BK0235
igf1,1,1,0.002681,1.584963,BK0129
igfbp2,1,1,0.002681,1.584963,BK0129
igfbp3,1,1,0.002681,1.584963,BK0129
ikappab,1,1,0.002681,1.584963,BK0316
ile44,1,1,0.002681,1.584963,BK0193
illuminate,1,1,0.002681,1.584963,BK0022
illustrate,1,1,0.002681,1.584963,BK0174
ima,1,1,0.002681,1.584963,BK0198
images,1,1,0.002681,1.584963,BK0308
imas,1,1,0.002681,1.584963,BK0198
immuno,1,1,0.002681,1.584963,BK0053
immunoaffinity,1,1,0.002681,1.584963,BK0205
immunochemical,1,1,0.002681,1.584963,BK0089
immunodeficient,1,1,0.002681,1.584963,BK0119
immunogens,1,1,0.002681,1.584963,BK0217
immunohistology,1,1,0.002681,1.584963,BK0311
immunolabeled,1,1,0.002681,1.584963,BK0005
immunome,1,1,0.002681,1.584963,BK0131
immunometabolic,1,1,0.002681,1.584963,BK0097
immunometabolism,1,1,0.002681,1.584963,BK0050
immunopathology,1,1,0.002681,1.584963,BK0234
immunophenotyping,1,1,0.002681,1.584963,BK0210
immunoprecipitated,1,1,0.002681,1.584963,BK0218
immunoproteasomal,1,1,0.002681,1.584963,BK0289
immunoproteasomes,1,1,0.002681,1.584963,BK0342
immunoreactivities,1,1,0.002681,1.584963,BK0128
immunoreactivity,1,1,0.002681,1.584963,BK0177
immunostaining,1,1,0.002681,1.584963,BK0229
impacted,1,1,0.002681,1.584963,BK0028
impair,1,1,0.002681,1.584963,BK0016
impairing,1,1,0.002681,1.584963,BK0153
impeding,1,1,0.002681,1.584963,BK0320
imperative,1,1,0.002681,1.584963,BK0104
impinge,1,1,0.002681,1.584963,BK0310
implantation,1,1,0.002681,1.584963,BK0078
implement,1,1,0.002681,1.584963,BK0113
implementation,1,1,0.002681,1.584963,BK0049
implicitly,1,1,0.002681,1.584963,BK0238
import,1,1,0.002681,1.584963,BK0092
imported,1,1,0.002681,1.584963,BK0001
improvements,1,1,0.002681,1.584963,BK0199
inaccessible,1,1,0.002681,1.584963,BK0155
inappropriate,1,1,0.002681,1.584963,BK0190
inbred,1,1,0.002681,1.584963,BK0221
incline,1,1,0.002681,1.584963,BK0369
incoming,1,1,0.002681,1.584963,BK0204
incompatible,1,1,0.002681,1.584963,BK0072
incomplete,1,1,0.002681,1.584963,BK0059
inconsistent,1,1,0.002681,1.584963,BK0202
incorporate,1,1,0.002681,1.584963,BK0305
incorporating,1,1,0.002681,1.584963,BK0274
incurable,1,1,0.002681,1.584963,BK0267
indeed,1,1,0.002681,1.584963,BK0330
indel,1,1,0.002681,1.584963,BK0048
indications,1,1,0.002681,1.584963,BK0044
indicator,1,1,0.002681,1.584963,BK0010
indispensable,1,1,0.002681,1.584963,BK0135
individually,1,1,0.002681,1.584963,BK0021
inducer,1,1,0.002681,1.584963,BK0134
ineffective,1,1,0.002681,1.584963,BK0037
inert,1,1,0.002681,1.584963,BK0117
inexpensive,1,1,0.002681,1.584963,BK0037
infer,1,1,0.002681,1.584963,BK0114
infertile,1,1,0.002681,1.584963,BK0086
inflamed,1,1,0.002681,1.584963,BK0341
influenzae,1,1,0.002681,1.584963,BK0360
informed,1,1,0.002681,1.584963,BK0063
infrequent,1,1,0.002681,1.584963,BK0172
ingested,1,1,0.002681,1.584963,BK0201
injected,1,1,0.002681,1.584963,BK0371
innovation,1,1,0.002681,1.584963,BK0013
inos,1,1,0.002681,1.584963,BK0112
inosine,1,1,0.002681,1.584963,BK0166
inroad,1,1,0.002681,1.584963,BK0241
inselspital,1,1,0.002681,1.584963,BK0023
insertase,1,1,0.002681,1.584963,BK0117
inserted,1,1,0.002681,1.584963,BK0325
insertions,1,1,0.002681,1.584963,BK0048
inspection,1,1,0.002681,1.584963,BK0100
instigates,1,1,0.002681,1.584963,BK0301
instrument,1,1,0.002681,1.584963,BK0120
insufficiency,1,1,0.002681,1.584963,BK0171
insult,1,1,0.002681,1.584963,BK0161
insuring,1,1,0.002681,1.584963,BK0285
integral,1,1,0.002681,1.584963,BK0174
integrating,1,1,0.002681,1.584963,BK0149
intelligence,1,1,0.002681,1.584963,BK0003
intensively,1,1,0.002681,1.584963,BK0168
intention,1,1,0.002681,1.584963,BK0371
intentional,1,1,0.002681,1.584963,BK0173
interacted,1,1,0.002681,1.584963,BK0177
intercrossed,1,1,0.002681,1.584963,BK0129
interdomain,1,1,0.002681,1.584963,BK0275
interesting,1,1,0.002681,1.584963,BK0129
interfered,1,1,0.002681,1.584963,BK0306
interleukins,1,1,0.002681,1.584963,BK0182
intermediary,1,1,0.002681,1.584963,BK0291
internalized,1,1,0.002681,1.584963,BK0349
international,1,1,0.002681,1.584963,BK0172
interrogating,1,1,0.002681,1.584963,BK0162
interview,1,1,0.002681,1.584963,BK0117
intolerance,1,1,0.002681,1.584963,BK0160
intra,1,1,0.002681,1.584963,BK0043
intramodular,1,1,0.002681,1.584963,BK0068
intraspecific,1,1,0.002681,1.584963,BK0021
intratumoral,1,1,0.002681,1.584963,BK0036
intravasation,1,1,0.002681,1.584963,BK0113
intravenous,1,1,0.002681,1.584963,BK0161
intriguing,1,1,0.002681,1.584963,BK0308
introduces,1,1,0.002681,1.584963,BK0340
invade,1,1,0.002681,1.584963,BK0126
invaluable,1,1,0.002681,1.584963,BK0046
invention,1,1,0.002681,1.584963,BK0227
inventory,1,1,0.002681,1.584963,BK0150
invest,1,1,0.002681,1.584963,BK0021
investing,1,1,0.002681,1.584963,BK0248
investment,1,1,0.002681,1.584963,BK0106
invoke,1,1,0.002681,1.584963,BK0216
iododeoxyuridine,1,1,0.002681,1.584963,BK0235
iqr,1,1,0.002681,1.584963,BK0023
irg1,1,1,0.002681,1.584963,BK0133
irregularities,1,1,0.002681,1.584963,BK0352
irreplaceable,1,1,0.002681,1.584963,BK0347
irreversible,1,1,0.002681,1.584963,BK0229
irs1,1,1,0.002681,1.584963,BK0129
isgylome,1,1,0.002681,1.584963,BK0062
isogenic,1,1,0.002681,1.584963,BK0036
isolating,1,1,0.002681,1.584963,BK0120
isomers,1,1,0.002681,1.584963,BK0008
isotopic,1,1,0.002681,1.584963,BK0286
isotopically,1,1,0.002681,1.584963,BK0187
isozyme,1,1,0.002681,1.584963,BK0027
itch,1,1,0.002681,1.584963,BK0236
items,1,1,0.002681,1.584963,BK0139
itih4,1,1,0.002681,1.584963,BK0081
jagged,1,1,0.002681,1.584963,BK0326
jmjd4,1,1,0.002681,1.584963,BK0226
jobs,1,1,0.002681,1.584963,BK0297
josd1,1,1,0.002681,1.584963,BK0033
jund,1,1,0.002681,1.584963,BK0334
juxtaposing,1,1,0.002681,1.584963,BK0041
k533,1,1,0.002681,1.584963,BK0344
k544,1,1,0.002681,1.584963,BK0344
k556,1,1,0.002681,1.584963,BK0344
k63,1,1,0.002681,1.584963,BK0234
kaplan,1,1,0.002681,1.584963,BK0027
kdm,1,1,0.002681,1.584963,BK0105
kdm2,1,1,0.002681,1.584963,BK0156
keep,1,1,0.002681,1.584963,BK0100
kelch,1,1,0.002681,1.584963,BK0048
kennedy,1,1,0.002681,1.584963,BK0208
killer,1,1,0.002681,1.584963,BK0010
kilobases,1,1,0.002681,1.584963,BK0099
kilodalton,1,1,0.002681,1.584963,BK0315
kinetic,1,1,0.002681,1.584963,BK0286
kit,1,1,0.002681,1.584963,BK0248
kpb,1,1,0.002681,1.584963,BK0373
kynurenine,1,1,0.002681,1.584963,BK0023
labelled,1,1,0.002681,1.584963,BK0314
labels,1,1,0.002681,1.584963,BK0364
lacosamide,1,1,0.002681,1.584963,BK0134
lacz,1,1,0.002681,1.584963,BK0246
lamin,1,1,0.002681,1.584963,BK0308
laminin,1,1,0.002681,1.584963,BK0308
lamtor1,1,1,0.002681,1.584963,BK0097
laparoscopy,1,1,0.002681,1.584963,BK0292
larvae,1,1,0.002681,1.584963,BK0055
last,1,1,0.002681,1.584963,BK0337
lat1,1,1,0.002681,1.584963,BK0134
lately,1,1,0.002681,1.584963,BK0032
latest,1,1,0.002681,1.584963,BK0152
laurasiatheria,1,1,0.002681,1.584963,BK0199
lay,1,1,0.002681,1.584963,BK0295
laying,1,1,0.002681,1.584963,BK0006
lbp,1,1,0.002681,1.584963,BK0014
lcc1,1,1,0.002681,1.584963,BK0077
lcc9,1,1,0.002681,1.584963,BK0077
lcksh2,1,1,0.002681,1.584963,BK0322
ldct,1,1,0.002681,1.584963,BK0003
leader,1,1,0.002681,1.584963,BK0325
leakage,1,1,0.002681,1.584963,BK0137
leaks,1,1,0.002681,1.584963,BK0163
lean,1,1,0.002681,1.584963,BK0028
learned,1,1,0.002681,1.584963,BK0066
leaves,1,1,0.002681,1.584963,BK0193
lectins,1,1,0.002681,1.584963,BK0266
leg,1,1,0.002681,1.584963,BK0088
leiomyomata,1,1,0.002681,1.584963,BK0287
lenalidomide,1,1,0.002681,1.584963,BK0251
lengthy,1,1,0.002681,1.584963,BK0109
lesion,1,1,0.002681,1.584963,BK0161
lessons,1,1,0.002681,1.584963,BK0066
leukemias,1,1,0.002681,1.584963,BK0200
leukemic,1,1,0.002681,1.584963,BK0200
lfq,1,1,0.002681,1.584963,BK0103
liang,1,1,0.002681,1.584963,BK0030
lie,1,1,0.002681,1.584963,BK0344
lifespan,1,1,0.002681,1.584963,BK0086
lifetime,1,1,0.002681,1.584963,BK0315
ligating,1,1,0.002681,1.584963,BK0296
likelihood,1,1,0.002681,1.584963,BK0172
likewise,1,1,0.002681,1.584963,BK0148
lim,1,1,0.002681,1.584963,BK0308
limbic,1,1,0.002681,1.584963,BK0063
limitation,1,1,0.002681,1.584963,BK0206
lingering,1,1,0.002681,1.584963,BK0015
lipidomic,1,1,0.002681,1.584963,BK0117
lipogenic,1,1,0.002681,1.584963,BK0208
lipopolysaccharides,1,1,0.002681,1.584963,BK0349
literature,1,1,0.002681,1.584963,BK0002
lithogenic,1,1,0.002681,1.584963,BK0189
litopterna,1,1,0.002681,1.584963,BK0199
loaded,1,1,0.002681,1.584963,BK0341
lobe,1,1,0.002681,1.584963,BK0263
lobectomy,1,1,0.002681,1.584963,BK0206
localizes,1,1,0.002681,1.584963,BK0245
located,1,1,0.002681,1.584963,BK0212
locked,1,1,0.002681,1.584963,BK0233
log,1,1,0.002681,1.584963,BK0122
logic,1,1,0.002681,1.584963,BK0231
logistic,1,1,0.002681,1.584963,BK0241
logistical,1,1,0.002681,1.584963,BK0118
longevity,1,1,0.002681,1.584963,BK0188
longus,1,1,0.002681,1.584963,BK0351
loops,1,1,0.002681,1.584963,BK0096
lot,1,1,0.002681,1.584963,BK0299
lps,1,1,0.002681,1.584963,BK0112
lrap,1,1,0.002681,1.584963,BK0053
luciferase,1,1,0.002681,1.584963,BK0164
lumen,1,1,0.002681,1.584963,BK0064
lumos,1,1,0.002681,1.584963,BK0159
lupus,1,1,0.002681,1.584963,BK0255
lyme,1,1,0.002681,1.584963,BK0341
lymphatic,1,1,0.002681,1.584963,BK0031
lymphoid,1,1,0.002681,1.584963,BK0260
lymphopenia,1,1,0.002681,1.584963,BK0300
lys259,1,1,0.002681,1.584963,BK0366
lysate,1,1,0.002681,1.584963,BK0274
lysolipid,1,1,0.002681,1.584963,BK0022
lysosomes,1,1,0.002681,1.584963,BK0050
m20,1,1,0.002681,1.584963,BK0352
m31,1,1,0.002681,1.584963,BK0352
macrocyclic,1,1,0.002681,1.584963,BK0019
mafbx,1,1,0.002681,1.584963,BK0304
magnified,1,1,0.002681,1.584963,BK0084
maintains,1,1,0.002681,1.584963,BK0028
makorins,1,1,0.002681,1.584963,BK0074
malformations,1,1,0.002681,1.584963,BK0267
malfunction,1,1,0.002681,1.584963,BK0028
mammal,1,1,0.002681,1.584963,BK0261
mammals,1,1,0.002681,1.584963,BK0199
mammary,1,1,0.002681,1.584963,BK0198
managing,1,1,0.002681,1.584963,BK0014
manipulating,1,1,0.002681,1.584963,BK0306
manipulation,1,1,0.002681,1.584963,BK0189
mannose,1,1,0.002681,1.584963,BK0314
manpower,1,1,0.002681,1.584963,BK0274
manuscript,1,1,0.002681,1.584963,BK0120
mapk,1,1,0.002681,1.584963,BK0195
maps,1,1,0.002681,1.584963,BK0039
marginally,1,1,0.002681,1.584963,BK0217
marks,1,1,0.002681,1.584963,BK0233
mask,1,1,0.002681,1.584963,BK0027
massive,1,1,0.002681,1.584963,BK0362
materials,1,1,0.002681,1.584963,BK0035
matings,1,1,0.002681,1.584963,BK0106
maximizing,1,1,0.002681,1.584963,BK0182
mbd3,1,1,0.002681,1.584963,BK0121
mboemo,1,1,0.002681,1.584963,BK0099
mdmx,1,1,0.002681,1.584963,BK0278
me1,1,1,0.002681,1.584963,BK0218
meaningful,1,1,0.002681,1.584963,BK0103
meanwhile,1,1,0.002681,1.584963,BK0061
measurable,1,1,0.002681,1.584963,BK0150
mechanosensitivity,1,1,0.002681,1.584963,BK0017
medieval,1,1,0.002681,1.584963,BK0111
medulloblastomas,1,1,0.002681,1.584963,BK0048
meets,1,1,0.002681,1.584963,BK0046
meier,1,1,0.002681,1.584963,BK0027
meiotic,1,1,0.002681,1.584963,BK0158
mek,1,1,0.002681,1.584963,BK0310
melanomas,1,1,0.002681,1.584963,BK0244
melioidosis,1,1,0.002681,1.584963,BK0131
mellitus,1,1,0.002681,1.584963,BK0171
mendelian,1,1,0.002681,1.584963,BK0295
menstrual,1,1,0.002681,1.584963,BK0011
menstruation,1,1,0.002681,1.584963,BK0078
merit,1,1,0.002681,1.584963,BK0294
mescs,1,1,0.002681,1.584963,BK0121
mesenchymal,1,1,0.002681,1.584963,BK0261
mesenteric,1,1,0.002681,1.584963,BK0332
meshwork,1,1,0.002681,1.584963,BK0113
met,1,1,0.002681,1.584963,BK0219
met1,1,1,0.002681,1.584963,BK0115
metabolically,1,1,0.002681,1.584963,BK0075
metabolomes,1,1,0.002681,1.584963,BK0248
metal,1,1,0.002681,1.584963,BK0277
metalloproteinases,1,1,0.002681,1.584963,BK0124
metazoan,1,1,0.002681,1.584963,BK0315
metazoans,1,1,0.002681,1.584963,BK0228
methionine1,1,1,0.002681,1.584963,BK0115
methylarginines,1,1,0.002681,1.584963,BK0169
methylating,1,1,0.002681,1.584963,BK0319
methylome,1,1,0.002681,1.584963,BK0205
methylsilac,1,1,0.002681,1.584963,BK0205
mic60,1,1,0.002681,1.584963,BK0097
michael,1,1,0.002681,1.584963,BK0087
microbe,1,1,0.002681,1.584963,BK0163
microbiome,1,1,0.002681,1.584963,BK0163
microcarrier,1,1,0.002681,1.584963,BK0064
micronucleation,1,1,0.002681,1.584963,BK0024
micronuclei,1,1,0.002681,1.584963,BK0110
microscopically,1,1,0.002681,1.584963,BK0063
microvesicle,1,1,0.002681,1.584963,BK0210
migraine,1,1,0.002681,1.584963,BK0031
milder,1,1,0.002681,1.584963,BK0080
mildly,1,1,0.002681,1.584963,BK0148
milestone,1,1,0.002681,1.584963,BK0173
milligrams,1,1,0.002681,1.584963,BK0207
millisecond,1,1,0.002681,1.584963,BK0006
mimicry,1,1,0.002681,1.584963,BK0009
mina53,1,1,0.002681,1.584963,BK0264
minicells,1,1,0.002681,1.584963,BK0006
mining,1,1,0.002681,1.584963,BK0186
minute,1,1,0.002681,1.584963,BK0278
mirrored,1,1,0.002681,1.584963,BK0052
mis,1,1,0.002681,1.584963,BK0013
mismatch,1,1,0.002681,1.584963,BK0086
miss,1,1,0.002681,1.584963,BK0114
missing,1,1,0.002681,1.584963,BK0046
mistargeted,1,1,0.002681,1.584963,BK0195
mitigate,1,1,0.002681,1.584963,BK0014
mitogen,1,1,0.002681,1.584963,BK0345
mm1,1,1,0.002681,1.584963,BK0342
mmcat1,1,1,0.002681,1.584963,BK0001
mobility,1,1,0.002681,1.584963,BK0164
modest,1,1,0.002681,1.584963,BK0148
moesin,1,1,0.002681,1.584963,BK0308
moiety,1,1,0.002681,1.584963,BK0073
molbiol,1,1,0.002681,1.584963,BK0297
molds,1,1,0.002681,1.584963,BK0278
molecularly,1,1,0.002681,1.584963,BK0098
moloney,1,1,0.002681,1.584963,BK0009
monohydroxylated,1,1,0.002681,1.584963,BK0223
monomers,1,1,0.002681,1.584963,BK0143
monophyletic,1,1,0.002681,1.584963,BK0199
monotherapy,1,1,0.002681,1.584963,BK0172
morphogenetic,1,1,0.002681,1.584963,BK0098
morphologically,1,1,0.002681,1.584963,BK0185
mount,1,1,0.002681,1.584963,BK0097
movement,1,1,0.002681,1.584963,BK0099
movements,1,1,0.002681,1.584963,BK0275
mowse,1,1,0.002681,1.584963,BK0337
mros,1,1,0.002681,1.584963,BK0097
msir,1,1,0.002681,1.584963,BK0263
mtdna,1,1,0.002681,1.584963,BK0185
mtorc1,1,1,0.002681,1.584963,BK0050
mucosa,1,1,0.002681,1.584963,BK0123
mucus,1,1,0.002681,1.584963,BK0101
multicellular,1,1,0.002681,1.584963,BK0180
multicore,1,1,0.002681,1.584963,BK0089
multidimensional,1,1,0.002681,1.584963,BK0003
multidomain,1,1,0.002681,1.584963,BK0373
multienzyme,1,1,0.002681,1.584963,BK0159
multifaceted,1,1,0.002681,1.584963,BK0086
multilayer,1,1,0.002681,1.584963,BK0028
multilayered,1,1,0.002681,1.584963,BK0084
multimeric,1,1,0.002681,1.584963,BK0291
multimerisation,1,1,0.002681,1.584963,BK0310
multiorgan,1,1,0.002681,1.584963,BK0330
multiprotein,1,1,0.002681,1.584963,BK0089
multisite,1,1,0.002681,1.584963,BK0041
multispecific,1,1,0.002681,1.584963,BK0255
multistep,1,1,0.002681,1.584963,BK0205
multivariate,1,1,0.002681,1.584963,BK0027
multivesicular,1,1,0.002681,1.584963,BK0326
murf1,1,1,0.002681,1.584963,BK0304
mutagens,1,1,0.002681,1.584963,BK0202
mutase,1,1,0.002681,1.584963,BK0239
mutate,1,1,0.002681,1.584963,BK0129
myc,1,1,0.002681,1.584963,BK0048
myofibrillar,1,1,0.002681,1.584963,BK0304
myogenesis,1,1,0.002681,1.584963,BK0083
myometrium,1,1,0.002681,1.584963,BK0011
myotube,1,1,0.002681,1.584963,BK0045
myotubes,1,1,0.002681,1.584963,BK0045
nadh,1,1,0.002681,1.584963,BK0303
naive,1,1,0.002681,1.584963,BK0349
name,1,1,0.002681,1.584963,BK0355
names,1,1,0.002681,1.584963,BK0238
nanoflow,1,1,0.002681,1.584963,BK0352
nanometer,1,1,0.002681,1.584963,BK0089
nanomole,1,1,0.002681,1.584963,BK0076
nanoscale,1,1,0.002681,1.584963,BK0243
narrow,1,1,0.002681,1.584963,BK0317
nascent,1,1,0.002681,1.584963,BK0224
nbs1,1,1,0.002681,1.584963,BK0158
nc2,1,1,0.002681,1.584963,BK0373
nc3,1,1,0.002681,1.584963,BK0373
nc4,1,1,0.002681,1.584963,BK0373
near,1,1,0.002681,1.584963,BK0165
nearby,1,1,0.002681,1.584963,BK0183
necessarily,1,1,0.002681,1.584963,BK0229
necessitating,1,1,0.002681,1.584963,BK0004
necropsied,1,1,0.002681,1.584963,BK0171
nedp1,1,1,0.002681,1.584963,BK0354
neighboring,1,1,0.002681,1.584963,BK0198
neoantigens,1,1,0.002681,1.584963,BK0311
neocortex,1,1,0.002681,1.584963,BK0177
neovasculature,1,1,0.002681,1.584963,BK0305
nephropathy,1,1,0.002681,1.584963,BK0254
neurite,1,1,0.002681,1.584963,BK0134
neurofilament,1,1,0.002681,1.584963,BK0122
neuroinflammatory,1,1,0.002681,1.584963,BK0122
neurol,1,1,0.002681,1.584963,BK0122
neurologic,1,1,0.002681,1.584963,BK0128
neuropathological,1,1,0.002681,1.584963,BK0063
neutralize,1,1,0.002681,1.584963,BK0144
neutralizes,1,1,0.002681,1.584963,BK0144
nfkb,1,1,0.002681,1.584963,BK0094
ngal,1,1,0.002681,1.584963,BK0049
niches,1,1,0.002681,1.584963,BK0150
nigra,1,1,0.002681,1.584963,BK0177
niks,1,1,0.002681,1.584963,BK0226
nk65,1,1,0.002681,1.584963,BK0137
nlvs,1,1,0.002681,1.584963,BK0365
no66,1,1,0.002681,1.584963,BK0264
nonclassical,1,1,0.002681,1.584963,BK0010
noncollagenous,1,1,0.002681,1.584963,BK0111
noncovalent,1,1,0.002681,1.584963,BK0018
nonessential,1,1,0.002681,1.584963,BK0246
nonfunctional,1,1,0.002681,1.584963,BK0064
nonhomologous,1,1,0.002681,1.584963,BK0026
noninvasive,1,1,0.002681,1.584963,BK0070
nonmuscle,1,1,0.002681,1.584963,BK0335
nonoxygenated,1,1,0.002681,1.584963,BK0070
nonpeptidic,1,1,0.002681,1.584963,BK0366
nonspecialists,1,1,0.002681,1.584963,BK0207
nonspecific,1,1,0.002681,1.584963,BK0087
normalize,1,1,0.002681,1.584963,BK0365
normothermically,1,1,0.002681,1.584963,BK0075
normoxic,1,1,0.002681,1.584963,BK0209
norspermidine,1,1,0.002681,1.584963,BK0109
norton,1,1,0.002681,1.584963,BK0111
norway,1,1,0.002681,1.584963,BK0221
note,1,1,0.002681,1.584963,BK0108
notion,1,1,0.002681,1.584963,BK0213
notoungulata,1,1,0.002681,1.584963,BK0199
notwithstanding,1,1,0.002681,1.584963,BK0044
noxious,1,1,0.002681,1.584963,BK0017
nsaf,1,1,0.002681,1.584963,BK0274
nuclease,1,1,0.002681,1.584963,BK0069
nucleases,1,1,0.002681,1.584963,BK0024
nucleated,1,1,0.002681,1.584963,BK0005
nucleolus,1,1,0.002681,1.584963,BK0245
nucleoprotein,1,1,0.002681,1.584963,BK0040
null,1,1,0.002681,1.584963,BK0246
nutrients,1,1,0.002681,1.584963,BK0059
nutritional,1,1,0.002681,1.584963,BK0059
obese,1,1,0.002681,1.584963,BK0308
obliterate,1,1,0.002681,1.584963,BK0364
obs,1,1,0.002681,1.584963,BK0168
obstruct,1,1,0.002681,1.584963,BK0178
obstruction,1,1,0.002681,1.584963,BK0088
occluded,1,1,0.002681,1.584963,BK0310
occlusion,1,1,0.002681,1.584963,BK0168
occupied,1,1,0.002681,1.584963,BK0262
occurrence,1,1,0.002681,1.584963,BK0152
octyl,1,1,0.002681,1.584963,BK0133
oculopharyngeal,1,1,0.002681,1.584963,BK0016
ofd1,1,1,0.002681,1.584963,BK0225
offgel,1,1,0.002681,1.584963,BK0282
offline,1,1,0.002681,1.584963,BK0038
offs,1,1,0.002681,1.584963,BK0241
oligomeric,1,1,0.002681,1.584963,BK0150
oligomers,1,1,0.002681,1.584963,BK0245
oligopeptidases,1,1,0.002681,1.584963,BK0365
omental,1,1,0.002681,1.584963,BK0051
oncogenes,1,1,0.002681,1.584963,BK0179
oncoproteins,1,1,0.002681,1.584963,BK0076
ongoing,1,1,0.002681,1.584963,BK0199
onto,1,1,0.002681,1.584963,BK0296
opened,1,1,0.002681,1.584963,BK0340
operator,1,1,0.002681,1.584963,BK0124
opsonized,1,1,0.002681,1.584963,BK0349
optimize,1,1,0.002681,1.584963,BK0138
optimizes,1,1,0.002681,1.584963,BK0159
option,1,1,0.002681,1.584963,BK0201
orchestrates,1,1,0.002681,1.584963,BK0184
orderly,1,1,0.002681,1.584963,BK0146
orf1,1,1,0.002681,1.584963,BK0080
org,1,1,0.002681,1.584963,BK0262
organelle,1,1,0.002681,1.584963,BK0118
organised,1,1,0.002681,1.584963,BK0209
organismal,1,1,0.002681,1.584963,BK0001
organized,1,1,0.002681,1.584963,BK0168
organotypic,1,1,0.002681,1.584963,BK0214
orientation,1,1,0.002681,1.584963,BK0193
oriented,1,1,0.002681,1.584963,BK0213
originally,1,1,0.002681,1.584963,BK0323
originated,1,1,0.002681,1.584963,BK0176
originating,1,1,0.002681,1.584963,BK0202
ornithine,1,1,0.002681,1.584963,BK0001
orthogonality,1,1,0.002681,1.584963,BK0159
orthologous,1,1,0.002681,1.584963,BK0261
orthoretroviruses,1,1,0.002681,1.584963,BK0001
os045,1,1,0.002681,1.584963,BK0263
osm,1,1,0.002681,1.584963,BK0050
osteosarcoma,1,1,0.002681,1.584963,BK0111
ostrich,1,1,0.002681,1.584963,BK0188
otop2,1,1,0.002681,1.584963,BK0101
otub,1,1,0.002681,1.584963,BK0317
otubains,1,1,0.002681,1.584963,BK0213
otus,1,1,0.002681,1.584963,BK0213
outlines,1,1,0.002681,1.584963,BK0346
outperformed,1,1,0.002681,1.584963,BK0093
outstanding,1,1,0.002681,1.584963,BK0177
ovary,1,1,0.002681,1.584963,BK0206
overcome,1,1,0.002681,1.584963,BK0254
overcomes,1,1,0.002681,1.584963,BK0251
overexpressing,1,1,0.002681,1.584963,BK0302
overlaps,1,1,0.002681,1.584963,BK0248
overload,1,1,0.002681,1.584963,BK0078
overlook,1,1,0.002681,1.584963,BK0021
overlooked,1,1,0.002681,1.584963,BK0024
oversee,1,1,0.002681,1.584963,BK0117
ovulation,1,1,0.002681,1.584963,BK0064
oxford,1,1,0.002681,1.584963,BK0124
oxfordshire,1,1,0.002681,1.584963,BK0124
oxidised,1,1,0.002681,1.584963,BK0148
p18,1,1,0.002681,1.584963,BK0128
p19,1,1,0.002681,1.584963,BK0220
p22,1,1,0.002681,1.584963,BK0198
p22077,1,1,0.002681,1.584963,BK0272
p56,1,1,0.002681,1.584963,BK0367
p66,1,1,0.002681,1.584963,BK0121
p85,1,1,0.002681,1.584963,BK0191
pa28,1,1,0.002681,1.584963,BK0312
pad,1,1,0.002681,1.584963,BK0181
pafc16,1,1,0.002681,1.584963,BK0208
paid,1,1,0.002681,1.584963,BK0324
painful,1,1,0.002681,1.584963,BK0150
palaeogene,1,1,0.002681,1.584963,BK0199
palaeontological,1,1,0.002681,1.584963,BK0188
palaeoproteome,1,1,0.002681,1.584963,BK0185
palaeoproteomic,1,1,0.002681,1.584963,BK0185
paleolithic,1,1,0.002681,1.584963,BK0185
paleoproteomic,1,1,0.002681,1.584963,BK0111
palmitic,1,1,0.002681,1.584963,BK0043
pan,1,1,0.002681,1.584963,BK0100
pancreata,1,1,0.002681,1.584963,BK0299
panels,1,1,0.002681,1.584963,BK0298
panobinostat,1,1,0.002681,1.584963,BK0158
papain,1,1,0.002681,1.584963,BK0356
papillary,1,1,0.002681,1.584963,BK0271
paradigmatic,1,1,0.002681,1.584963,BK0087
paradoxical,1,1,0.002681,1.584963,BK0072
paralleling,1,1,0.002681,1.584963,BK0329
paralog,1,1,0.002681,1.584963,BK0121
paralogue,1,1,0.002681,1.584963,BK0130
parameter,1,1,0.002681,1.584963,BK0129
paraphyletic,1,1,0.002681,1.584963,BK0199
parasitemia,1,1,0.002681,1.584963,BK0239
parasites,1,1,0.002681,1.584963,BK0120
parasitic,1,1,0.002681,1.584963,BK0239
parenchyma,1,1,0.002681,1.584963,BK0137
park,1,1,0.002681,1.584963,BK0160
parkinsons,1,1,0.002681,1.584963,BK0122
parp1,1,1,0.002681,1.584963,BK0178
parsimonious,1,1,0.002681,1.584963,BK0037
participants,1,1,0.002681,1.584963,BK0068
participate,1,1,0.002681,1.584963,BK0173
partly,1,1,0.002681,1.584963,BK0177
patent,1,1,0.002681,1.584963,BK0227
patenting,1,1,0.002681,1.584963,BK0227
paternity,1,1,0.002681,1.584963,BK0098
path,1,1,0.002681,1.584963,BK0275
pathophysiologically,1,1,0.002681,1.584963,BK0223
pausing,1,1,0.002681,1.584963,BK0099
pcdgf,1,1,0.002681,1.584963,BK0321
pcgf1,1,1,0.002681,1.584963,BK0231
pcna,1,1,0.002681,1.584963,BK0132
pdgf,1,1,0.002681,1.584963,BK0322
pdzbm,1,1,0.002681,1.584963,BK0115
peaks,1,1,0.002681,1.584963,BK0106
peanut,1,1,0.002681,1.584963,BK0266
pentameric,1,1,0.002681,1.584963,BK0082
pentose,1,1,0.002681,1.584963,BK0208
people,1,1,0.002681,1.584963,BK0027
peptidoglycan,1,1,0.002681,1.584963,BK0097
peptidome,1,1,0.002681,1.584963,BK0204
percent,1,1,0.002681,1.584963,BK0173
percentages,1,1,0.002681,1.584963,BK0218
perception,1,1,0.002681,1.584963,BK0017
performances,1,1,0.002681,1.584963,BK0003
perfusates,1,1,0.002681,1.584963,BK0008
periphery,1,1,0.002681,1.584963,BK0090
perissodactyla,1,1,0.002681,1.584963,BK0199
permanent,1,1,0.002681,1.584963,BK0368
permanently,1,1,0.002681,1.584963,BK0174
permeability,1,1,0.002681,1.584963,BK0046
permeable,1,1,0.002681,1.584963,BK0309
permissive,1,1,0.002681,1.584963,BK0140
permitting,1,1,0.002681,1.584963,BK0242
peroxidase,1,1,0.002681,1.584963,BK0030
peroxidation,1,1,0.002681,1.584963,BK0078
peroxisome,1,1,0.002681,1.584963,BK0198
persisted,1,1,0.002681,1.584963,BK0032
persistence,1,1,0.002681,1.584963,BK0172
persisting,1,1,0.002681,1.584963,BK0015
person,1,1,0.002681,1.584963,BK0117
perturb,1,1,0.002681,1.584963,BK0360
petechial,1,1,0.002681,1.584963,BK0138
pf08,1,1,0.002681,1.584963,BK0266
pf10,1,1,0.002681,1.584963,BK0239
pf11,1,1,0.002681,1.584963,BK0239
pf13,1,1,0.002681,1.584963,BK0239
pf14,1,1,0.002681,1.584963,BK0239
pfhprt,1,1,0.002681,1.584963,BK0239
pgam5,1,1,0.002681,1.584963,BK0007
pgf,1,1,0.002681,1.584963,BK0043
phac1,1,1,0.002681,1.584963,BK0343
phagocytic,1,1,0.002681,1.584963,BK0356
phagosomes,1,1,0.002681,1.584963,BK0356
pharmaceutical,1,1,0.002681,1.584963,BK0173
pharmacokinetics,1,1,0.002681,1.584963,BK0022
pharmacologic,1,1,0.002681,1.584963,BK0339
phas,1,1,0.002681,1.584963,BK0343
phases,1,1,0.002681,1.584963,BK0298
phe,1,1,0.002681,1.584963,BK0183
phenocopying,1,1,0.002681,1.584963,BK0076
phonologically,1,1,0.002681,1.584963,BK0139
phosphoacceptor,1,1,0.002681,1.584963,BK0195
phosphocreatine,1,1,0.002681,1.584963,BK0095
phosphodegron,1,1,0.002681,1.584963,BK0353
phosphodiesterase,1,1,0.002681,1.584963,BK0090
phosphoenolpyruvate,1,1,0.002681,1.584963,BK0075
phosphoenrichment,1,1,0.002681,1.584963,BK0182
phosphofructokinase,1,1,0.002681,1.584963,BK0095
phosphoglycerate,1,1,0.002681,1.584963,BK0239
phosphoinositide,1,1,0.002681,1.584963,BK0198
phospholipase,1,1,0.002681,1.584963,BK0333
phosphopeptide,1,1,0.002681,1.584963,BK0182
phosphoproteomic,1,1,0.002681,1.584963,BK0170
phosphoribosyltransferase,1,1,0.002681,1.584963,BK0239
phosphotau,1,1,0.002681,1.584963,BK0020
phosphotyrosine,1,1,0.002681,1.584963,BK0291
photoactivatable,1,1,0.002681,1.584963,BK0367
photoactivated,1,1,0.002681,1.584963,BK0284
photophysical,1,1,0.002681,1.584963,BK0006
photosynthesis,1,1,0.002681,1.584963,BK0250
phox,1,1,0.002681,1.584963,BK0198
phylogenetic,1,1,0.002681,1.584963,BK0185
phylogenetically,1,1,0.002681,1.584963,BK0199
phylogenies,1,1,0.002681,1.584963,BK0199
phylogeny,1,1,0.002681,1.584963,BK0199
phylum,1,1,0.002681,1.584963,BK0120
physically,1,1,0.002681,1.584963,BK0069
physicochemical,1,1,0.002681,1.584963,BK0248
pitfall,1,1,0.002681,1.584963,BK0114
pitfalls,1,1,0.002681,1.584963,BK0174
pkc,1,1,0.002681,1.584963,BK0094
plac,1,1,0.002681,1.584963,BK0343
placed,1,1,0.002681,1.584963,BK0140
placentation,1,1,0.002681,1.584963,BK0263
placing,1,1,0.002681,1.584963,BK0193
plan,1,1,0.002681,1.584963,BK0124
planar,1,1,0.002681,1.584963,BK0102
plasmids,1,1,0.002681,1.584963,BK0331
plasminogen,1,1,0.002681,1.584963,BK0302
plastically,1,1,0.002681,1.584963,BK0106
plateaued,1,1,0.002681,1.584963,BK0159
plausible,1,1,0.002681,1.584963,BK0187
pld3,1,1,0.002681,1.584963,BK0208
please,1,1,0.002681,1.584963,BK0030
pleistocene,1,1,0.002681,1.584963,BK0185
plexus,1,1,0.002681,1.584963,BK0145
pluripotency,1,1,0.002681,1.584963,BK0246
pluripotent,1,1,0.002681,1.584963,BK0167
pneumococcal,1,1,0.002681,1.584963,BK0219
pockets,1,1,0.002681,1.584963,BK0360
polar,1,1,0.002681,1.584963,BK0166
polyacrylamide,1,1,0.002681,1.584963,BK0337
polyfunctional,1,1,0.002681,1.584963,BK0220
polygenic,1,1,0.002681,1.584963,BK0221
polymer,1,1,0.002681,1.584963,BK0234
polymerases,1,1,0.002681,1.584963,BK0343
polymeric,1,1,0.002681,1.584963,BK0337
polymerized,1,1,0.002681,1.584963,BK0301
polymerizes,1,1,0.002681,1.584963,BK0168
polyotulin,1,1,0.002681,1.584963,BK0147
polystyrene,1,1,0.002681,1.584963,BK0337
polyub,1,1,0.002681,1.584963,BK0338
polyubiquitinated,1,1,0.002681,1.584963,BK0365
polyubiquitylates,1,1,0.002681,1.584963,BK0269
polyvalent,1,1,0.002681,1.584963,BK0217
poorer,1,1,0.002681,1.584963,BK0209
porss,1,1,0.002681,1.584963,BK0163
portion,1,1,0.002681,1.584963,BK0366
poses,1,1,0.002681,1.584963,BK0032
positives,1,1,0.002681,1.584963,BK0205
possess,1,1,0.002681,1.584963,BK0364
possessed,1,1,0.002681,1.584963,BK0341
possesses,1,1,0.002681,1.584963,BK0036
possibilities,1,1,0.002681,1.584963,BK0264
postendocytic,1,1,0.002681,1.584963,BK0010
postnatal,1,1,0.002681,1.584963,BK0128
postoperatively,1,1,0.002681,1.584963,BK0014
postponable,1,1,0.002681,1.584963,BK0086
posttranscriptional,1,1,0.002681,1.584963,BK0158
posttranslationally,1,1,0.002681,1.584963,BK0187
postulated,1,1,0.002681,1.584963,BK0078
potentiate,1,1,0.002681,1.584963,BK0259
potentiated,1,1,0.002681,1.584963,BK0111
potentiates,1,1,0.002681,1.584963,BK0034
potently,1,1,0.002681,1.584963,BK0195
power,1,1,0.002681,1.584963,BK0243
ppgm,1,1,0.002681,1.584963,BK0239
ppps,1,1,0.002681,1.584963,BK0004
practical,1,1,0.002681,1.584963,BK0227
practices,1,1,0.002681,1.584963,BK0138
prcc,1,1,0.002681,1.584963,BK0271
prdx1,1,1,0.002681,1.584963,BK0081
preceded,1,1,0.002681,1.584963,BK0362
preconditioning,1,1,0.002681,1.584963,BK0247
predefined,1,1,0.002681,1.584963,BK0159
predilection,1,1,0.002681,1.584963,BK0257
predisposing,1,1,0.002681,1.584963,BK0218
predominately,1,1,0.002681,1.584963,BK0128
preeclampsia,1,1,0.002681,1.584963,BK0263
preferences,1,1,0.002681,1.584963,BK0195
preferential,1,1,0.002681,1.584963,BK0286
prefers,1,1,0.002681,1.584963,BK0118
prefiltered,1,1,0.002681,1.584963,BK0281
preformed,1,1,0.002681,1.584963,BK0367
prefractionation,1,1,0.002681,1.584963,BK0159
pregnancy,1,1,0.002681,1.584963,BK0263
preimplantation,1,1,0.002681,1.584963,BK0047
preincubation,1,1,0.002681,1.584963,BK0367
premise,1,1,0.002681,1.584963,BK0042
preoperatively,1,1,0.002681,1.584963,BK0014
preparative,1,1,0.002681,1.584963,BK0282
preserve,1,1,0.002681,1.584963,BK0110
pressures,1,1,0.002681,1.584963,BK0197
presymptomatic,1,1,0.002681,1.584963,BK0057
pride,1,1,0.002681,1.584963,BK0038
prime,1,1,0.002681,1.584963,BK0127
principles,1,1,0.002681,1.584963,BK0323
prion,1,1,0.002681,1.584963,BK0223
prioritized,1,1,0.002681,1.584963,BK0086
priory,1,1,0.002681,1.584963,BK0111
prmt,1,1,0.002681,1.584963,BK0319
probability,1,1,0.002681,1.584963,BK0106
probable,1,1,0.002681,1.584963,BK0219
probing,1,1,0.002681,1.584963,BK0307
problem,1,1,0.002681,1.584963,BK0254
problems,1,1,0.002681,1.584963,BK0086
proceeds,1,1,0.002681,1.584963,BK0092
produces,1,1,0.002681,1.584963,BK0274
producing,1,1,0.002681,1.584963,BK0168
profibrotic,1,1,0.002681,1.584963,BK0116
profoundly,1,1,0.002681,1.584963,BK0119
progenesis,1,1,0.002681,1.584963,BK0274
programmed,1,1,0.002681,1.584963,BK0041
programs,1,1,0.002681,1.584963,BK0173
progressions,1,1,0.002681,1.584963,BK0146
projects,1,1,0.002681,1.584963,BK0346
prokaryotes,1,1,0.002681,1.584963,BK0264
proliferate,1,1,0.002681,1.584963,BK0126
proliferated,1,1,0.002681,1.584963,BK0036
promiscuous,1,1,0.002681,1.584963,BK0278
promotion,1,1,0.002681,1.584963,BK0244
prompted,1,1,0.002681,1.584963,BK0271
promptly,1,1,0.002681,1.584963,BK0239
prompts,1,1,0.002681,1.584963,BK0320
prone,1,1,0.002681,1.584963,BK0205
proof,1,1,0.002681,1.584963,BK0148
propagated,1,1,0.002681,1.584963,BK0295
propagates,1,1,0.002681,1.584963,BK0360
propagation,1,1,0.002681,1.584963,BK0108
prophylactic,1,1,0.002681,1.584963,BK0298
proportionally,1,1,0.002681,1.584963,BK0129
proportions,1,1,0.002681,1.584963,BK0080
proposals,1,1,0.002681,1.584963,BK0288
prostaglandin,1,1,0.002681,1.584963,BK0043
prostaglandins,1,1,0.002681,1.584963,BK0248
prostatic,1,1,0.002681,1.584963,BK0211
proteasomally,1,1,0.002681,1.584963,BK0291
protecting,1,1,0.002681,1.584963,BK0201
proteinopathies,1,1,0.002681,1.584963,BK0063
proteotoxic,1,1,0.002681,1.584963,BK0283
protomer,1,1,0.002681,1.584963,BK0358
protomers,1,1,0.002681,1.584963,BK0358
proton,1,1,0.002681,1.584963,BK0101
protozoa,1,1,0.002681,1.584963,BK0323
protozoan,1,1,0.002681,1.584963,BK0239
protraction,1,1,0.002681,1.584963,BK0209
prove,1,1,0.002681,1.584963,BK0054
proves,1,1,0.002681,1.584963,BK0313
proving,1,1,0.002681,1.584963,BK0032
prr,1,1,0.002681,1.584963,BK0170
prrs,1,1,0.002681,1.584963,BK0054
ps341,1,1,0.002681,1.584963,BK0339
pseudotuberculosis,1,1,0.002681,1.584963,BK0306
pseudovirus,1,1,0.002681,1.584963,BK0217
pslb,1,1,0.002681,1.584963,BK0102
psoriasis,1,1,0.002681,1.584963,BK0275
ptgr1,1,1,0.002681,1.584963,BK0078
ptpns,1,1,0.002681,1.584963,BK0310
publicly,1,1,0.002681,1.584963,BK0077
pubmed,1,1,0.002681,1.584963,BK0002
pulchellus,1,1,0.002681,1.584963,BK0144
punctually,1,1,0.002681,1.584963,BK0224
puncture,1,1,0.002681,1.584963,BK0351
pups,1,1,0.002681,1.584963,BK0128
purine,1,1,0.002681,1.584963,BK0008
purposes,1,1,0.002681,1.584963,BK0094
pursue,1,1,0.002681,1.584963,BK0316
pursuit,1,1,0.002681,1.584963,BK0137
put,1,1,0.002681,1.584963,BK0067
putrescine,1,1,0.002681,1.584963,BK0109
putting,1,1,0.002681,1.584963,BK0336
pxd009578,1,1,0.002681,1.584963,BK0128
pxd009738,1,1,0.002681,1.584963,BK0132
pxd020510,1,1,0.002681,1.584963,BK0093
pxd067060,1,1,0.002681,1.584963,BK0020
pycard,1,1,0.002681,1.584963,BK0067
pygl,1,1,0.002681,1.584963,BK0039
pyrrolidine,1,1,0.002681,1.584963,BK0092
pyruvate,1,1,0.002681,1.584963,BK0166
quadrupole,1,1,0.002681,1.584963,BK0241
quantifiable,1,1,0.002681,1.584963,BK0014
quantifying,1,1,0.002681,1.584963,BK0103
quantitate,1,1,0.002681,1.584963,BK0316
quantitating,1,1,0.002681,1.584963,BK0243
quaternary,1,1,0.002681,1.584963,BK0199
query,1,1,0.002681,1.584963,BK0173
quick,1,1,0.002681,1.584963,BK0235
r837,1,1,0.002681,1.584963,BK0240
rac1,1,1,0.002681,1.584963,BK0198
race,1,1,0.002681,1.584963,BK0173
rack1,1,1,0.002681,1.584963,BK0317
rad50,1,1,0.002681,1.584963,BK0158
radicals,1,1,0.002681,1.584963,BK0329
radio,1,1,0.002681,1.584963,BK0364
radioiodinated,1,1,0.002681,1.584963,BK0354
radiolabeled,1,1,0.002681,1.584963,BK0342
radiosensitive,1,1,0.002681,1.584963,BK0119
raised,1,1,0.002681,1.584963,BK0315
ramping,1,1,0.002681,1.584963,BK0282
randomized,1,1,0.002681,1.584963,BK0292
ranging,1,1,0.002681,1.584963,BK0225
ras,1,1,0.002681,1.584963,BK0306
rated,1,1,0.002681,1.584963,BK0139
rb1,1,1,0.002681,1.584963,BK0019
rbbp4,1,1,0.002681,1.584963,BK0121
rbcs,1,1,0.002681,1.584963,BK0120
rbp,1,1,0.002681,1.584963,BK0016
reaching,1,1,0.002681,1.584963,BK0199
reactants,1,1,0.002681,1.584963,BK0298
reacted,1,1,0.002681,1.584963,BK0354
reactivated,1,1,0.002681,1.584963,BK0110
readouts,1,1,0.002681,1.584963,BK0035
reagents,1,1,0.002681,1.584963,BK0256
real,1,1,0.002681,1.584963,BK0172
realized,1,1,0.002681,1.584963,BK0222
reappearance,1,1,0.002681,1.584963,BK0010
reared,1,1,0.002681,1.584963,BK0189
rearrangement,1,1,0.002681,1.584963,BK0308
reason,1,1,0.002681,1.584963,BK0173
reasoned,1,1,0.002681,1.584963,BK0364
recalcitrant,1,1,0.002681,1.584963,BK0236
recapitulate,1,1,0.002681,1.584963,BK0220
recapitulated,1,1,0.002681,1.584963,BK0036
received,1,1,0.002681,1.584963,BK0172
receptivity,1,1,0.002681,1.584963,BK0064
recessive,1,1,0.002681,1.584963,BK0129
recognises,1,1,0.002681,1.584963,BK0090
recommend,1,1,0.002681,1.584963,BK0254
reconfigures,1,1,0.002681,1.584963,BK0278
reconstruction,1,1,0.002681,1.584963,BK0089
record,1,1,0.002681,1.584963,BK0188
recorded,1,1,0.002681,1.584963,BK0051
recovered,1,1,0.002681,1.584963,BK0138
recurrent,1,1,0.002681,1.584963,BK0048
recycle,1,1,0.002681,1.584963,BK0201
redirecting,1,1,0.002681,1.584963,BK0097
redistribution,1,1,0.002681,1.584963,BK0209
redundantly,1,1,0.002681,1.584963,BK0246
refer,1,1,0.002681,1.584963,BK0030
refers,1,1,0.002681,1.584963,BK0312
refine,1,1,0.002681,1.584963,BK0038
regarded,1,1,0.002681,1.584963,BK0125
regenerating,1,1,0.002681,1.584963,BK0005
regime,1,1,0.002681,1.584963,BK0052
regio,1,1,0.002681,1.584963,BK0273
register,1,1,0.002681,1.584963,BK0154
regular,1,1,0.002681,1.584963,BK0254
regularly,1,1,0.002681,1.584963,BK0171
regulations,1,1,0.002681,1.584963,BK0329
regulative,1,1,0.002681,1.584963,BK0285
relapsing,1,1,0.002681,1.584963,BK0077
releases,1,1,0.002681,1.584963,BK0051
reliance,1,1,0.002681,1.584963,BK0357
reliant,1,1,0.002681,1.584963,BK0197
relied,1,1,0.002681,1.584963,BK0337
remarkable,1,1,0.002681,1.584963,BK0342
remating,1,1,0.002681,1.584963,BK0064
remodeller,1,1,0.002681,1.584963,BK0276
remodels,1,1,0.002681,1.584963,BK0098
remove,1,1,0.002681,1.584963,BK0165
removed,1,1,0.002681,1.584963,BK0311
removes,1,1,0.002681,1.584963,BK0345
remuzzi,1,1,0.002681,1.584963,BK0116
renin,1,1,0.002681,1.584963,BK0242
repaired,1,1,0.002681,1.584963,BK0026
repairing,1,1,0.002681,1.584963,BK0130
repertoires,1,1,0.002681,1.584963,BK0015
replisome,1,1,0.002681,1.584963,BK0276
reporters,1,1,0.002681,1.584963,BK0346
repositioning,1,1,0.002681,1.584963,BK0276
repository,1,1,0.002681,1.584963,BK0038
representation,1,1,0.002681,1.584963,BK0020
representative,1,1,0.002681,1.584963,BK0187
represented,1,1,0.002681,1.584963,BK0131
repress,1,1,0.002681,1.584963,BK0287
represses,1,1,0.002681,1.584963,BK0019
repressing,1,1,0.002681,1.584963,BK0167
repressors,1,1,0.002681,1.584963,BK0190
reproduce,1,1,0.002681,1.584963,BK0238
reproducing,1,1,0.002681,1.584963,BK0135
requirements,1,1,0.002681,1.584963,BK0248
resampling,1,1,0.002681,1.584963,BK0124
rescues,1,1,0.002681,1.584963,BK0007
researched,1,1,0.002681,1.584963,BK0168
researchers,1,1,0.002681,1.584963,BK0248
reserve,1,1,0.002681,1.584963,BK0208
reside,1,1,0.002681,1.584963,BK0144
resident,1,1,0.002681,1.584963,BK0163
resin,1,1,0.002681,1.584963,BK0364
resins,1,1,0.002681,1.584963,BK0337
resolutions,1,1,0.002681,1.584963,BK0039
responded,1,1,0.002681,1.584963,BK0204
responds,1,1,0.002681,1.584963,BK0198
responsibilities,1,1,0.002681,1.584963,BK0117
rest,1,1,0.002681,1.584963,BK0048
restoration,1,1,0.002681,1.584963,BK0007
restored,1,1,0.002681,1.584963,BK0302
restores,1,1,0.002681,1.584963,BK0365
restraining,1,1,0.002681,1.584963,BK0004
restrict,1,1,0.002681,1.584963,BK0044
retain,1,1,0.002681,1.584963,BK0102
retaining,1,1,0.002681,1.584963,BK0280
retardation,1,1,0.002681,1.584963,BK0129
retards,1,1,0.002681,1.584963,BK0304
retargeted,1,1,0.002681,1.584963,BK0140
retinopathy,1,1,0.002681,1.584963,BK0138
retrieval,1,1,0.002681,1.584963,BK0356
retrograde,1,1,0.002681,1.584963,BK0078
retromer,1,1,0.002681,1.584963,BK0115
retrospectively,1,1,0.002681,1.584963,BK0023
retrotranslocation,1,1,0.002681,1.584963,BK0325
retrotransposons,1,1,0.002681,1.584963,BK0084
reverses,1,1,0.002681,1.584963,BK0104
revitalized,1,1,0.002681,1.584963,BK0295
revitalizes,1,1,0.002681,1.584963,BK0075
revived,1,1,0.002681,1.584963,BK0053
revolution,1,1,0.002681,1.584963,BK0199
rhesus,1,1,0.002681,1.584963,BK0217
rheumatology,1,1,0.002681,1.584963,BK0312
rhinoceroses,1,1,0.002681,1.584963,BK0199
rhipicephalus,1,1,0.002681,1.584963,BK0144
rho,1,1,0.002681,1.584963,BK0326
ribi,1,1,0.002681,1.584963,BK0217
ribonucleoprotein,1,1,0.002681,1.584963,BK0315
rigid,1,1,0.002681,1.584963,BK0187
rilp,1,1,0.002681,1.584963,BK0118
rings,1,1,0.002681,1.584963,BK0358
ripk2,1,1,0.002681,1.584963,BK0097
risks,1,1,0.002681,1.584963,BK0032
rival,1,1,0.002681,1.584963,BK0098
rmpeaappv,1,1,0.002681,1.584963,BK0155
robustness,1,1,0.002681,1.584963,BK0117
rodent,1,1,0.002681,1.584963,BK0197
roman,1,1,0.002681,1.584963,BK0111
root,1,1,0.002681,1.584963,BK0017
rotator,1,1,0.002681,1.584963,BK0150
route,1,1,0.002681,1.584963,BK0170
routed,1,1,0.002681,1.584963,BK0010
rpa,1,1,0.002681,1.584963,BK0071
rpl16,1,1,0.002681,1.584963,BK0264
rpl8,1,1,0.002681,1.584963,BK0264
rpmi8226,1,1,0.002681,1.584963,BK0342
runs,1,1,0.002681,1.584963,BK0074
ruptures,1,1,0.002681,1.584963,BK0149
s154,1,1,0.002681,1.584963,BK0191
s2056,1,1,0.002681,1.584963,BK0178
s23,1,1,0.002681,1.584963,BK0225
saccharides,1,1,0.002681,1.584963,BK0002
sacroiliitis,1,1,0.002681,1.584963,BK0255
safety,1,1,0.002681,1.584963,BK0364
saha,1,1,0.002681,1.584963,BK0251
salient,1,1,0.002681,1.584963,BK0238
salvaged,1,1,0.002681,1.584963,BK0201
sampling,1,1,0.002681,1.584963,BK0171
sapiens,1,1,0.002681,1.584963,BK0031
sarcopenic,1,1,0.002681,1.584963,BK0304
satiety,1,1,0.002681,1.584963,BK0101
satisfactory,1,1,0.002681,1.584963,BK0230
satisfy,1,1,0.002681,1.584963,BK0100
saturated,1,1,0.002681,1.584963,BK0094
scalable,1,1,0.002681,1.584963,BK0207
scan,1,1,0.002681,1.584963,BK0337
science,1,1,0.002681,1.584963,BK0223
sclcs,1,1,0.002681,1.584963,BK0019
scored,1,1,0.002681,1.584963,BK0206
scoring,1,1,0.002681,1.584963,BK0116
scratch,1,1,0.002681,1.584963,BK0236
sdcbp,1,1,0.002681,1.584963,BK0132
searching,1,1,0.002681,1.584963,BK0176
seconds,1,1,0.002681,1.584963,BK0130
secretes,1,1,0.002681,1.584963,BK0163
secretions,1,1,0.002681,1.584963,BK0098
secure,1,1,0.002681,1.584963,BK0183
seemed,1,1,0.002681,1.584963,BK0008
segment,1,1,0.002681,1.584963,BK0125
segregated,1,1,0.002681,1.584963,BK0102
segregation,1,1,0.002681,1.584963,BK0140
select,1,1,0.002681,1.584963,BK0362
selex,1,1,0.002681,1.584963,BK0246
semitropical,1,1,0.002681,1.584963,BK0199
senescence,1,1,0.002681,1.584963,BK0329
senp8,1,1,0.002681,1.584963,BK0354
sense,1,1,0.002681,1.584963,BK0071
sensitised,1,1,0.002681,1.584963,BK0203
sensitivities,1,1,0.002681,1.584963,BK0268
sensitization,1,1,0.002681,1.584963,BK0308
sensitize,1,1,0.002681,1.584963,BK0196
sensitized,1,1,0.002681,1.584963,BK0142
sensitizes,1,1,0.002681,1.584963,BK0065
sensors,1,1,0.002681,1.584963,BK0223
sentinel,1,1,0.002681,1.584963,BK0041
separates,1,1,0.002681,1.584963,BK0003
sequelae,1,1,0.002681,1.584963,BK0137
sequentially,1,1,0.002681,1.584963,BK0140
sequestering,1,1,0.002681,1.584963,BK0344
sequestosome,1,1,0.002681,1.584963,BK0111
serines,1,1,0.002681,1.584963,BK0265
seroconversion,1,1,0.002681,1.584963,BK0131
serodominant,1,1,0.002681,1.584963,BK0131
serologic,1,1,0.002681,1.584963,BK0128
seroreactive,1,1,0.002681,1.584963,BK0131
services,1,1,0.002681,1.584963,BK0124
serving,1,1,0.002681,1.584963,BK0136
seventh,1,1,0.002681,1.584963,BK0173
severity,1,1,0.002681,1.584963,BK0219
sexual,1,1,0.002681,1.584963,BK0106
sh3,1,1,0.002681,1.584963,BK0308
shares,1,1,0.002681,1.584963,BK0356
sharing,1,1,0.002681,1.584963,BK0181
sheds,1,1,0.002681,1.584963,BK0053
shieldin,1,1,0.002681,1.584963,BK0119
shifting,1,1,0.002681,1.584963,BK0057
shld1,1,1,0.002681,1.584963,BK0119
shld2,1,1,0.002681,1.584963,BK0119
shld3,1,1,0.002681,1.584963,BK0119
shortage,1,1,0.002681,1.584963,BK0174
shortened,1,1,0.002681,1.584963,BK0122
shortlisted,1,1,0.002681,1.584963,BK0189
shrinkage,1,1,0.002681,1.584963,BK0124
shunt,1,1,0.002681,1.584963,BK0208
shuttling,1,1,0.002681,1.584963,BK0245
sickle,1,1,0.002681,1.584963,BK0120
sign,1,1,0.002681,1.584963,BK0173
silenced,1,1,0.002681,1.584963,BK0163
similarities,1,1,0.002681,1.584963,BK0356
simplify,1,1,0.002681,1.584963,BK0140
simply,1,1,0.002681,1.584963,BK0144
simultaneously,1,1,0.002681,1.584963,BK0046
sirenians,1,1,0.002681,1.584963,BK0199
sirtinol,1,1,0.002681,1.584963,BK0104
sivsmm,1,1,0.002681,1.584963,BK0183
skewing,1,1,0.002681,1.584963,BK0341
skp1,1,1,0.002681,1.584963,BK0276
slater,1,1,0.002681,1.584963,BK0124
slb,1,1,0.002681,1.584963,BK0102
slc7,1,1,0.002681,1.584963,BK0001
sleep,1,1,0.002681,1.584963,BK0120
slide,1,1,0.002681,1.584963,BK0266
slight,1,1,0.002681,1.584963,BK0349
slowest,1,1,0.002681,1.584963,BK0051
smap,1,1,0.002681,1.584963,BK0089
snapshots,1,1,0.002681,1.584963,BK0275
snp,1,1,0.002681,1.584963,BK0221
society,1,1,0.002681,1.584963,BK0124
socs,1,1,0.002681,1.584963,BK0291
sod1,1,1,0.002681,1.584963,BK0329
sod2,1,1,0.002681,1.584963,BK0329
soft,1,1,0.002681,1.584963,BK0230
softer,1,1,0.002681,1.584963,BK0002
soleus,1,1,0.002681,1.584963,BK0351
solubilisation,1,1,0.002681,1.584963,BK0120
solubilization,1,1,0.002681,1.584963,BK0113
solubilized,1,1,0.002681,1.584963,BK0207
solved,1,1,0.002681,1.584963,BK0358
solvent,1,1,0.002681,1.584963,BK0222
solving,1,1,0.002681,1.584963,BK0115
somehow,1,1,0.002681,1.584963,BK0170
sonic,1,1,0.002681,1.584963,BK0048
soon,1,1,0.002681,1.584963,BK0349
sourceforge,1,1,0.002681,1.584963,BK0297
sows,1,1,0.002681,1.584963,BK0129
space,1,1,0.002681,1.584963,BK0156
span,1,1,0.002681,1.584963,BK0373
spare,1,1,0.002681,1.584963,BK0163
spatiotemporal,1,1,0.002681,1.584963,BK0118
spearman,1,1,0.002681,1.584963,BK0051
specialisation,1,1,0.002681,1.584963,BK0209
specialised,1,1,0.002681,1.584963,BK0090
specialization,1,1,0.002681,1.584963,BK0005
specified,1,1,0.002681,1.584963,BK0187
specimen,1,1,0.002681,1.584963,BK0266
spectometry,1,1,0.002681,1.584963,BK0185
spectrometrically,1,1,0.002681,1.584963,BK0199
speculate,1,1,0.002681,1.584963,BK0236
spermatozoa,1,1,0.002681,1.584963,BK0064
spermidine,1,1,0.002681,1.584963,BK0109
spermine,1,1,0.002681,1.584963,BK0109
spheroids,1,1,0.002681,1.584963,BK0095
spiked,1,1,0.002681,1.584963,BK0274
split,1,1,0.002681,1.584963,BK0003
spot,1,1,0.002681,1.584963,BK0131
spp,1,1,0.002681,1.584963,BK0120
spr,1,1,0.002681,1.584963,BK0064
spray,1,1,0.002681,1.584963,BK0241
springboard,1,1,0.002681,1.584963,BK0031
spxk,1,1,0.002681,1.584963,BK0280
squalene,1,1,0.002681,1.584963,BK0117
srcasm,1,1,0.002681,1.584963,BK0322
srm,1,1,0.002681,1.584963,BK0239
srsf1,1,1,0.002681,1.584963,BK0224
srsf11,1,1,0.002681,1.584963,BK0224
ssa,1,1,0.002681,1.584963,BK0026
stabilisation,1,1,0.002681,1.584963,BK0209
stabilised,1,1,0.002681,1.584963,BK0090
stacking,1,1,0.002681,1.584963,BK0140
staff,1,1,0.002681,1.584963,BK0297
staged,1,1,0.002681,1.584963,BK0063
stalk,1,1,0.002681,1.584963,BK0305
stalls,1,1,0.002681,1.584963,BK0074
standardised,1,1,0.002681,1.584963,BK0230
standards,1,1,0.002681,1.584963,BK0274
stands,1,1,0.002681,1.584963,BK0023
staphylococci,1,1,0.002681,1.584963,BK0230
static,1,1,0.002681,1.584963,BK0006
statistic,1,1,0.002681,1.584963,BK0124
statistics,1,1,0.002681,1.584963,BK0241
stay,1,1,0.002681,1.584963,BK0023
steadily,1,1,0.002681,1.584963,BK0171
steady,1,1,0.002681,1.584963,BK0269
stearate,1,1,0.002681,1.584963,BK0208
stearic,1,1,0.002681,1.584963,BK0043
stemness,1,1,0.002681,1.584963,BK0048
stereochemistry,1,1,0.002681,1.584963,BK0327
stereological,1,1,0.002681,1.584963,BK0171
stereoselectivity,1,1,0.002681,1.584963,BK0273
stereospecific,1,1,0.002681,1.584963,BK0250
steroids,1,1,0.002681,1.584963,BK0248
stimulatory,1,1,0.002681,1.584963,BK0163
sting,1,1,0.002681,1.584963,BK0085
stopped,1,1,0.002681,1.584963,BK0154
store,1,1,0.002681,1.584963,BK0117
storms,1,1,0.002681,1.584963,BK0058
strand,1,1,0.002681,1.584963,BK0293
strangest,1,1,0.002681,1.584963,BK0199
strategic,1,1,0.002681,1.584963,BK0117
stratification,1,1,0.002681,1.584963,BK0254
strengthened,1,1,0.002681,1.584963,BK0027
strengthens,1,1,0.002681,1.584963,BK0241
strepha,1,1,0.002681,1.584963,BK0212
streptococci,1,1,0.002681,1.584963,BK0172
streptococcus,1,1,0.002681,1.584963,BK0172
stresses,1,1,0.002681,1.584963,BK0268
stressing,1,1,0.002681,1.584963,BK0339
striated,1,1,0.002681,1.584963,BK0329
strictly,1,1,0.002681,1.584963,BK0371
stringency,1,1,0.002681,1.584963,BK0341
stringent,1,1,0.002681,1.584963,BK0205
stronger,1,1,0.002681,1.584963,BK0215
struthionidae,1,1,0.002681,1.584963,BK0188
submicromolar,1,1,0.002681,1.584963,BK0087
subnanomolar,1,1,0.002681,1.584963,BK0041
substance,1,1,0.002681,1.584963,BK0173
substantia,1,1,0.002681,1.584963,BK0177
substantiate,1,1,0.002681,1.584963,BK0330
substitution,1,1,0.002681,1.584963,BK0357
subtractive,1,1,0.002681,1.584963,BK0372
successive,1,1,0.002681,1.584963,BK0106
succino,1,1,0.002681,1.584963,BK0229
succinocysteine,1,1,0.002681,1.584963,BK0237
succinyl,1,1,0.002681,1.584963,BK0271
succumb,1,1,0.002681,1.584963,BK0131
suffer,1,1,0.002681,1.584963,BK0109
suggestion,1,1,0.002681,1.584963,BK0241
suggestive,1,1,0.002681,1.584963,BK0050
suicide,1,1,0.002681,1.584963,BK0307
sulfate,1,1,0.002681,1.584963,BK0337
sulfones,1,1,0.002681,1.584963,BK0364
sulfoxide,1,1,0.002681,1.584963,BK0078
sulphone,1,1,0.002681,1.584963,BK0357
summarize,1,1,0.002681,1.584963,BK0173
summarizes,1,1,0.002681,1.584963,BK0174
sumo1,1,1,0.002681,1.584963,BK0212
sumoylated,1,1,0.002681,1.584963,BK0152
super,1,1,0.002681,1.584963,BK0291
superior,1,1,0.002681,1.584963,BK0215
supernatant,1,1,0.002681,1.584963,BK0120
supplementing,1,1,0.002681,1.584963,BK0203
suppressors,1,1,0.002681,1.584963,BK0344
surfaces,1,1,0.002681,1.584963,BK0188
surgically,1,1,0.002681,1.584963,BK0311
surmised,1,1,0.002681,1.584963,BK0259
surrounded,1,1,0.002681,1.584963,BK0089
surveyed,1,1,0.002681,1.584963,BK0186
surveys,1,1,0.002681,1.584963,BK0249
surviving,1,1,0.002681,1.584963,BK0188
sustain,1,1,0.002681,1.584963,BK0072
sv40,1,1,0.002681,1.584963,BK0372
swapping,1,1,0.002681,1.584963,BK0213
swedish,1,1,0.002681,1.584963,BK0181
swelling,1,1,0.002681,1.584963,BK0118
swmed,1,1,0.002681,1.584963,BK0222
syk,1,1,0.002681,1.584963,BK0108
synergistic,1,1,0.002681,1.584963,BK0251
synergy,1,1,0.002681,1.584963,BK0283
synovium,1,1,0.002681,1.584963,BK0311
syntaxin,1,1,0.002681,1.584963,BK0149
syntenin,1,1,0.002681,1.584963,BK0210
synthesize,1,1,0.002681,1.584963,BK0059
synthetase,1,1,0.002681,1.584963,BK0059
synthetically,1,1,0.002681,1.584963,BK0364
systematics,1,1,0.002681,1.584963,BK0199
systemically,1,1,0.002681,1.584963,BK0032
syt2,1,1,0.002681,1.584963,BK0134
t15,1,1,0.002681,1.584963,BK0049
tailor,1,1,0.002681,1.584963,BK0106
takes,1,1,0.002681,1.584963,BK0226
talopyranose,1,1,0.002681,1.584963,BK0166
tamoxifen,1,1,0.002681,1.584963,BK0077
tanzania,1,1,0.002681,1.584963,BK0188
tapirs,1,1,0.002681,1.584963,BK0199
taps,1,1,0.002681,1.584963,BK0361
tar,1,1,0.002681,1.584963,BK0020
targetable,1,1,0.002681,1.584963,BK0095
tau,1,1,0.002681,1.584963,BK0013
taxa,1,1,0.002681,1.584963,BK0199
taxon,1,1,0.002681,1.584963,BK0199
taxonomically,1,1,0.002681,1.584963,BK0086
tbk1,1,1,0.002681,1.584963,BK0097
tcrs,1,1,0.002681,1.584963,BK0015
tearing,1,1,0.002681,1.584963,BK0150
tears,1,1,0.002681,1.584963,BK0150
technical,1,1,0.002681,1.584963,BK0053
technocomplex,1,1,0.002681,1.584963,BK0185
telangiectasia,1,1,0.002681,1.584963,BK0320
telomeres,1,1,0.002681,1.584963,BK0119
temperate,1,1,0.002681,1.584963,BK0199
temporal,1,1,0.002681,1.584963,BK0068
tending,1,1,0.002681,1.584963,BK0098
tendinopathy,1,1,0.002681,1.584963,BK0150
tentacles,1,1,0.002681,1.584963,BK0358
tep,1,1,0.002681,1.584963,BK0356
ter119,1,1,0.002681,1.584963,BK0300
term,1,1,0.002681,1.584963,BK0263
terminate,1,1,0.002681,1.584963,BK0226
termini,1,1,0.002681,1.584963,BK0355
ternary,1,1,0.002681,1.584963,BK0250
tertiary,1,1,0.002681,1.584963,BK0292
tests,1,1,0.002681,1.584963,BK0241
tether,1,1,0.002681,1.584963,BK0110
tethering,1,1,0.002681,1.584963,BK0278
tetramer,1,1,0.002681,1.584963,BK0341
tetraspanins,1,1,0.002681,1.584963,BK0102
texts,1,1,0.002681,1.584963,BK0238
th1,1,1,0.002681,1.584963,BK0015
th17,1,1,0.002681,1.584963,BK0182
th2,1,1,0.002681,1.584963,BK0072
theoretical,1,1,0.002681,1.584963,BK0106
theories,1,1,0.002681,1.584963,BK0086
theory,1,1,0.002681,1.584963,BK0106
therapeutically,1,1,0.002681,1.584963,BK0048
thermal,1,1,0.002681,1.584963,BK0188
thioester,1,1,0.002681,1.584963,BK0141
thiophosphorylate,1,1,0.002681,1.584963,BK0290
thioredoxin,1,1,0.002681,1.584963,BK0148
thoracic,1,1,0.002681,1.584963,BK0198
thoroughly,1,1,0.002681,1.584963,BK0285
thr1,1,1,0.002681,1.584963,BK0360
threat,1,1,0.002681,1.584963,BK0106
threonine,1,1,0.002681,1.584963,BK0348
threshold,1,1,0.002681,1.584963,BK0092
thresholds,1,1,0.002681,1.584963,BK0190
thymocyte,1,1,0.002681,1.584963,BK0072
titre,1,1,0.002681,1.584963,BK0289
tls,1,1,0.002681,1.584963,BK0317
tmds,1,1,0.002681,1.584963,BK0117
tmed1,1,1,0.002681,1.584963,BK0085
tmed10,1,1,0.002681,1.584963,BK0134
tmem33,1,1,0.002681,1.584963,BK0085
tmem43,1,1,0.002681,1.584963,BK0085
tnbc,1,1,0.002681,1.584963,BK0132
today,1,1,0.002681,1.584963,BK0199
tolerated,1,1,0.002681,1.584963,BK0251
tom20,1,1,0.002681,1.584963,BK0092
tonic,1,1,0.002681,1.584963,BK0017
topic,1,1,0.002681,1.584963,BK0066
topographic,1,1,0.002681,1.584963,BK0039
tourniquet,1,1,0.002681,1.584963,BK0088
tox,1,1,0.002681,1.584963,BK0007
toxicities,1,1,0.002681,1.584963,BK0251
tpa1,1,1,0.002681,1.584963,BK0223
tpm4,1,1,0.002681,1.584963,BK0209
tpr,1,1,0.002681,1.584963,BK0203
traces,1,1,0.002681,1.584963,BK0099
track,1,1,0.002681,1.584963,BK0346
tracts,1,1,0.002681,1.584963,BK0114
traditionally,1,1,0.002681,1.584963,BK0013
traffics,1,1,0.002681,1.584963,BK0170
trail,1,1,0.002681,1.584963,BK0260
train,1,1,0.002681,1.584963,BK0003
trained,1,1,0.002681,1.584963,BK0003
trait,1,1,0.002681,1.584963,BK0213
transcript,1,1,0.002681,1.584963,BK0011
transcriptomes,1,1,0.002681,1.584963,BK0221
transduce,1,1,0.002681,1.584963,BK0301
transfected,1,1,0.002681,1.584963,BK0331
transferase,1,1,0.002681,1.584963,BK0094
transformations,1,1,0.002681,1.584963,BK0187
translate,1,1,0.002681,1.584963,BK0247
translates,1,1,0.002681,1.584963,BK0050
translocates,1,1,0.002681,1.584963,BK0182
transmitting,1,1,0.002681,1.584963,BK0135
transplanted,1,1,0.002681,1.584963,BK0052
transportable,1,1,0.002681,1.584963,BK0144
transwell,1,1,0.002681,1.584963,BK0036
trapping,1,1,0.002681,1.584963,BK0316
tree,1,1,0.002681,1.584963,BK0199
triacylglycerol,1,1,0.002681,1.584963,BK0094
triacylglycerols,1,1,0.002681,1.584963,BK0094
triage,1,1,0.002681,1.584963,BK0116
tricarboxylic,1,1,0.002681,1.584963,BK0112
trifunctional,1,1,0.002681,1.584963,BK0303
triggering,1,1,0.002681,1.584963,BK0326
trim25,1,1,0.002681,1.584963,BK0054
trimethylated,1,1,0.002681,1.584963,BK0309
trimethylation,1,1,0.002681,1.584963,BK0190
tripartite,1,1,0.002681,1.584963,BK0246
tripeptides,1,1,0.002681,1.584963,BK0248
tripeptidylpeptidase,1,1,0.002681,1.584963,BK0365
triply,1,1,0.002681,1.584963,BK0313
tropomodulin,1,1,0.002681,1.584963,BK0209
tropomyosins,1,1,0.002681,1.584963,BK0209
troponin,1,1,0.002681,1.584963,BK0149
trp53,1,1,0.002681,1.584963,BK0261
true,1,1,0.002681,1.584963,BK0370
tsgxxs,1,1,0.002681,1.584963,BK0146
tuberous,1,1,0.002681,1.584963,BK0247
tubes,1,1,0.002681,1.584963,BK0186
tubule,1,1,0.002681,1.584963,BK0164
tudor,1,1,0.002681,1.584963,BK0233
tuims,1,1,0.002681,1.584963,BK0193
tumoral,1,1,0.002681,1.584963,BK0132
tuned,1,1,0.002681,1.584963,BK0073
tuning,1,1,0.002681,1.584963,BK0286
typify,1,1,0.002681,1.584963,BK0013
tyr48,1,1,0.002681,1.584963,BK0366
tyr50,1,1,0.002681,1.584963,BK0366
u266,1,1,0.002681,1.584963,BK0342
uba1,1,1,0.002681,1.584963,BK0082
uba6,1,1,0.002681,1.584963,BK0041
ubicrest,1,1,0.002681,1.584963,BK0073
ubiquilin,1,1,0.002681,1.584963,BK0055
ubiquitinome,1,1,0.002681,1.584963,BK0077
ubiquitins,1,1,0.002681,1.584963,BK0193
ubiquitous,1,1,0.002681,1.584963,BK0273
ubiquity,1,1,0.002681,1.584963,BK0206
ubiquitylate,1,1,0.002681,1.584963,BK0318
ubiquitylome,1,1,0.002681,1.584963,BK0092
ubps,1,1,0.002681,1.584963,BK0363
ubxd8,1,1,0.002681,1.584963,BK0228
uchs,1,1,0.002681,1.584963,BK0363
uim,1,1,0.002681,1.584963,BK0193
ukb,1,1,0.002681,1.584963,BK0017
ulk,1,1,0.002681,1.584963,BK0060
ultrastructurally,1,1,0.002681,1.584963,BK0362
unable,1,1,0.002681,1.584963,BK0072
unambiguous,1,1,0.002681,1.584963,BK0205
unambiguously,1,1,0.002681,1.584963,BK0324
unannotated,1,1,0.002681,1.584963,BK0352
unavailability,1,1,0.002681,1.584963,BK0157
uncaging,1,1,0.002681,1.584963,BK0006
uncharted,1,1,0.002681,1.584963,BK0131
uncomplicated,1,1,0.002681,1.584963,BK0266
unconvincing,1,1,0.002681,1.584963,BK0199
uncovering,1,1,0.002681,1.584963,BK0295
undefined,1,1,0.002681,1.584963,BK0242
underestimated,1,1,0.002681,1.584963,BK0289
undergone,1,1,0.002681,1.584963,BK0230
underlines,1,1,0.002681,1.584963,BK0267
underpin,1,1,0.002681,1.584963,BK0112
underpinned,1,1,0.002681,1.584963,BK0057
underpinning,1,1,0.002681,1.584963,BK0048
underscored,1,1,0.002681,1.584963,BK0138
underscores,1,1,0.002681,1.584963,BK0005
underscoring,1,1,0.002681,1.584963,BK0348
understudied,1,1,0.002681,1.584963,BK0004
undertaking,1,1,0.002681,1.584963,BK0017
undocumented,1,1,0.002681,1.584963,BK0123
undruggable,1,1,0.002681,1.584963,BK0165
unexplored,1,1,0.002681,1.584963,BK0211
unexposed,1,1,0.002681,1.584963,BK0080
unhealthy,1,1,0.002681,1.584963,BK0200
unidentified,1,1,0.002681,1.584963,BK0124
uniform,1,1,0.002681,1.584963,BK0171
unigene,1,1,0.002681,1.584963,BK0159
uninformative,1,1,0.002681,1.584963,BK0185
unintended,1,1,0.002681,1.584963,BK0195
uniqueness,1,1,0.002681,1.584963,BK0012
unit,1,1,0.002681,1.584963,BK0346
university,1,1,0.002681,1.584963,BK0292
unleashes,1,1,0.002681,1.584963,BK0004
unless,1,1,0.002681,1.584963,BK0168
unliganded,1,1,0.002681,1.584963,BK0183
unmatched,1,1,0.002681,1.584963,BK0159
unmated,1,1,0.002681,1.584963,BK0114
unraveled,1,1,0.002681,1.584963,BK0049
unrelated,1,1,0.002681,1.584963,BK0199
unrestricted,1,1,0.002681,1.584963,BK0119
unsaturated,1,1,0.002681,1.584963,BK0087
unselected,1,1,0.002681,1.584963,BK0271
unspecific,1,1,0.002681,1.584963,BK0087
unstructured,1,1,0.002681,1.584963,BK0205
unsuccessful,1,1,0.002681,1.584963,BK0199
untargeted,1,1,0.002681,1.584963,BK0208
untimely,1,1,0.002681,1.584963,BK0041
untranslated,1,1,0.002681,1.584963,BK0053
untreated,1,1,0.002681,1.584963,BK0032
unveils,1,1,0.002681,1.584963,BK0291
urgent,1,1,0.002681,1.584963,BK0197
uridine,1,1,0.002681,1.584963,BK0201
uroguanylin,1,1,0.002681,1.584963,BK0101
urologic,1,1,0.002681,1.584963,BK0281
us10,1,1,0.002681,1.584963,BK0074
usa,1,1,0.002681,1.584963,BK0173
usable,1,1,0.002681,1.584963,BK0241
usp13,1,1,0.002681,1.584963,BK0103
usp19,1,1,0.002681,1.584963,BK0028
usp2,1,1,0.002681,1.584963,BK0033
usp25,1,1,0.002681,1.584963,BK0076
utilised,1,1,0.002681,1.584963,BK0012
utilising,1,1,0.002681,1.584963,BK0011
utilization,1,1,0.002681,1.584963,BK0104
utilize,1,1,0.002681,1.584963,BK0094
uveitis,1,1,0.002681,1.584963,BK0255
vaccination,1,1,0.002681,1.584963,BK0015
validating,1,1,0.002681,1.584963,BK0164
valosin,1,1,0.002681,1.584963,BK0020
vap1,1,1,0.002681,1.584963,BK0078
variably,1,1,0.002681,1.584963,BK0020
varies,1,1,0.002681,1.584963,BK0222
vary,1,1,0.002681,1.584963,BK0106
varying,1,1,0.002681,1.584963,BK0168
vasoconstriction,1,1,0.002681,1.584963,BK0075
vbeta,1,1,0.002681,1.584963,BK0366
vdac,1,1,0.002681,1.584963,BK0303
vdac1,1,1,0.002681,1.584963,BK0303
vdacs,1,1,0.002681,1.584963,BK0303
vectored,1,1,0.002681,1.584963,BK0204
verification,1,1,0.002681,1.584963,BK0038
versatility,1,1,0.002681,1.584963,BK0234
versican,1,1,0.002681,1.584963,BK0124
vietnam,1,1,0.002681,1.584963,BK0093
viewpoint,1,1,0.002681,1.584963,BK0248
views,1,1,0.002681,1.584963,BK0152
virally,1,1,0.002681,1.584963,BK0372
viremia,1,1,0.002681,1.584963,BK0298
virgin,1,1,0.002681,1.584963,BK0114
visualize,1,1,0.002681,1.584963,BK0189
vital,1,1,0.002681,1.584963,BK0173
vitamins,1,1,0.002681,1.584963,BK0248
vitrification,1,1,0.002681,1.584963,BK0006
vitrobot,1,1,0.002681,1.584963,BK0006
vitronectin,1,1,0.002681,1.584963,BK0263
vl9,1,1,0.002681,1.584963,BK0010
vogelstein,1,1,0.002681,1.584963,BK0036
voltage,1,1,0.002681,1.584963,BK0303
volunteers,1,1,0.002681,1.584963,BK0186
votus,1,1,0.002681,1.584963,BK0213
vulnerabilities,1,1,0.002681,1.584963,BK0107
w50,1,1,0.002681,1.584963,BK0163
wasteful,1,1,0.002681,1.584963,BK0168
waters,1,1,0.002681,1.584963,BK0312
wave,1,1,0.002681,1.584963,BK0298
waves,1,1,0.002681,1.584963,BK0015
weaker,1,1,0.002681,1.584963,BK0367
web,1,1,0.002681,1.584963,BK0297
week,1,1,0.002681,1.584963,BK0362
wfdc2,1,1,0.002681,1.584963,BK0101
wherein,1,1,0.002681,1.584963,BK0360
wild,1,1,0.002681,1.584963,BK0242
willebrand,1,1,0.002681,1.584963,BK0373
window,1,1,0.002681,1.584963,BK0201
wingless,1,1,0.002681,1.584963,BK0048
wish,1,1,0.002681,1.584963,BK0274
wished,1,1,0.002681,1.584963,BK0255
working,1,1,0.002681,1.584963,BK0041
world,1,1,0.002681,1.584963,BK0219
worthy,1,1,0.002681,1.584963,BK0241
wound,1,1,0.002681,1.584963,BK0003
writer,1,1,0.002681,1.584963,BK0238
writers,1,1,0.002681,1.584963,BK0067
wrote,1,1,0.002681,1.584963,BK0139
xb130,1,1,0.002681,1.584963,BK0322
xenogeneic,1,1,0.002681,1.584963,BK0260
xenotransplantation,1,1,0.002681,1.584963,BK0260
xii,1,1,0.002681,1.584963,BK0373
y108,1,1,0.002681,1.584963,BK0310
y487,1,1,0.002681,1.584963,BK0291
yearly,1,1,0.002681,1.584963,BK0266
yields,1,1,0.002681,1.584963,BK0343
yod1,1,1,0.002681,1.584963,BK0055
yopo,1,1,0.002681,1.584963,BK0306
youth,1,1,0.002681,1.584963,BK0171
yy1,1,1,0.002681,1.584963,BK0084
zooarchaeology,1,1,0.002681,1.584963,BK0185
zooms,1,1,0.002681,1.584963,BK0185
zranb1,1,1,0.002681,1.584963,BK0073
zygotes,1,1,0.002681,1.584963,BK0129
